method,seed_num,num_sims,E_activated_users,variance,std_deviation,avg_steps,total_steps,E_redemptions,comprehensive_score,usage_rate,random_dirichlet,degree_exponent_succ,degree_exponent_dis,degree_exponent_tran
random,136,500,30.976,19.495424,4.415362272792573,2.6346764705882353,358.316,33.502,68.07060000000001,0.24633823529411766,"[10, 10, 10]",-0.5,0.8,0.0
degreeTopM,136,500,23.912,17.020256,4.125561295145183,2.4808823529411765,337.40000000000003,25.224,58.308,0.1854705882352941,"[10, 10, 10]",-0.5,0.8,0.0
pageRank,136,500,25.04,18.166400000000003,4.262206001591196,2.514014705882353,341.906,26.484,59.952600000000004,0.19473529411764706,"[10, 10, 10]",-0.5,0.8,0.0
alpha_sort,136,500,38.644,26.081264000000004,5.10698188757313,2.572455882352941,349.854,40.668,74.6414,0.2990294117647059,"[10, 10, 10]",-0.5,0.8,0.0
ris_optimized,136,500,39.648,27.636096,5.257004470228268,2.6795294117647055,364.41599999999994,42.362,77.44659999999999,0.3114852941176471,"[10, 10, 10]",-0.5,0.8,0.0
1hop_sort,136,500,39.258,21.807436000000003,4.66984325218738,2.5750294117647052,350.2039999999999,42.272,75.78539999999998,0.3108235294117647,"[10, 10, 10]",-0.5,0.8,0.0
