method,seed_num,num_sims,E_activated_users,variance,std_deviation,avg_steps,total_steps,E_redemptions,comprehensive_score,usage_rate,random_dirichlet,degree_exponent_succ,degree_exponent_dis,degree_exponent_tran
random,124,500,25.22,17.0556,4.129842612013198,2.735661290322581,339.22200000000004,26.964,60.0142,0.2174516129032258,"[10, 10, 10]",-0.5,0.8,0.0
degreeTopM,124,500,19.832,15.115776,3.8879012333134186,2.5124032258064517,311.538,20.788,51.463800000000006,0.1676451612903226,"[10, 10, 10]",-0.5,0.8,0.0
pageRank,124,500,20.76,16.526400000000002,4.0652675188725285,2.553467741935484,316.63000000000005,21.692,52.88900000000001,0.17493548387096775,"[10, 10, 10]",-0.5,0.8,0.0
alpha_sort,124,500,34.33,24.025100000000002,4.901540574146051,2.6648225806451613,330.438,36.034,68.22579999999999,0.2905967741935484,"[10, 10, 10]",-0.5,0.8,0.0
ris_optimized,124,500,35.376,23.810624,4.879613099416797,2.7863064516129032,345.502,37.634,71.0552,0.3035,"[10, 10, 10]",-0.5,0.8,0.0
1hop_sort,124,500,35.14,23.7364,4.872001642035848,2.718951612903225,337.1499999999999,37.86,70.215,0.30532258064516127,"[10, 10, 10]",-0.5,0.8,0.0
