method,seed_num,num_sims,E_activated_users,variance,std_deviation,avg_steps,total_steps,E_redemptions,comprehensive_score,usage_rate,random_dirichlet,degree_exponent_succ,degree_exponent_dis,degree_exponent_tran
random,100,500,21.552,14.539295999999998,3.8130428793812428,2.6311,263.11,22.882,48.528000000000006,0.22882000000000002,"[10, 10, 10]",-0.5,0.8,0.0
degreeTopM,100,500,16.51,12.3219,3.510256400891536,2.3973,239.73,17.338,40.897,0.17338,"[10, 10, 10]",-0.5,0.8,0.0
pageRank,100,500,17.004,14.575984,3.817850704257567,2.45936,245.93600000000004,17.582,41.8866,0.17582,"[10, 10, 10]",-0.5,0.8,0.0
alpha_sort,100,500,29.868,20.606576,4.539446662314693,2.53018,253.018,30.94,55.705799999999996,0.3094,"[10, 10, 10]",-0.5,0.8,0.0
ris_optimized,100,500,30.3,20.914,4.573182699171333,2.6438,264.38,31.446,57.31100000000001,0.31446,"[10, 10, 10]",-0.5,0.8,0.0
1hop_sort,100,500,30.232,20.914176,4.57320194174716,2.5643200000000004,256.432,31.76,56.6392,0.3176,"[10, 10, 10]",-0.5,0.8,0.0
