method,seed_num,num_sims,E_activated_users,variance,std_deviation,avg_steps,total_steps,E_redemptions,comprehensive_score,usage_rate,random_dirichlet,degree_exponent_succ,degree_exponent_dis,degree_exponent_tran
random,112,500,23.144,15.567264000000003,3.945537225778006,2.6468571428571432,296.44800000000004,24.37,53.4018,0.21758928571428574,"[10, 10, 10]",-0.5,0.8,0.0
degreeTopM,112,500,17.796,12.782384000000002,3.575246005521858,2.3624285714285715,264.592,18.58,44.6472,0.16589285714285712,"[10, 10, 10]",-0.5,0.8,0.0
pageRank,112,500,18.042,13.228236,3.63706420069814,2.415392857142857,270.524,18.74,45.4434,0.16732142857142857,"[10, 10, 10]",-0.5,0.8,0.0
alpha_sort,112,500,31.98,19.847600000000003,4.455064533763793,2.5702857142857143,287.872,33.438,61.4962,0.2985535714285715,"[10, 10, 10]",-0.5,0.8,0.0
ris_optimized,112,500,32.66,20.616400000000002,4.540528603587913,2.6628571428571433,298.24000000000007,34.456,63.382000000000005,0.30764285714285716,"[10, 10, 10]",-0.5,0.8,0.0
1hop_sort,112,500,32.074,18.484523999999997,4.299363208662418,2.571875,288.05,34.344,62.01400000000001,0.30664285714285716,"[10, 10, 10]",-0.5,0.8,0.0
