method,seed_num,num_sims,E_activated_users,variance,std_deviation,avg_steps,total_steps,E_redemptions,comprehensive_score,usage_rate,random_dirichlet,degree_exponent_succ,degree_exponent_dis,degree_exponent_tran
random,148,500,32.024,20.511423999999998,4.528953963113336,2.723635135135135,403.09799999999996,34.828,73.7358,0.23532432432432435,"[10, 10, 10]",-0.5,0.8,0.0
degreeTopM,148,500,23.93,16.937099999999997,4.115470811462523,2.5815405405405403,382.068,25.142,62.7428,0.16987837837837838,"[10, 10, 10]",-0.5,0.8,0.0
pageRank,148,500,25.538,18.392555999999995,4.288654334403741,2.576,381.248,26.948,64.3678,0.1820810810810811,"[10, 10, 10]",-0.5,0.8,0.0
alpha_sort,148,500,41.69,26.673899999999996,5.164678111944634,2.6332972972972977,389.72800000000007,44.354,81.9948,0.2996891891891892,"[10, 10, 10]",-0.5,0.8,0.0
ris_optimized,148,500,42.278,29.168716,5.40080697673968,2.7005945945945946,399.688,45.518,83.8668,0.30755405405405406,"[10, 10, 10]",-0.5,0.8,0.0
1hop_sort,148,500,41.426,23.636524,4.861740840480907,2.603351351351351,385.29599999999994,45.368,81.92660000000001,0.30654054054054053,"[10, 10, 10]",-0.5,0.8,0.0
