method,seed_num,num_sims,E_activated_users,variance,std_deviation,avg_steps,total_steps,E_redemptions,comprehensive_score,usage_rate,random_dirichlet,degree_exponent_succ,degree_exponent_dis,degree_exponent_tran
random,250,500,166.508,52.457936000000004,7.242785099669878,3.1982799999999996,799.5699999999999,169.226,247.824,0.676904,"[10, 10, 10]",-0.5,0.8,0.0
degreeTopM,250,500,87.264,55.350304,7.439778491326203,2.268648,567.162,88.334,144.51520000000002,0.35333600000000004,"[10, 10, 10]",-0.5,0.8,0.0
pageRank,250,500,88.938,57.114156,7.5573908195884645,2.2864560000000003,571.614,89.984,146.6224,0.359936,"[10, 10, 10]",-0.5,0.8,0.0
alpha_sort,250,500,168.664,57.26310399999999,7.5672388623592415,2.1406639999999997,535.1659999999999,170.61,223.15359999999998,0.68244,"[10, 10, 10]",-0.5,0.8,0.0
ris_optimized,250,500,177.174,45.287724000000004,6.729615442207675,3.3741440000000003,843.5360000000001,180.314,263.0976,0.721256,"[10, 10, 10]",-0.5,0.8,0.0
1hop_sort,250,500,168.134,54.67204399999999,7.394054638694523,2.158432,539.608,171.202,223.6288,0.684808,"[10, 10, 10]",-0.5,0.8,0.0
