method,seed_num,num_sims,E_activated_users,variance,std_deviation,avg_steps,total_steps,E_redemptions,comprehensive_score,usage_rate,random_dirichlet,degree_exponent_succ,degree_exponent_dis,degree_exponent_tran
random,100,500,67.96,25.4864,5.048405688927941,3.1969000000000003,319.69000000000005,68.416,100.157,0.68416,"[10, 10, 10]",-0.5,0.8,0.0
degreeTopM,100,500,35.426,21.428524000000003,4.629095375988705,2.2801400000000003,228.01400000000004,35.622,58.3254,0.35622,"[10, 10, 10]",-0.5,0.8,0.0
pageRank,100,500,35.354,21.712684,4.659687113959477,2.2732200000000002,227.32200000000003,35.554,58.18620000000001,0.35554,"[10, 10, 10]",-0.5,0.8,0.0
alpha_sort,100,500,68.286,20.276203999999996,4.502910614258293,2.11646,211.64600000000002,68.566,89.59060000000001,0.68566,"[10, 10, 10]",-0.5,0.8,0.0
ris_optimized,100,500,71.364,22.379504,4.730698045743355,3.38246,338.246,71.804,105.4086,0.71804,"[10, 10, 10]",-0.5,0.8,0.0
1hop_sort,100,500,67.82,22.719599999999996,4.766508155872598,2.1298199999999996,212.98199999999997,68.646,89.5312,0.68646,"[10, 10, 10]",-0.5,0.8,0.0
