method,seed_num,num_sims,E_activated_users,variance,std_deviation,avg_steps,total_steps,E_redemptions,comprehensive_score,usage_rate,random_dirichlet,degree_exponent_succ,degree_exponent_dis,degree_exponent_tran
random,75,500,49.48,15.7336,3.9665602226614434,3.22696,242.022,49.744,73.8142,0.6632533333333334,"[10, 10, 10]",-0.5,0.8,0.0
degreeTopM,75,500,26.892,17.188336,4.1458818121118695,2.294906666666667,172.11800000000002,27.018,44.1668,0.36024,"[10, 10, 10]",-0.5,0.8,0.0
pageRank,75,500,26.864,16.881504,4.10871074669415,2.2848533333333334,171.364,27.0,44.068400000000004,0.36,"[10, 10, 10]",-0.5,0.8,0.0
alpha_sort,75,500,51.456,14.984063999999998,3.87092547073694,2.1112266666666666,158.34199999999998,51.616,67.3702,0.6882133333333333,"[10, 10, 10]",-0.5,0.8,0.0
ris_optimized,75,500,53.546,14.231884,3.77251693170488,3.4220266666666666,256.652,53.828,79.3522,0.7177066666666667,"[10, 10, 10]",-0.5,0.8,0.0
1hop_sort,75,500,51.322,14.198316,3.768065286058616,2.1287200000000004,159.65400000000002,51.852,67.5524,0.69136,"[10, 10, 10]",-0.5,0.8,0.0
