method,seed_num,num_sims,E_activated_users,variance,std_deviation,avg_steps,total_steps,E_redemptions,comprehensive_score,usage_rate,random_dirichlet,degree_exponent_succ,degree_exponent_dis,degree_exponent_tran
random,225,500,151.554,44.751084000000006,6.689625101603228,3.21304,722.934,153.678,224.9094,0.6830133333333334,"[10, 10, 10]",-0.5,0.8,0.0
degreeTopM,225,500,79.46,53.7244,7.329693035864462,2.2849777777777778,514.12,80.364,131.324,0.35717333333333334,"[10, 10, 10]",-0.5,0.8,0.0
pageRank,225,500,80.45,50.4395,7.102077160943832,2.295982222222222,516.5959999999999,81.402,132.5856,0.36178666666666665,"[10, 10, 10]",-0.5,0.8,0.0
alpha_sort,225,500,151.932,47.483376,6.890818238787031,2.1474044444444442,483.16599999999994,153.354,200.9596,0.6815733333333334,"[10, 10, 10]",-0.5,0.8,0.0
ris_optimized,225,500,159.198,41.366795999999994,6.4317024184892135,3.3915377777777778,763.096,161.72,236.7686,0.7187555555555556,"[10, 10, 10]",-0.5,0.8,0.0
1hop_sort,225,500,152.04,46.0744,6.78781260790249,2.1658844444444445,487.324,154.634,202.0694,0.6872622222222221,"[10, 10, 10]",-0.5,0.8,0.0
