method,seed_num,num_sims,E_activated_users,variance,std_deviation,avg_steps,total_steps,E_redemptions,comprehensive_score,usage_rate,random_dirichlet,degree_exponent_succ,degree_exponent_dis,degree_exponent_tran
random,50,500,33.542,11.548236000000001,3.398269559643555,3.14968,157.484,33.622,49.330400000000004,0.67244,"[10, 10, 10]",-0.5,0.8,0.0
degreeTopM,50,500,18.18,12.0796,3.4755718953864267,2.32016,116.008,18.228,29.8048,0.36456000000000005,"[10, 10, 10]",-0.5,0.8,0.0
pageRank,50,500,18.144,12.519264000000002,3.538257198113218,2.32068,116.03399999999999,18.2,29.775399999999998,0.364,"[10, 10, 10]",-0.5,0.8,0.0
alpha_sort,50,500,34.918,10.167276000000001,3.1886166279438486,2.10996,105.498,34.994,45.50580000000001,0.69988,"[10, 10, 10]",-0.5,0.8,0.0
ris_optimized,50,500,36.354,10.192683999999998,3.1925983148526527,3.48824,174.41199999999998,36.484,53.86019999999999,0.72968,"[10, 10, 10]",-0.5,0.8,0.0
1hop_sort,50,500,34.486,10.053804,3.170773407230482,2.1053999999999995,105.26999999999998,34.73,45.135,0.6945999999999999,"[10, 10, 10]",-0.5,0.8,0.0
