method,seed_num,num_sims,E_activated_users,variance,std_deviation,avg_steps,total_steps,E_redemptions,comprehensive_score,usage_rate,random_dirichlet,degree_exponent_succ,degree_exponent_dis,degree_exponent_tran
random,200,500,134.512,44.421856,6.664972318022033,3.2326299999999994,646.5259999999998,136.262,200.0396,0.68131,"[10, 10, 10]",-0.5,0.8,0.0
degreeTopM,200,500,70.262,45.561355999999996,6.749915258727327,2.26796,453.592,70.964,115.9722,0.35481999999999997,"[10, 10, 10]",-0.5,0.8,0.0
pageRank,200,500,70.902,46.604396,6.826741243082236,2.2758499999999997,455.16999999999996,71.618,116.77699999999999,0.35808999999999996,"[10, 10, 10]",-0.5,0.8,0.0
alpha_sort,200,500,135.136,44.885504,6.699664469210379,2.1226400000000005,424.52800000000013,136.264,178.1528,0.68132,"[10, 10, 10]",-0.5,0.8,0.0
ris_optimized,200,500,141.788,43.271055999999994,6.578073882224188,3.39596,679.192,143.786,210.70620000000002,0.71893,"[10, 10, 10]",-0.5,0.8,0.0
1hop_sort,200,500,134.726,40.050924,6.328579935498959,2.1438999999999995,428.7799999999999,136.816,178.649,0.68408,"[10, 10, 10]",-0.5,0.8,0.0
