method,seed_num,num_sims,E_activated_users,variance,std_deviation,avg_steps,total_steps,E_redemptions,comprehensive_score,usage_rate,random_dirichlet,degree_exponent_succ,degree_exponent_dis,degree_exponent_tran
random,150,500,100.368,30.124576,5.488585974547543,3.140093333333333,471.01399999999995,101.27,147.92039999999997,0.6751333333333333,"[10, 10, 10]",-0.5,0.8,0.0
degreeTopM,150,500,53.376,36.130624000000005,6.010875477000003,2.287053333333333,343.058,53.776,87.8818,0.3585066666666667,"[10, 10, 10]",-0.5,0.8,0.0
pageRank,150,500,53.414,33.494604,5.787452289220188,2.29292,343.938,53.842,88.0218,0.35894666666666664,"[10, 10, 10]",-0.5,0.8,0.0
alpha_sort,150,500,102.42,31.395599999999998,5.603177669858417,2.1224399999999997,318.36599999999993,103.056,134.5746,0.68704,"[10, 10, 10]",-0.5,0.8,0.0
ris_optimized,150,500,106.958,29.024236,5.3874145932905515,3.3680266666666667,505.204,108.122,158.0604,0.7208133333333333,"[10, 10, 10]",-0.5,0.8,0.0
1hop_sort,150,500,102.38,29.959600000000005,5.473536334034881,2.159866666666667,323.98,103.838,135.507,0.6922533333333333,"[10, 10, 10]",-0.5,0.8,0.0
