method,seed_num,num_sims,E_activated_users,variance,std_deviation,avg_steps,total_steps,E_redemptions,comprehensive_score,usage_rate,random_dirichlet,degree_exponent_succ,degree_exponent_dis,degree_exponent_tran
random,225,500,162.836,26.510437,5.148829,4.04748,910.68256,178.127,261.54964,0.79168,"[10, 10, 10]",0.1,0.1,0.1
degreeTopM,225,500,164.27,30.3078,5.505252,4.2911,965.49726,191.117,274.24306,0.84941,"[10, 10, 10]",0.1,0.1,0.1
pageRank,225,500,164.793,33.057487,5.749564,4.26453,959.52012,189.794,273.2457,0.84353,"[10, 10, 10]",0.1,0.1,0.1
alpha_sort,225,500,167.975,33.809454,5.81459,4.27347,961.52996,190.248,275.26447,0.84555,"[10, 10, 10]",0.1,0.1,0.1
ris_optimized,225,500,181.464,28.924704,5.378169,4.46294,1004.162,199.104,290.7002,0.88491,"[10, 10, 10]",0.1,0.1,0.1
1hop_sort,225,500,174.16,30.70334,5.541059,4.33041,974.34172,193.164,281.09591,0.85851,"[10, 10, 10]",0.1,0.1,0.1
monterCarlo_CELF,225,500,184.493,27.735824,5.266481,4.48106,1008.23918,201.824,293.98267,0.897,"[10, 10, 10]",0.1,0.1,0.1
