method,seed_num,num_sims,E_activated_users,variance,std_deviation,avg_steps,total_steps,E_redemptions,comprehensive_score,usage_rate,random_dirichlet,degree_exponent_succ,degree_exponent_dis,degree_exponent_tran
random,200,500,144.086,28.291203,5.318948,4.00679,801.35774,156.601,230.47898,0.783,"[10, 10, 10]",0.1,0.1,0.1
degreeTopM,200,500,147.942,31.318493,5.596293,4.29196,858.3918,169.655,244.63788,0.84827,"[10, 10, 10]",0.1,0.1,0.1
pageRank,200,500,147.974,28.298038,5.31959,4.2814,856.27914,169.133,244.1812,0.84567,"[10, 10, 10]",0.1,0.1,0.1
alpha_sort,200,500,150.426,30.51519,5.524056,4.27354,854.70774,168.673,245.02025,0.84337,"[10, 10, 10]",0.1,0.1,0.1
ris_optimized,200,500,162.974,29.109324,5.395306,4.48329,896.658,177.594,259.9498,0.88797,"[10, 10, 10]",0.1,0.1,0.1
1hop_sort,200,500,156.574,28.030299,5.294365,4.33956,867.91138,171.723,250.93939,0.85861,"[10, 10, 10]",0.1,0.1,0.1
monterCarlo_CELF,200,500,166.084,29.798846,5.458832,4.53346,906.6912,177.404,262.41348,0.88702,"[10, 10, 10]",0.1,0.1,0.1
