method,seed_num,num_sims,E_activated_users,variance,std_deviation,avg_steps,total_steps,E_redemptions,comprehensive_score,usage_rate,random_dirichlet,degree_exponent_succ,degree_exponent_dis,degree_exponent_tran
random,125,500,94.765,16.630957,4.078107,4.11792,514.7402,100.795,149.2539,0.80636,"[10, 10, 10]",0.1,0.1,0.1
degreeTopM,125,500,95.59,17.651175,4.20133,4.28181,535.2266,105.555,154.09517,0.84444,"[10, 10, 10]",0.1,0.1,0.1
pageRank,125,500,95.766,18.149976,4.260279,4.26592,533.24004,105.241,153.82764,0.84193,"[10, 10, 10]",0.1,0.1,0.1
alpha_sort,125,500,96.713,17.926388,4.233957,4.25156,531.44554,104.744,153.87323,0.83796,"[10, 10, 10]",0.1,0.1,0.1
ris_optimized,125,500,104.64,15.4944,3.936293,4.49539,561.924,111.264,164.1444,0.89011,"[10, 10, 10]",0.1,0.1,0.1
1hop_sort,125,500,101.249,15.543292,3.942498,4.3443,543.03704,107.507,158.68152,0.86006,"[10, 10, 10]",0.1,0.1,0.1
monterCarlo_CELF,125,500,103.635,14.836902,3.85187,4.48289,560.361,110.831,163.26925,0.88665,"[10, 10, 10]",0.1,0.1,0.1
