method,seed_num,num_sims,E_activated_users,variance,std_deviation,avg_steps,total_steps,E_redemptions,comprehensive_score,usage_rate,random_dirichlet,degree_exponent_succ,degree_exponent_dis,degree_exponent_tran
random,250,500,177.708,29.727156,5.452262,4.01995,1004.9879,196.58,287.64283,0.78632,"[10, 10, 10]",0.1,0.1,0.1
degreeTopM,250,500,181.309,35.536799,5.961275,4.2918,1072.94998,212.35,304.12449,0.8494,"[10, 10, 10]",0.1,0.1,0.1
pageRank,250,500,182.05,35.108366,5.925231,4.27398,1068.49574,211.417,303.58303,0.84567,"[10, 10, 10]",0.1,0.1,0.1
alpha_sort,250,500,185.439,34.647442,5.886208,4.27487,1068.7169,211.476,305.32884,0.8459,"[10, 10, 10]",0.1,0.1,0.1
ris_optimized,250,500,201.804,34.505584,5.874145,4.48453,1121.132,222.476,324.2532,0.8899,"[10, 10, 10]",0.1,0.1,0.1
1hop_sort,250,500,191.804,35.297209,5.941145,4.33319,1083.29794,214.853,311.65828,0.85941,"[10, 10, 10]",0.1,0.1,0.1
monterCarlo_CELF,250,500,205.794,35.689111,5.974036,4.50589,1126.4725,220.832,325.96038,0.88333,"[10, 10, 10]",0.1,0.1,0.1
