method,seed_num,num_sims,E_activated_users,variance,std_deviation,avg_steps,total_steps,E_redemptions,comprehensive_score,usage_rate,random_dirichlet,degree_exponent_succ,degree_exponent_dis,degree_exponent_tran
random,175,500,127.99,23.049506,4.80099,4.03328,705.82438,137.831,203.49281,0.78761,"[10, 10, 10]",0.1,0.1,0.1
degreeTopM,175,500,131.037,24.186681,4.917996,4.29513,751.64718,148.55,214.95821,0.84886,"[10, 10, 10]",0.1,0.1,0.1
pageRank,175,500,131.072,24.235819,4.922989,4.2828,749.4899,147.968,214.46894,0.84553,"[10, 10, 10]",0.1,0.1,0.1
alpha_sort,175,500,132.636,25.823335,5.081667,4.26486,746.35098,147.267,214.5867,0.84153,"[10, 10, 10]",0.1,0.1,0.1
ris_optimized,175,500,143.238,23.957356,4.894625,4.49182,786.068,155.686,228.0688,0.88963,"[10, 10, 10]",0.1,0.1,0.1
1hop_sort,175,500,138.316,22.307952,4.72313,4.33838,759.21706,150.214,220.1869,0.85837,"[10, 10, 10]",0.1,0.1,0.1
monterCarlo_CELF,175,500,144.793,24.676862,4.967581,4.50942,789.14867,155.628,229.12535,0.8893,"[10, 10, 10]",0.1,0.1,0.1
