method,seed_num,num_sims,E_activated_users,variance,std_deviation,avg_steps,total_steps,E_redemptions,comprehensive_score,usage_rate,random_dirichlet,degree_exponent_succ,degree_exponent_dis,degree_exponent_tran
random,50,500,36.619,5.301497,2.302498,3.82875,191.43726,37.444,56.17542,0.74888,"[10, 10, 10]",0.1,0.1,0.1
degreeTopM,50,500,40.102,6.463076,2.542258,4.24965,212.48238,42.269,62.43347,0.84537,"[10, 10, 10]",0.1,0.1,0.1
pageRank,50,500,39.947,6.647342,2.578244,4.22679,211.33972,41.999,62.10677,0.83998,"[10, 10, 10]",0.1,0.1,0.1
alpha_sort,50,500,40.1,6.466241,2.54288,4.20786,210.393,41.76,61.96942,0.83521,"[10, 10, 10]",0.1,0.1,0.1
ris_optimized,50,500,43.482,5.365676,2.316393,4.47796,223.898,44.746,66.5038,0.89492,"[10, 10, 10]",0.1,0.1,0.1
1hop_sort,50,500,41.702,5.381888,2.31989,4.30602,215.3012,42.973,63.86771,0.85946,"[10, 10, 10]",0.1,0.1,0.1
monterCarlo_CELF,50,500,43.187,5.319094,2.306316,4.46949,223.4745,45.434,66.65762,0.90867,"[10, 10, 10]",0.1,0.1,0.1
