method,seed_num,num_sims,E_activated_users,variance,std_deviation,avg_steps,total_steps,E_redemptions,comprehensive_score,usage_rate,random_dirichlet,degree_exponent_succ,degree_exponent_dis,degree_exponent_tran
random,100,500,71.361,12.074923,3.474899,3.8412,384.12,74.61,111.39771,0.7461,"[10, 10, 10]",0.1,0.1,0.1
degreeTopM,100,500,77.647,12.338677,3.512645,4.27399,427.39946,84.582,123.85426,0.84582,"[10, 10, 10]",0.1,0.1,0.1
pageRank,100,500,77.753,11.732116,3.425218,4.25512,425.51184,84.095,123.47537,0.84095,"[10, 10, 10]",0.1,0.1,0.1
alpha_sort,100,500,78.293,13.202901,3.63358,4.25005,425.0055,84.043,123.66821,0.84043,"[10, 10, 10]",0.1,0.1,0.1
ris_optimized,100,500,84.416,11.074944,3.327904,4.4767,447.67,88.798,131.374,0.88798,"[10, 10, 10]",0.1,0.1,0.1
1hop_sort,100,500,81.73,11.501031,3.391317,4.33864,433.86354,86.039,127.27098,0.86039,"[10, 10, 10]",0.1,0.1,0.1
monterCarlo_CELF,100,500,85.876,10.544061,3.247162,4.55659,455.6588,88.079,132.54316,0.88079,"[10, 10, 10]",0.1,0.1,0.1
