method,seed_num,num_sims,E_activated_users,variance,std_deviation,avg_steps,total_steps,E_redemptions,comprehensive_score,usage_rate,random_dirichlet,degree_exponent_succ,degree_exponent_dis,degree_exponent_tran
random,150,500,104.242,17.851549,4.225109,3.80628,570.942,110.277,164.35389,0.73518,"[10, 10, 10]",0.1,0.1,0.1
degreeTopM,150,500,113.496,24.920644,4.992058,4.28899,643.34862,126.895,184.53047,0.84597,"[10, 10, 10]",0.1,0.1,0.1
pageRank,150,500,113.771,20.216083,4.49623,4.28087,642.1303,126.618,184.40767,0.84412,"[10, 10, 10]",0.1,0.1,0.1
alpha_sort,150,500,114.666,22.260806,4.718136,4.25664,638.49668,125.79,184.07729,0.8386,"[10, 10, 10]",0.1,0.1,0.1
ris_optimized,150,500,123.852,19.182096,4.379737,4.50177,675.266,133.682,196.2936,0.89121,"[10, 10, 10]",0.1,0.1,0.1
1hop_sort,150,500,119.851,19.655999,4.433509,4.34263,651.3938,128.828,189.47883,0.85885,"[10, 10, 10]",0.1,0.1,0.1
monterCarlo_CELF,150,500,125.584,19.081123,4.368194,4.4854,672.80985,135.017,197.58156,0.90012,"[10, 10, 10]",0.1,0.1,0.1
