method,seed_num,num_sims,E_activated_users,variance,std_deviation,avg_steps,total_steps,E_redemptions,comprehensive_score,usage_rate,random_dirichlet,degree_exponent_succ,degree_exponent_dis,degree_exponent_tran
random,70,500,48.408,11.441536,3.3825339613963967,3.5614285714285714,249.3,49.772,74.02000000000001,0.7110285714285715,"[10, 10, 10]",0.1,0.1,0.1
degreeTopM,70,500,54.064,10.935904,3.306947837508176,4.1158,288.106,57.486,84.5856,0.8212285714285714,"[10, 10, 10]",0.1,0.1,0.1
pageRank,70,500,53.94,10.880400000000002,3.298545133843101,4.084714285714285,285.92999999999995,57.134,84.13,0.8162,"[10, 10, 10]",0.1,0.1,0.1
alpha_sort,70,500,31.218,16.506476,4.0628162646125165,1.7324857142857142,121.27399999999999,31.386,43.4294,0.4483714285714286,"[10, 10, 10]",0.1,0.1,0.1
ris_optimized,70,500,57.98,8.963599999999998,2.993927186823353,4.304771428571429,301.334,60.028,89.1374,0.8575428571428572,"[10, 10, 10]",0.1,0.1,0.1
