method,seed_num,num_sims,E_activated_users,variance,std_deviation,avg_steps,total_steps,E_redemptions,comprehensive_score,usage_rate,random_dirichlet,degree_exponent_succ,degree_exponent_dis,degree_exponent_tran
random,60,500,40.114,10.181004000000001,3.190768559453976,3.3718333333333335,202.31,40.958,60.767,0.6826333333333333,"[10, 10, 10]",0.1,0.1,0.1
degreeTopM,60,500,46.554,9.479083999999999,3.0788121085899345,4.096233333333333,245.774,49.058,72.3834,0.8176333333333333,"[10, 10, 10]",0.1,0.1,0.1
pageRank,60,500,46.268,9.768175999999999,3.1254081333483468,4.074433333333333,244.466,48.8,71.98060000000001,0.8133333333333332,"[10, 10, 10]",0.1,0.1,0.1
alpha_sort,60,500,26.852,16.302096,4.037585417053117,1.7479333333333333,104.876,26.924,37.3756,0.4487333333333333,"[10, 10, 10]",0.1,0.1,0.1
ris_optimized,60,500,49.844,8.359664,2.8913083543613953,4.280133333333334,256.808,51.366,76.28580000000001,0.8561,"[10, 10, 10]",0.1,0.1,0.1
