method,seed_num,num_sims,E_activated_users,variance,std_deviation,avg_steps,total_steps,E_redemptions,comprehensive_score,usage_rate,random_dirichlet,degree_exponent_succ,degree_exponent_dis,degree_exponent_tran
random,20,500,12.304,3.3075840000000003,1.818676441811462,3.2264,64.52799999999999,12.396,18.8028,0.6198,"[10, 10, 10]",0.1,0.1,0.1
degreeTopM,20,500,15.854,3.3726839999999996,1.836486863552255,4.1023000000000005,82.046,16.274,24.2686,0.8137000000000001,"[10, 10, 10]",0.1,0.1,0.1
pageRank,20,500,15.874,3.170124,1.7804842038052457,4.1045,82.09,16.292,24.292,0.8146000000000001,"[10, 10, 10]",0.1,0.1,0.1
alpha_sort,20,500,8.706,5.043564,2.2457880576759686,1.6826999999999999,33.653999999999996,8.722,12.079399999999998,0.4361,"[10, 10, 10]",0.1,0.1,0.1
ris_optimized,20,500,16.766,2.787244,1.6695041179943222,4.263299999999999,85.26599999999999,17.006,25.412599999999998,0.8503000000000001,"[10, 10, 10]",0.1,0.1,0.1
