method,seed_num,num_sims,E_activated_users,variance,std_deviation,avg_steps,total_steps,E_redemptions,comprehensive_score,usage_rate,random_dirichlet,degree_exponent_succ,degree_exponent_dis,degree_exponent_tran
random,80,500,55.08,13.749600000000001,3.708045307166567,3.5479000000000003,283.832,56.61,84.2282,0.707625,"[10, 10, 10]",0.1,0.1,0.1
degreeTopM,80,500,61.45,12.623500000000002,3.5529565153545013,4.117425,329.394,65.618,96.4734,0.820225,"[10, 10, 10]",0.1,0.1,0.1
pageRank,80,500,61.44,12.214400000000001,3.4949105854084452,4.093875,327.51,65.362,96.15199999999999,0.8170249999999999,"[10, 10, 10]",0.1,0.1,0.1
alpha_sort,80,500,35.766,21.123244,4.596003046126057,1.739725,139.178,35.998,49.7998,0.44997499999999996,"[10, 10, 10]",0.1,0.1,0.1
ris_optimized,80,500,65.836,10.745103999999998,3.277972544119306,4.271649999999999,341.73199999999997,68.214,101.19820000000001,0.852675,"[10, 10, 10]",0.1,0.1,0.1
