method,seed_num,num_sims,E_activated_users,variance,std_deviation,avg_steps,total_steps,E_redemptions,comprehensive_score,usage_rate,random_dirichlet,degree_exponent_succ,degree_exponent_dis,degree_exponent_tran
random,10,500,6.996,1.751984,1.3236253246292926,3.479,34.79,7.038,10.496,0.7038,"[10, 10, 10]",0.1,0.1,0.1
degreeTopM,10,500,7.974,1.457324,1.2071967528120675,4.0666,40.666000000000004,8.09,12.098600000000001,0.8089999999999999,"[10, 10, 10]",0.1,0.1,0.1
pageRank,10,500,7.946,1.551084,1.245425228586606,4.047,40.47,8.056,12.047999999999998,0.8055999999999999,"[10, 10, 10]",0.1,0.1,0.1
alpha_sort,10,500,4.244,2.588464000000001,1.6088704111891676,1.6718000000000002,16.718000000000004,4.244,5.9158,0.4244,"[10, 10, 10]",0.1,0.1,0.1
ris_optimized,10,500,8.578,1.123916,1.060149046125119,4.3012,43.012,8.624,12.9022,0.8624,"[10, 10, 10]",0.1,0.1,0.1
