method,seed_num,num_sims,E_activated_users,variance,std_deviation,avg_steps,total_steps,E_redemptions,comprehensive_score,usage_rate,random_dirichlet,degree_exponent_succ,degree_exponent_dis,degree_exponent_tran
random,50,500,35.194,7.840364000000001,2.8000649992455533,3.62392,181.196,36.02,53.726600000000005,0.7204,"[10, 10, 10]",0.1,0.1,0.1
degreeTopM,50,500,39.108,8.080335999999999,2.84259318228972,4.08892,204.446,41.044,60.520599999999995,0.8208799999999999,"[10, 10, 10]",0.1,0.1,0.1
pageRank,50,500,38.89,7.841900000000002,2.800339265160563,4.05016,202.508,40.716,60.053799999999995,0.81432,"[10, 10, 10]",0.1,0.1,0.1
alpha_sort,50,500,22.388,12.125456,3.482162546464481,1.7542799999999998,87.714,22.466,31.1984,0.44932,"[10, 10, 10]",0.1,0.1,0.1
ris_optimized,50,500,41.574,6.092524,2.468303871082327,4.23772,211.88600000000002,42.576,63.26360000000001,0.85152,"[10, 10, 10]",0.1,0.1,0.1
