method,seed_num,num_sims,E_activated_users,variance,std_deviation,avg_steps,total_steps,E_redemptions,comprehensive_score,usage_rate,random_dirichlet,degree_exponent_succ,degree_exponent_dis,degree_exponent_tran
random,40,500,26.012,6.143856,2.478680294027449,3.34965,133.986,26.32,39.5646,0.658,"[10, 10, 10]",0.1,0.1,0.1
degreeTopM,40,500,31.766,6.055243999999999,2.4607405389435106,4.13155,165.262,33.17,48.994200000000006,0.82925,"[10, 10, 10]",0.1,0.1,0.1
pageRank,40,500,31.32,5.7696000000000005,2.4019991673603887,4.072400000000001,162.89600000000004,32.696,48.2976,0.8173999999999999,"[10, 10, 10]",0.1,0.1,0.1
alpha_sort,40,500,17.858,9.985835999999999,3.1600373415515204,1.7482999999999997,69.93199999999999,17.9,24.872199999999996,0.44749999999999995,"[10, 10, 10]",0.1,0.1,0.1
ris_optimized,40,500,33.472,5.7412160000000005,2.3960834710001238,4.2618,170.472,34.306,50.9362,0.8576499999999999,"[10, 10, 10]",0.1,0.1,0.1
