method,seed_num,num_sims,E_activated_users,variance,std_deviation,avg_steps,total_steps,E_redemptions,comprehensive_score,usage_rate,random_dirichlet,degree_exponent_succ,degree_exponent_dis,degree_exponent_tran
random,100,500,69.478,17.257516,4.154216652992475,3.60762,360.762,72.0,106.8152,0.72,"[10, 10, 10]",0.1,0.1,0.1
degreeTopM,100,500,76.28,16.8376,4.1033644732097585,4.13544,413.544,82.336,120.66239999999999,0.82336,"[10, 10, 10]",0.1,0.1,0.1
pageRank,100,500,75.83,16.1331,4.016603042372995,4.10054,410.054,81.57,119.7054,0.8157,"[10, 10, 10]",0.1,0.1,0.1
alpha_sort,100,500,44.682,25.600875999999996,5.05973082287981,1.7312400000000001,173.12400000000002,44.982,62.144400000000005,0.44982,"[10, 10, 10]",0.1,0.1,0.1
ris_optimized,100,500,80.636,13.355504000000002,3.654518299311142,4.2326,423.26,84.57,124.929,0.8456999999999999,"[10, 10, 10]",0.1,0.1,0.1
