method,seed_num,num_sims,E_activated_users,variance,std_deviation,avg_steps,total_steps,E_redemptions,comprehensive_score,usage_rate,random_dirichlet,degree_exponent_succ,degree_exponent_dis,degree_exponent_tran
random,30,500,19.848,5.1328960000000015,2.26558954799849,3.3582666666666667,100.748,20.106,30.0518,0.6702,"[10, 10, 10]",0.1,0.1,0.1
degreeTopM,30,500,23.972,4.667216000000001,2.160374041688152,4.1392,124.17599999999999,24.842,36.824600000000004,0.8280666666666666,"[10, 10, 10]",0.1,0.1,0.1
pageRank,30,500,23.646,4.912684,2.2164575339942787,4.078666666666667,122.36000000000001,24.48,36.29900000000001,0.8160000000000001,"[10, 10, 10]",0.1,0.1,0.1
alpha_sort,30,500,13.288,7.589055999999999,2.7548241323177054,1.7226666666666668,51.68000000000001,13.312,18.468000000000004,0.4437333333333333,"[10, 10, 10]",0.1,0.1,0.1
ris_optimized,30,500,25.326,4.091724,2.0228010282773736,4.2764,128.292,25.654,38.3192,0.8551333333333333,"[10, 10, 10]",0.1,0.1,0.1
