method,seed_num,num_sims,E_activated_users,variance,std_deviation,avg_steps,total_steps,E_redemptions,comprehensive_score,usage_rate,random_dirichlet,degree_exponent_succ,degree_exponent_dis,degree_exponent_tran
random,90,500,63.714,14.608203999999997,3.822068026605492,3.6432444444444445,327.892,65.622,97.4572,0.7291333333333333,"[10, 10, 10]",0.1,0.1,0.1
degreeTopM,90,500,69.108,15.652336,3.956303325075063,4.132999999999999,371.9699999999999,74.086,108.79400000000001,0.8231777777777778,"[10, 10, 10]",0.1,0.1,0.1
pageRank,90,500,68.804,14.313584,3.783329750365411,4.104377777777778,369.394,73.614,108.14840000000001,0.8179333333333334,"[10, 10, 10]",0.1,0.1,0.1
alpha_sort,90,500,40.138,23.398956,4.837246737556396,1.7352222222222222,156.17,40.366,55.86899999999999,0.4485111111111111,"[10, 10, 10]",0.1,0.1,0.1
ris_optimized,90,500,73.64,11.7544,3.4284690460903975,4.289577777777778,386.062,77.006,113.92920000000001,0.8556222222222222,"[10, 10, 10]",0.1,0.1,0.1
