method,seed_num,num_sims,E_activated_users,variance,std_deviation,avg_steps,total_steps,degree_exponent_tran,log_alpha_slope,log_beta_slope,E_redemptions,comprehensive_score,usage_rate,random_dirichlet,degree_exponent_succ,degree_exponent_dis
random,76,600,9.766666666666667,7.152222222222222,2.674363891137895,2.594342105263157,197.17,0.0,0.1,0.6,9.946666666666667,29.573666666666668,0.1308771929824561,"[10, 10, 10]",-0.5,0.8
degreeTopM,76,600,7.931666666666667,6.686997222222222,2.5859228956452323,2.3744517543859645,180.4583333333333,0.0,0.1,0.6,8.138333333333334,26.08083333333333,0.1070833333333333,"[10, 10, 10]",-0.5,0.8
pageRank,76,600,8.48,6.936266666666668,2.633679302167724,2.436951754385965,185.20833333333331,0.0,0.1,0.6,8.67,27.09583333333333,0.114078947368421,"[10, 10, 10]",-0.5,0.8
alpha_sort,76,600,17.078333333333333,12.582197222222222,3.547139301214744,2.6433552631578947,200.895,0.0,0.1,0.6,17.563333333333333,37.41033333333333,0.2310964912280701,"[10, 10, 10]",-0.5,0.8
ris_path_aware,76,600,18.01406359630662,11.650449571281147,3.2372617887481527,3.173288621532373,230.43166666666667,0.0,0.1,0.6,19.174341948207488,40.61233333333334,0.237719298245614,"[10, 10, 10]",-0.5,0.8
1hop_sort,76,600,17.35333333333333,11.285155555555557,3.35933855923388,2.687982456140351,204.2866666666667,0.0,0.1,0.6,18.381666666666668,38.29616666666667,0.2418640350877193,"[10, 10, 10]",-0.5,0.8
