method,seed_num,num_sims,E_activated_users,variance,std_deviation,avg_steps,total_steps,degree_exponent_tran,log_alpha_slope,log_beta_slope,E_redemptions,comprehensive_score,usage_rate,random_dirichlet,degree_exponent_succ,degree_exponent_dis
random,40,600,6.265,4.708108333333333,2.1698175806581834,2.6279583333333334,105.11833333333334,0.0,0.1,0.6,6.3533333333333335,16.821,0.1588333333333333,"[10, 10, 10]",-0.5,0.8
degreeTopM,40,600,4.516666666666667,3.5963888888888884,1.8964147460112435,2.223333333333333,88.93333333333332,0.0,0.1,0.6,4.608333333333333,13.455833333333333,0.1152083333333333,"[10, 10, 10]",-0.5,0.8
pageRank,40,600,4.553333333333334,3.447155555555556,1.8566517055052505,2.2509166666666665,90.03666666666666,0.0,0.1,0.6,4.63,13.595333333333333,0.1157499999999999,"[10, 10, 10]",-0.5,0.8
alpha_sort,40,600,10.978333333333332,8.034530555555556,2.8345247495048542,2.490666666666667,99.62666666666668,0.0,0.1,0.6,11.253333333333334,21.0785,0.2813333333333333,"[10, 10, 10]",-0.5,0.8
ris_path_aware,40,600,11.201940065539556,7.580096073314673,2.6326391490078715,3.1987810444454032,121.70666666666668,0.0,0.1,0.6,12.11544020563331,23.34816666666667,0.2902916666666666,"[10, 10, 10]",-0.5,0.8
1hop_sort,40,600,11.356666666666667,7.702788888888889,2.775389862503805,2.52875,101.15,0.0,0.1,0.6,12.366666666666667,21.97666666666667,0.3091666666666667,"[10, 10, 10]",-0.5,0.8
