method,seed_num,num_sims,E_activated_users,variance,std_deviation,avg_steps,total_steps,degree_exponent_tran,log_alpha_slope,log_beta_slope,E_redemptions,comprehensive_score,usage_rate,random_dirichlet,degree_exponent_succ,degree_exponent_dis
random,196,600,25.78333333333333,19.36638888888889,4.400725950214224,2.647984693877551,519.005,0.0,0.1,0.6,26.99833333333333,78.29133333333334,0.1377465986394558,"[10, 10, 10]",-0.5,0.8
degreeTopM,196,600,23.095,18.655975,4.319256301726028,2.47343537414966,484.79333333333335,0.0,0.1,0.6,24.491666666666667,72.27266666666667,0.1249574829931972,"[10, 10, 10]",-0.5,0.8
pageRank,196,600,23.425,15.841041666666667,3.980080610573945,2.5333503401360544,496.5366666666667,0.0,0.1,0.6,24.875,73.80366666666667,0.1269132653061224,"[10, 10, 10]",-0.5,0.8
alpha_sort,196,600,33.665,24.092775,4.908439161281313,2.627687074829932,515.0266666666666,0.0,0.1,0.6,35.845,86.25766666666667,0.1828826530612244,"[10, 10, 10]",-0.5,0.8
ris_path_aware,196,600,35.050890087891005,24.21728315339847,4.683474197169828,2.9461211850607665,552.9483333333333,0.0,0.1,0.6,38.519275,90.18316666666666,0.18453231292517,"[10, 10, 10]",-0.5,0.8
1hop_sort,196,600,33.29666666666667,21.84865555555556,4.67425454543883,2.605331632653061,510.645,0.0,0.1,0.6,35.99333333333333,85.70949999999999,0.1836394557823129,"[10, 10, 10]",-0.5,0.8
