method,seed_num,num_sims,E_activated_users,variance,std_deviation,avg_steps,total_steps,degree_exponent_tran,log_alpha_slope,log_beta_slope,E_redemptions,comprehensive_score,usage_rate,random_dirichlet,degree_exponent_succ,degree_exponent_dis
random,52,600,9.186666666666667,7.025155555555557,2.650501000859188,2.740320512820513,142.49666666666667,0.0,0.1,0.6,9.326666666666666,23.506333333333338,0.1793589743589743,"[10, 10, 10]",-0.5,0.8
degreeTopM,52,600,5.145,4.610641666666667,2.147240477139593,2.2413141025641026,116.54833333333332,0.0,0.1,0.6,5.248333333333333,16.8515,0.1009294871794871,"[10, 10, 10]",-0.5,0.8
pageRank,52,600,5.608333333333333,5.234930555555555,2.2879970619639254,2.325192307692308,120.91,0.0,0.1,0.6,5.661666666666667,17.726,0.1088782051282051,"[10, 10, 10]",-0.5,0.8
alpha_sort,52,600,13.635,9.695108333333332,3.113696891692146,2.52875,131.495,0.0,0.1,0.6,13.923333333333334,26.92866666666667,0.2677564102564103,"[10, 10, 10]",-0.5,0.8
ris_path_aware,52,600,14.688125,9.603770746913076,2.9243114099258007,3.3066910216248915,162.885,0.0,0.1,0.6,15.165706382185197,30.347666666666665,0.2755128205128205,"[10, 10, 10]",-0.5,0.8
1hop_sort,52,600,14.066666666666666,9.195555555555556,3.0324174441451093,2.6203846153846158,136.26,0.0,0.1,0.6,14.731666666666667,28.025166666666664,0.2833012820512821,"[10, 10, 10]",-0.5,0.8
