method,seed_num,num_sims,E_activated_users,variance,std_deviation,avg_steps,total_steps,degree_exponent_tran,log_alpha_slope,log_beta_slope,E_redemptions,comprehensive_score,usage_rate,random_dirichlet,degree_exponent_succ,degree_exponent_dis
random,352,600,47.02333333333333,32.46612222222222,5.697905073114348,2.739280303030303,964.2266666666668,0.0,0.1,0.6,51.97833333333333,145.9235,0.1476657196969697,"[10, 10, 10]",-0.5,0.8
degreeTopM,352,600,46.24,33.699066666666674,5.8050897208110985,2.711742424242424,954.5333333333332,0.0,0.1,0.6,51.02,144.08333333333331,0.1449431818181818,"[10, 10, 10]",-0.5,0.8
pageRank,352,600,46.32833333333333,35.013863888888885,5.917251379558662,2.709403409090909,953.71,0.0,0.1,0.6,51.16166666666667,144.116,0.1453456439393939,"[10, 10, 10]",-0.5,0.8
alpha_sort,352,600,48.928333333333335,36.77986388888888,6.064640458336247,2.7367329545454546,963.33,0.0,0.1,0.6,54.24333333333333,147.91883333333334,0.1541003787878787,"[10, 10, 10]",-0.5,0.8
ris_path_aware,352,600,51.373161105656166,36.59122260904389,5.773352338305902,2.9182915223959633,978.3683333333332,0.0,0.1,0.6,57.66450752410073,149.9085,0.1555445075757575,"[10, 10, 10]",-0.5,0.8
1hop_sort,352,600,49.41333333333333,33.22582222222222,5.764184436867216,2.738267045454545,963.87,0.0,0.1,0.6,54.73333333333333,148.46033333333332,0.1554924242424242,"[10, 10, 10]",-0.5,0.8
