method,seed_num,num_sims,E_activated_users,variance,std_deviation,avg_steps,total_steps,degree_exponent_tran,log_alpha_slope,log_beta_slope,E_redemptions,comprehensive_score,usage_rate,random_dirichlet,degree_exponent_succ,degree_exponent_dis
random,136,600,18.985,14.751441666666668,3.840760558361672,2.6515441176470587,360.61,0.0,0.1,0.6,19.661666666666665,55.38433333333333,0.1445710784313725,"[10, 10, 10]",-0.5,0.8
degreeTopM,136,600,14.5,10.296666666666669,3.2088419510263617,2.38,323.68,0.0,0.1,0.6,15.19,47.213,0.1116911764705882,"[10, 10, 10]",-0.5,0.8
pageRank,136,600,15.523333333333332,12.15278888888889,3.4860850375297634,2.434901960784314,331.1466666666667,0.0,0.1,0.6,16.163333333333334,48.958000000000006,0.1188480392156862,"[10, 10, 10]",-0.5,0.8
alpha_sort,136,600,25.905,18.585975,4.311145439439501,2.6487745098039217,360.2333333333333,0.0,0.1,0.6,27.101666666666667,62.52666666666667,0.1992769607843137,"[10, 10, 10]",-0.5,0.8
ris_path_aware,136,600,27.030127981768203,19.81104398762369,4.2269213251359306,3.0479125263674605,397.065,0.0,0.1,0.6,28.954924970964143,66.174,0.2007843137254902,"[10, 10, 10]",-0.5,0.8
1hop_sort,136,600,26.65,16.597499999999997,4.074002945507035,2.626985294117647,357.27,0.0,0.1,0.6,28.706666666666667,63.40533333333333,0.211078431372549,"[10, 10, 10]",-0.5,0.8
