method,seed_num,num_sims,E_activated_users,variance,std_deviation,avg_steps,total_steps,degree_exponent_tran,log_alpha_slope,log_beta_slope,E_redemptions,comprehensive_score,usage_rate,random_dirichlet,degree_exponent_succ,degree_exponent_dis
random,100,600,14.528333333333334,11.942530555555557,3.455796660041727,2.6532,265.32,0.0,0.1,0.6,14.846666666666666,41.2195,0.1484666666666666,"[10, 10, 10]",-0.5,0.8
degreeTopM,100,600,10.846666666666666,7.759822222222223,2.7856457460025714,2.351183333333333,235.1183333333333,0.0,0.1,0.6,11.276666666666667,34.5735,0.1127666666666666,"[10, 10, 10]",-0.5,0.8
pageRank,100,600,12.441666666666666,9.753263888888888,3.1230215959690204,2.387466666666666,238.74666666666667,0.0,0.1,0.6,12.901666666666667,36.54633333333334,0.1290166666666666,"[10, 10, 10]",-0.5,0.8
alpha_sort,100,600,23.041666666666668,16.01326388888889,4.001657642638722,2.576916666666667,257.6916666666667,0.0,0.1,0.6,23.85,49.215,0.2385,"[10, 10, 10]",-0.5,0.8
ris_path_aware,100,600,24.546168292011178,15.895676922096623,3.791525272088911,3.087946897323566,296.1116666666667,0.0,0.1,0.6,26.361043890479422,53.716166666666666,0.2492833333333333,"[10, 10, 10]",-0.5,0.8
1hop_sort,100,600,23.551666666666662,14.550663888888892,3.8145332465308113,2.6273833333333334,262.73833333333334,0.0,0.1,0.6,25.141666666666666,50.6205,0.2514166666666667,"[10, 10, 10]",-0.5,0.8
