method,seed_num,num_sims,E_activated_users,variance,std_deviation,avg_steps,total_steps,degree_exponent_tran,log_alpha_slope,log_beta_slope,E_redemptions,comprehensive_score,usage_rate,random_dirichlet,degree_exponent_succ,degree_exponent_dis
random,88,600,13.508333333333333,10.586597222222222,3.253705152932918,2.6528598484848485,233.45166666666665,0.0,0.1,0.6,13.878333333333334,37.0385,0.1577083333333333,"[10, 10, 10]",-0.5,0.8
degreeTopM,88,600,10.126666666666669,8.850622222222222,2.9749995331465557,2.4007386363636365,211.265,0.0,0.1,0.6,10.416666666666666,31.39816666666667,0.1183712121212121,"[10, 10, 10]",-0.5,0.8
pageRank,88,600,10.78,8.754933333333332,2.958873659576112,2.460227272727273,216.50000000000003,0.0,0.1,0.6,11.005,32.542500000000004,0.1250568181818181,"[10, 10, 10]",-0.5,0.8
alpha_sort,88,600,21.726666666666667,13.558622222222224,3.6822034466094102,2.564943181818182,225.715,0.0,0.1,0.6,22.44,44.654833333333336,0.255,"[10, 10, 10]",-0.5,0.8
ris_path_aware,88,600,23.03641516656362,15.207795429832935,3.7124654880550745,3.040833069797475,256.77666666666664,0.0,0.1,0.6,24.055883546215327,48.007666666666665,0.2604545454545455,"[10, 10, 10]",-0.5,0.8
1hop_sort,88,600,22.321666666666665,14.03819722222222,3.7467582284185648,2.596893939393939,228.52666666666664,0.0,0.1,0.6,23.676666666666662,45.85183333333333,0.2690530303030303,"[10, 10, 10]",-0.5,0.8
