method,seed_num,num_sims,E_activated_users,variance,std_deviation,avg_steps,total_steps,degree_exponent_tran,log_alpha_slope,log_beta_slope,E_redemptions,comprehensive_score,usage_rate,random_dirichlet,degree_exponent_succ,degree_exponent_dis
random,160,600,22.666666666666668,17.742222222222225,4.21215173304835,2.7068125000000003,433.09,0.0,0.1,0.6,23.69333333333333,66.489,0.1480833333333333,"[10, 10, 10]",-0.5,0.8
degreeTopM,160,600,17.151666666666667,13.11199722222222,3.621049188042358,2.521135416666666,403.38166666666666,0.0,0.1,0.6,17.905,57.8665,0.11190625,"[10, 10, 10]",-0.5,0.8
pageRank,160,600,18.786666666666665,13.491155555555556,3.67303084053967,2.5985416666666667,415.76666666666665,0.0,0.1,0.6,19.71,60.825,0.1231875,"[10, 10, 10]",-0.5,0.8
alpha_sort,160,600,30.9,23.106666666666666,4.806939428229429,2.65496875,424.795,0.0,0.1,0.6,32.52166666666667,74.19033333333334,0.2032604166666666,"[10, 10, 10]",-0.5,0.8
ris_path_aware,160,600,32.12640544686058,23.54401863656108,4.632186908529875,3.0014234004030387,458.4616666666667,0.0,0.1,0.6,34.403718076067825,77.6045,0.2056458333333333,"[10, 10, 10]",-0.5,0.8
1hop_sort,160,600,30.94833333333333,20.428997222222225,4.519844822803348,2.6374375,421.99,0.0,0.1,0.6,33.29833333333333,74.32233333333335,0.2081145833333333,"[10, 10, 10]",-0.5,0.8
