method,seed_num,num_sims,E_activated_users,variance,std_deviation,avg_steps,total_steps,degree_exponent_tran,log_alpha_slope,log_beta_slope,E_redemptions,comprehensive_score,usage_rate,random_dirichlet,degree_exponent_succ,degree_exponent_dis
random,220,600,32.96,25.045066666666667,5.004504637490775,2.769333333333333,609.2533333333332,0.0,0.1,0.6,34.95166666666667,94.88116666666666,0.1588712121212121,"[10, 10, 10]",-0.5,0.8
degreeTopM,220,600,27.98333333333333,22.636388888888888,4.757771420411965,2.614075757575758,575.0966666666667,0.0,0.1,0.6,29.848333333333333,86.4255,0.1356742424242424,"[10, 10, 10]",-0.5,0.8
pageRank,220,600,29.39666666666667,19.28598888888889,4.391581593103889,2.6464015151515152,582.2083333333334,0.0,0.1,0.6,31.336666666666662,88.5875,0.1424393939393939,"[10, 10, 10]",-0.5,0.8
alpha_sort,220,600,39.79666666666667,28.64532222222222,5.352132492962242,2.7480378787878785,604.5683333333333,0.0,0.1,0.6,42.70166666666667,101.706,0.1940984848484848,"[10, 10, 10]",-0.5,0.8
ris_path_aware,220,600,41.979200453871094,29.50723028769728,5.162841325816198,3.0182104903415503,637.1366666666667,0.0,0.1,0.6,46.20325,105.4095,0.1971969696969697,"[10, 10, 10]",-0.5,0.8
1hop_sort,220,600,40.11666666666667,27.87305555555556,5.279493873048397,2.7205909090909093,598.5300000000001,0.0,0.1,0.6,43.59,101.70633333333336,0.1981363636363636,"[10, 10, 10]",-0.5,0.8
