method,seed_num,num_sims,E_activated_users,variance,std_deviation,avg_steps,total_steps,degree_exponent_tran,log_alpha_slope,log_beta_slope,E_redemptions,comprehensive_score,usage_rate,random_dirichlet,degree_exponent_succ,degree_exponent_dis
random,364,600,51.89333333333333,34.83195555555555,5.9018603470054725,2.665782967032967,970.345,0.0,0.1,0.6,57.211666666666666,151.587,0.1571749084249084,"[10, 10, 10]",-0.5,0.8
degreeTopM,364,600,51.531666666666666,34.68233055555556,5.889170616950706,2.647051282051282,963.5266666666668,0.0,0.1,0.6,56.99666666666667,150.61683333333335,0.1565842490842491,"[10, 10, 10]",-0.5,0.8
pageRank,364,600,51.361666666666665,36.29419722222222,6.024466550842674,2.6553296703296705,966.54,0.0,0.1,0.6,56.67333333333333,150.6715,0.1556959706959707,"[10, 10, 10]",-0.5,0.8
alpha_sort,364,600,52.75666666666667,37.79412222222223,6.147692430678541,2.6615934065934064,968.82,0.0,0.1,0.6,58.031666666666666,152.27616666666663,0.1594276556776556,"[10, 10, 10]",-0.5,0.8
ris_path_aware,364,600,55.31918406503958,38.591023116514535,5.932958555579351,2.796950885137689,974.0683333333334,0.0,0.1,0.6,62.1221099481354,153.41433333333333,0.1614468864468864,"[10, 10, 10]",-0.5,0.8
1hop_sort,364,600,53.14666666666667,33.00182222222222,5.744721248435143,2.6481227106227108,963.9166666666669,0.0,0.1,0.6,58.57666666666667,152.25333333333333,0.1609249084249084,"[10, 10, 10]",-0.5,0.8
