method,seed_num,num_sims,E_activated_users,variance,std_deviation,avg_steps,total_steps,degree_exponent_tran,log_alpha_slope,log_beta_slope,E_redemptions,comprehensive_score,usage_rate,random_dirichlet,degree_exponent_succ,degree_exponent_dis
random,16,600,2.5383333333333336,2.2351972222222223,1.4950575982958725,2.6865625,42.985,0.0,0.1,0.6,2.54,6.837666666666666,0.15875,"[10, 10, 10]",-0.5,0.8
degreeTopM,16,600,1.4383333333333332,1.3228638888888888,1.1501582016787468,2.079270833333333,33.26833333333333,0.0,0.1,0.6,1.4433333333333334,4.767666666666667,0.0902083333333333,"[10, 10, 10]",-0.5,0.8
pageRank,16,600,1.2916666666666667,1.0899305555555554,1.0439973925041937,2.0826041666666666,33.321666666666665,0.0,0.1,0.6,1.2933333333333332,4.624666666666666,0.0808333333333333,"[10, 10, 10]",-0.5,0.8
alpha_sort,16,600,4.886666666666667,3.4704888888888883,1.8629248210512648,2.2333333333333334,35.733333333333334,0.0,0.1,0.6,4.916666666666667,8.475000000000001,0.3072916666666667,"[10, 10, 10]",-0.5,0.8
ris_path_aware,16,600,4.972851677251771,3.48719779181292,1.776825352513109,3.4746475551148395,53.306666666666665,0.0,0.1,0.6,5.037442788777066,10.074833333333334,0.2983333333333333,"[10, 10, 10]",-0.5,0.8
1hop_sort,16,600,5.091666666666667,3.4165972222222223,1.8484039661887288,2.3353125,37.365,0.0,0.1,0.6,5.133333333333334,8.849,0.3208333333333333,"[10, 10, 10]",-0.5,0.8
