method,seed_num,num_sims,E_activated_users,variance,std_deviation,avg_steps,total_steps,degree_exponent_tran,log_alpha_slope,log_beta_slope,E_redemptions,comprehensive_score,usage_rate,random_dirichlet,degree_exponent_succ,degree_exponent_dis
random,232,600,33.19166666666667,25.32493055555556,5.032388156288777,2.701925287356321,626.8466666666666,0.0,0.1,0.6,35.54333333333334,97.05216666666666,0.1532040229885057,"[10, 10, 10]",-0.5,0.8
degreeTopM,232,600,28.971666666666668,21.577530555555555,4.645162059127276,2.5223922413793103,585.1949999999999,0.0,0.1,0.6,31.238333333333333,88.6245,0.1346479885057471,"[10, 10, 10]",-0.5,0.8
pageRank,232,600,30.275,24.609375,4.960783708246107,2.560862068965517,594.12,0.0,0.1,0.6,32.62833333333333,90.86366666666667,0.1406393678160919,"[10, 10, 10]",-0.5,0.8
alpha_sort,232,600,39.18333333333333,27.726388888888888,5.265585332029943,2.686364942528736,623.2366666666667,0.0,0.1,0.6,42.20666666666666,103.01866666666666,0.1819252873563218,"[10, 10, 10]",-0.5,0.8
ris_path_aware,232,600,41.91160396632999,33.006605193178544,5.470872112073784,2.9249398067345087,654.8266666666667,0.0,0.1,0.6,45.68029879030613,106.91183333333332,0.1859626436781609,"[10, 10, 10]",-0.5,0.8
1hop_sort,232,600,39.55833333333333,26.50326388888889,5.148132077646113,2.6408117816091954,612.6683333333333,0.0,0.1,0.6,43.31666666666667,102.70433333333332,0.1867097701149425,"[10, 10, 10]",-0.5,0.8
