method,seed_num,num_sims,E_activated_users,variance,std_deviation,avg_steps,total_steps,degree_exponent_tran,log_alpha_slope,log_beta_slope,E_redemptions,comprehensive_score,usage_rate,random_dirichlet,degree_exponent_succ,degree_exponent_dis
random,280,600,40.09166666666667,26.82993055555556,5.179761631152109,2.658821428571428,744.4699999999999,0.0,0.1,0.6,43.60333333333333,116.2945,0.1557261904761904,"[10, 10, 10]",-0.5,0.8
degreeTopM,280,600,38.19833333333333,28.885663888888885,5.374538481478097,2.535071428571429,709.82,0.0,0.1,0.6,42.145,111.15366666666668,0.1505178571428571,"[10, 10, 10]",-0.5,0.8
pageRank,280,600,38.78333333333333,25.713055555555552,5.070804231633829,2.5645059523809524,718.0616666666666,0.0,0.1,0.6,42.95666666666666,112.67616666666666,0.1534166666666666,"[10, 10, 10]",-0.5,0.8
alpha_sort,280,600,46.04166666666666,30.31326388888889,5.505748258764552,2.6640892857142857,745.945,0.0,0.1,0.6,50.73166666666667,122.98116666666668,0.1811845238095238,"[10, 10, 10]",-0.5,0.8
ris_path_aware,280,600,48.575395923711866,34.4017613084582,5.585335710590725,2.8831434881701328,771.8699999999999,0.0,0.1,0.6,53.72542315035495,125.81283333333332,0.1833809523809523,"[10, 10, 10]",-0.5,0.8
1hop_sort,280,600,46.391666666666666,29.38493055555556,5.420786894497473,2.633595238095238,737.4066666666666,0.0,0.1,0.6,51.915,122.894,0.1854107142857143,"[10, 10, 10]",-0.5,0.8
