method,seed_num,num_sims,E_activated_users,variance,std_deviation,avg_steps,total_steps,degree_exponent_tran,log_alpha_slope,log_beta_slope,E_redemptions,comprehensive_score,usage_rate,random_dirichlet,degree_exponent_succ,degree_exponent_dis
random,64,600,9.988333333333332,7.541530555555555,2.746184727136096,2.727838541666667,174.58166666666668,0.0,0.1,0.6,10.156666666666666,27.53066666666667,0.1586979166666666,"[10, 10, 10]",-0.5,0.8
degreeTopM,64,600,6.226666666666667,5.04528888888889,2.246172052379089,2.376640625,152.105,0.0,0.1,0.6,6.325,21.48633333333333,0.098828125,"[10, 10, 10]",-0.5,0.8
pageRank,64,600,7.538333333333333,6.411863888888889,2.532165849404199,2.4813802083333334,158.80833333333334,0.0,0.1,0.6,7.625,23.4625,0.119140625,"[10, 10, 10]",-0.5,0.8
alpha_sort,64,600,16.685,12.175775,3.489380317477589,2.63984375,168.95,0.0,0.1,0.6,17.02,33.7475,0.2659375,"[10, 10, 10]",-0.5,0.8
ris_path_aware,64,600,17.164244681772615,10.80986471577852,3.134591502714331,3.1168011569595153,192.295,0.0,0.1,0.6,17.89655456099342,35.85116666666667,0.2650260416666666,"[10, 10, 10]",-0.5,0.8
1hop_sort,64,600,16.808333333333334,11.094930555555557,3.330905365746009,2.6327604166666667,168.49666666666667,0.0,0.1,0.6,17.668333333333333,34.088,0.2760677083333333,"[10, 10, 10]",-0.5,0.8
