method,seed_num,num_sims,E_activated_users,variance,std_deviation,avg_steps,total_steps,degree_exponent_tran,log_alpha_slope,log_beta_slope,E_redemptions,comprehensive_score,usage_rate,random_dirichlet,degree_exponent_succ,degree_exponent_dis
random,124,600,19.525,14.599375,3.820912849045369,2.7937768817204303,346.42833333333334,0.0,0.1,0.6,20.285,54.54783333333334,0.1635887096774193,"[10, 10, 10]",-0.5,0.8
degreeTopM,124,600,15.443333333333332,11.073455555555554,3.327680206323251,2.486572580645161,308.33500000000004,0.0,0.1,0.6,16.163333333333334,46.63683333333334,0.1303494623655914,"[10, 10, 10]",-0.5,0.8
pageRank,124,600,15.6,12.026666666666667,3.4679484809706542,2.5761693548387097,319.445,0.0,0.1,0.6,16.213333333333335,47.85116666666667,0.130752688172043,"[10, 10, 10]",-0.5,0.8
alpha_sort,124,600,27.101666666666667,18.687997222222226,4.322961626272227,2.687325268817204,333.2283333333333,0.0,0.1,0.6,28.19333333333333,60.97033333333333,0.2273655913978494,"[10, 10, 10]",-0.5,0.8
ris_path_aware,124,600,28.058742260910503,20.72444955790687,4.34315521507374,3.1660008894486347,374.7216666666667,0.0,0.1,0.6,29.797387644132407,65.06133333333334,0.2284408602150537,"[10, 10, 10]",-0.5,0.8
1hop_sort,124,600,27.4,18.506666666666668,4.301937547973781,2.681801075268817,332.5433333333333,0.0,0.1,0.6,29.203333333333333,61.556,0.235510752688172,"[10, 10, 10]",-0.5,0.8
