method,seed_num,num_sims,E_activated_users,variance,std_deviation,avg_steps,total_steps,degree_exponent_tran,log_alpha_slope,log_beta_slope,E_redemptions,comprehensive_score,usage_rate,random_dirichlet,degree_exponent_succ,degree_exponent_dis
random,292,600,40.585,28.992775,5.384493940938183,2.662642694063927,777.4916666666668,0.0,0.1,0.6,43.66833333333334,119.87583333333336,0.1495490867579909,"[10, 10, 10]",-0.5,0.8
degreeTopM,292,600,37.20333333333333,27.588655555555555,5.252490414608632,2.5805821917808216,753.5299999999999,0.0,0.1,0.6,40.02166666666667,113.9655,0.137060502283105,"[10, 10, 10]",-0.5,0.8
pageRank,292,600,37.89,27.9779,5.289413956195904,2.597962328767123,758.605,0.0,0.1,0.6,41.14666666666667,115.37883333333332,0.1409132420091324,"[10, 10, 10]",-0.5,0.8
alpha_sort,292,600,45.14333333333333,31.969455555555555,5.654153831967747,2.646033105022831,772.6416666666667,0.0,0.1,0.6,48.94,124.30583333333334,0.1676027397260273,"[10, 10, 10]",-0.5,0.8
ris_path_aware,292,600,48.05931139942105,36.56355308352662,5.744647508768488,2.8434025684931514,802.1966666666667,0.0,0.1,0.6,52.818795288921685,127.73550000000002,0.1699543378995433,"[10, 10, 10]",-0.5,0.8
1hop_sort,292,600,45.75,29.6775,5.447705939200463,2.667163242009132,778.8116666666666,0.0,0.1,0.6,50.125,125.81866666666669,0.1716609589041096,"[10, 10, 10]",-0.5,0.8
