method,seed_num,num_sims,E_activated_users,variance,std_deviation,avg_steps,total_steps,degree_exponent_tran,log_alpha_slope,log_beta_slope,E_redemptions,comprehensive_score,usage_rate,random_dirichlet,degree_exponent_succ,degree_exponent_dis
random,304,600,42.553333333333335,29.363822222222225,5.4188395641707485,2.7162225877192983,825.7316666666667,0.0,0.1,0.6,46.365,127.03233333333336,0.152516447368421,"[10, 10, 10]",-0.5,0.8
degreeTopM,304,600,40.115,27.658441666666672,5.259129363941019,2.619133771929824,796.2166666666666,0.0,0.1,0.6,43.92,121.63916666666668,0.1444736842105263,"[10, 10, 10]",-0.5,0.8
pageRank,304,600,40.43666666666667,27.432655555555552,5.237619264088939,2.6527905701754384,806.4483333333333,0.0,0.1,0.6,44.385,123.05566666666668,0.1460032894736842,"[10, 10, 10]",-0.5,0.8
alpha_sort,304,600,46.93,33.191766666666666,5.761229614124633,2.715910087719298,825.6366666666667,0.0,0.1,0.6,51.405,131.7311666666667,0.1690953947368421,"[10, 10, 10]",-0.5,0.8
ris_path_aware,304,600,49.99959579610019,35.06613137426264,5.621345973657514,2.926857712736441,846.9333333333333,0.0,0.1,0.6,55.407795426873356,134.6483333333333,0.1721984649122807,"[10, 10, 10]",-0.5,0.8
1hop_sort,304,600,47.11833333333333,29.27433055555555,5.410575806284905,2.68577850877193,816.4766666666667,0.0,0.1,0.6,52.001666666666665,131.20766666666668,0.1710581140350877,"[10, 10, 10]",-0.5,0.8
