method,seed_num,num_sims,E_activated_users,variance,std_deviation,avg_steps,total_steps,degree_exponent_tran,log_alpha_slope,log_beta_slope,E_redemptions,comprehensive_score,usage_rate,random_dirichlet,degree_exponent_succ,degree_exponent_dis
random,268,600,41.373333333333335,28.950622222222226,5.380578242365984,2.795205223880597,749.115,0.0,0.1,0.6,44.943333333333335,118.06983333333334,0.1676990049751243,"[10, 10, 10]",-0.5,0.8
degreeTopM,268,600,35.605,26.16230833333333,5.114910393480352,2.636598258706468,706.6083333333333,0.0,0.1,0.6,38.65,107.78833333333334,0.1442164179104477,"[10, 10, 10]",-0.5,0.8
pageRank,268,600,36.56,26.576400000000003,5.155230353728144,2.6605721393034827,713.0333333333333,0.0,0.1,0.6,39.79666666666667,109.48166666666664,0.1484950248756218,"[10, 10, 10]",-0.5,0.8
alpha_sort,268,600,45.88166666666667,31.45099722222222,5.608118866627402,2.75794776119403,739.1300000000001,0.0,0.1,0.6,50.00833333333333,121.858,0.1865982587064676,"[10, 10, 10]",-0.5,0.8
ris_path_aware,268,600,49.0848479703436,35.70567994328145,5.667921184663347,3.0124721953682494,768.8833333333332,0.0,0.1,0.6,54.833299999999994,126.05583333333333,0.1921144278606965,"[10, 10, 10]",-0.5,0.8
1hop_sort,268,600,46.77333333333333,27.85862222222222,5.278126772087065,2.7602985074626862,739.7599999999999,0.0,0.1,0.6,51.69833333333333,123.21183333333332,0.1929042288557214,"[10, 10, 10]",-0.5,0.8
