method,seed_num,num_sims,E_activated_users,variance,std_deviation,avg_steps,total_steps,degree_exponent_tran,log_alpha_slope,log_beta_slope,E_redemptions,comprehensive_score,usage_rate,random_dirichlet,degree_exponent_succ,degree_exponent_dis
random,376,600,54.805,38.27697499999999,6.186838853566496,2.732929964539007,1027.5816666666665,0.0,0.1,0.6,61.583333333333336,160.9523333333333,0.1637854609929078,"[10, 10, 10]",-0.5,0.8
degreeTopM,376,600,54.54,33.008399999999995,5.745293726172753,2.7349468085106383,1028.34,0.0,0.1,0.6,61.29166666666666,160.74983333333333,0.1630097517730496,"[10, 10, 10]",-0.5,0.8
pageRank,376,600,54.96,36.63173333333334,6.052415495761451,2.733603723404256,1027.835,0.0,0.1,0.6,61.795,161.161,0.1643484042553191,"[10, 10, 10]",-0.5,0.8
alpha_sort,376,600,54.93833333333333,37.88119722222222,6.154770281840112,2.737358156028369,1029.246666666667,0.0,0.1,0.6,61.75666666666667,161.27216666666666,0.1642464539007092,"[10, 10, 10]",-0.5,0.8
ris_path_aware,376,600,57.801814172547125,40.18262255577831,6.054451989147234,2.841791517046914,1031.1733333333334,0.0,0.1,0.6,65.43309349220081,161.6556666666667,0.1647872340425532,"[10, 10, 10]",-0.5,0.8
1hop_sort,376,600,54.74,35.21906666666667,5.934565415147656,2.729219858156028,1026.1866666666665,0.0,0.1,0.6,61.50666666666667,160.742,0.1635815602836879,"[10, 10, 10]",-0.5,0.8
