method,seed_num,num_sims,E_activated_users,variance,std_deviation,avg_steps,total_steps,degree_exponent_tran,log_alpha_slope,log_beta_slope,E_redemptions,comprehensive_score,usage_rate,random_dirichlet,degree_exponent_succ,degree_exponent_dis
random,328,600,47.373333333333335,35.220622222222225,5.934696472627916,2.675553861788618,877.5816666666667,0.0,0.1,0.6,51.75,137.31983333333335,0.1577743902439024,"[10, 10, 10]",-0.5,0.8
degreeTopM,328,600,45.87166666666667,30.901863888888894,5.558944494136354,2.6103963414634146,856.21,0.0,0.1,0.6,49.92166666666667,133.51766666666668,0.1522002032520325,"[10, 10, 10]",-0.5,0.8
pageRank,328,600,46.23833333333334,29.41153055555556,5.423239857829963,2.626290650406504,861.4233333333334,0.0,0.1,0.6,50.498333333333335,134.51066666666668,0.1539583333333333,"[10, 10, 10]",-0.5,0.8
alpha_sort,328,600,49.85333333333333,34.888488888888894,5.90664785550052,2.6757621951219512,877.65,0.0,0.1,0.6,54.586666666666666,139.985,0.1664227642276422,"[10, 10, 10]",-0.5,0.8
ris_path_aware,328,600,53.00964772957337,38.38511512010679,5.899321053213573,2.8799967192760967,897.5533333333334,0.0,0.1,0.6,58.23038774886088,142.772,0.1691971544715447,"[10, 10, 10]",-0.5,0.8
1hop_sort,328,600,50.25666666666667,35.46745555555555,5.955455948586603,2.666864837398374,874.7316666666667,0.0,0.1,0.6,55.32833333333333,140.26566666666668,0.1686839430894308,"[10, 10, 10]",-0.5,0.8
