method,seed_num,num_sims,E_activated_users,variance,std_deviation,avg_steps,total_steps,degree_exponent_tran,log_alpha_slope,log_beta_slope,E_redemptions,comprehensive_score,usage_rate,random_dirichlet,degree_exponent_succ,degree_exponent_dis
random,256,600,36.535,27.808775,5.273402601736378,2.7519596354166667,704.5016666666667,0.0,0.1,0.6,39.15166666666666,108.2935,0.1529361979166666,"[10, 10, 10]",-0.5,0.8
degreeTopM,256,600,33.28333333333333,24.00305555555556,4.899291331973998,2.6465494791666666,677.5166666666667,0.0,0.1,0.6,35.985,102.38583333333332,0.14056640625,"[10, 10, 10]",-0.5,0.8
pageRank,256,600,33.971666666666664,22.64419722222222,4.758591936930737,2.66662109375,682.655,0.0,0.1,0.6,36.825,103.66383333333334,0.14384765625,"[10, 10, 10]",-0.5,0.8
alpha_sort,256,600,41.818333333333335,28.54866388888889,5.343094972849434,2.737076822916667,700.6916666666667,0.0,0.1,0.6,44.915,113.43583333333332,0.17544921875,"[10, 10, 10]",-0.5,0.8
ris_path_aware,256,600,44.85120470941065,33.63380568721818,5.493316899247263,3.0155728828625583,735.9933333333333,0.0,0.1,0.6,49.21611002086224,118.00016666666669,0.1809114583333333,"[10, 10, 10]",-0.5,0.8
1hop_sort,256,600,42.02666666666666,29.372622222222223,5.419651485309939,2.7129557291666666,694.5166666666667,0.0,0.1,0.6,46.18333333333333,113.55666666666669,0.1804036458333333,"[10, 10, 10]",-0.5,0.8
