method,seed_num,num_sims,E_activated_users,variance,std_deviation,avg_steps,total_steps,degree_exponent_tran,log_alpha_slope,log_beta_slope,E_redemptions,comprehensive_score,usage_rate,random_dirichlet,degree_exponent_succ,degree_exponent_dis
random,184,600,25.95,19.074166666666667,4.367398157560937,2.6866485507246374,494.3433333333333,0.0,0.1,0.6,27.29833333333333,76.0585,0.1483605072463768,"[10, 10, 10]",-0.5,0.8
degreeTopM,184,600,22.078333333333333,18.862197222222225,4.343063115155273,2.49419384057971,458.9316666666666,0.0,0.1,0.6,23.49,68.67733333333334,0.1276630434782608,"[10, 10, 10]",-0.5,0.8
pageRank,184,600,23.07333333333333,18.424622222222222,4.292391200976703,2.5746920289855075,473.7433333333334,0.0,0.1,0.6,24.335,71.0785,0.1322554347826087,"[10, 10, 10]",-0.5,0.8
alpha_sort,184,600,32.91,24.2219,4.9215749511716265,2.6678985507246376,490.8933333333333,0.0,0.1,0.6,34.705,82.89683333333333,0.1886141304347826,"[10, 10, 10]",-0.5,0.8
ris_path_aware,184,600,35.48930659958936,27.098762596559244,4.929015847227743,3.065903711782112,536.9366666666666,0.0,0.1,0.6,38.544125,88.64533333333333,0.1966938405797101,"[10, 10, 10]",-0.5,0.8
1hop_sort,184,600,33.50833333333333,21.146597222222223,4.5985429455668045,2.6590489130434785,489.265,0.0,0.1,0.6,35.895,83.62816666666667,0.1950815217391304,"[10, 10, 10]",-0.5,0.8
