method,seed_num,num_sims,E_activated_users,variance,std_deviation,avg_steps,total_steps,degree_exponent_tran,log_alpha_slope,log_beta_slope,E_redemptions,comprehensive_score,usage_rate,random_dirichlet,degree_exponent_succ,degree_exponent_dis
random,148,600,21.865,14.966774999999998,3.868691639301328,2.650067567567568,392.21,0.0,0.1,0.6,22.68,61.4935,0.1532432432432432,"[10, 10, 10]",-0.5,0.8
degreeTopM,148,600,17.4,12.666666666666666,3.559026084010437,2.437105855855856,360.6916666666666,0.0,0.1,0.6,18.238333333333333,53.88833333333333,0.1232319819819819,"[10, 10, 10]",-0.5,0.8
pageRank,148,600,17.805,13.786975000000002,3.713081604274272,2.4743243243243245,366.2000000000001,0.0,0.1,0.6,18.566666666666663,54.80583333333334,0.1254504504504504,"[10, 10, 10]",-0.5,0.8
alpha_sort,148,600,29.17833333333333,17.45986388888889,4.17850019610971,2.627094594594595,388.81000000000006,0.0,0.1,0.6,30.776666666666667,68.8585,0.2079504504504504,"[10, 10, 10]",-0.5,0.8
ris_path_aware,148,600,30.550757054213385,22.583357938586197,4.514421336118285,3.098628396028743,433.5416666666667,0.0,0.1,0.6,33.44612554447539,73.8175,0.2136936936936936,"[10, 10, 10]",-0.5,0.8
1hop_sort,148,600,29.961666666666662,20.493530555555555,4.526978082071477,2.685304054054054,397.425,0.0,0.1,0.6,32.376666666666665,70.91166666666668,0.2187612612612612,"[10, 10, 10]",-0.5,0.8
