method,seed_num,num_sims,E_activated_users,variance,std_deviation,avg_steps,total_steps,degree_exponent_tran,log_alpha_slope,log_beta_slope,E_redemptions,comprehensive_score,usage_rate,random_dirichlet,degree_exponent_succ,degree_exponent_dis
random,244,600,37.28833333333333,27.871863888888885,5.279381013801607,2.772609289617486,676.5166666666667,0.0,0.1,0.6,39.97166666666666,106.28166666666668,0.1638183060109289,"[10, 10, 10]",-0.5,0.8
degreeTopM,244,600,33.495,23.689975,4.867234841262541,2.5930122950819667,632.6949999999999,0.0,0.1,0.6,36.065,98.0495,0.1478073770491803,"[10, 10, 10]",-0.5,0.8
pageRank,244,600,35.33166666666666,23.01833055555555,4.79774223521393,2.651058743169399,646.8583333333333,0.0,0.1,0.6,38.39833333333333,101.55083333333332,0.1573702185792349,"[10, 10, 10]",-0.5,0.8
alpha_sort,244,600,44.075,31.422708333333333,5.6055961621698485,2.7326024590163933,666.755,0.0,0.1,0.6,47.53,112.478,0.1947950819672131,"[10, 10, 10]",-0.5,0.8
ris_path_aware,244,600,47.29249767526393,33.78554866399011,5.558356071917507,3.059587165877989,713.3866666666667,0.0,0.1,0.6,50.870250000000006,118.312,0.2014344262295082,"[10, 10, 10]",-0.5,0.8
1hop_sort,244,600,44.745,31.143308333333334,5.580618991951819,2.7382991803278687,668.145,0.0,0.1,0.6,49.08,113.727,0.2011475409836065,"[10, 10, 10]",-0.5,0.8
