method,seed_num,num_sims,E_activated_users,variance,std_deviation,avg_steps,total_steps,degree_exponent_tran,log_alpha_slope,log_beta_slope,E_redemptions,comprehensive_score,usage_rate,random_dirichlet,degree_exponent_succ,degree_exponent_dis
random,28,600,3.8666666666666663,3.282222222222222,1.8116904322268252,2.791428571428572,78.16,0.0,0.1,0.6,3.8916666666666666,11.695166666666664,0.1389880952380952,"[10, 10, 10]",-0.5,0.8
degreeTopM,28,600,2.986666666666667,2.3198222222222222,1.523096261640157,2.2197023809523806,62.15166666666666,0.0,0.1,0.6,3.02,9.2185,0.1078571428571428,"[10, 10, 10]",-0.5,0.8
pageRank,28,600,2.7516666666666665,2.553330555555556,1.5979144393726328,2.30922619047619,64.65833333333333,0.0,0.1,0.6,2.795,9.239166666666666,0.0998214285714285,"[10, 10, 10]",-0.5,0.8
alpha_sort,28,600,7.571666666666666,5.601530555555555,2.366755280031198,2.43375,68.145,0.0,0.1,0.6,7.645,14.422833333333331,0.2730357142857142,"[10, 10, 10]",-0.5,0.8
ris_path_aware,28,600,7.7914894792807745,5.331485605692,2.190880086986861,3.2149197020512457,86.24833333333332,0.0,0.1,0.6,7.911239791108879,16.039,0.2679166666666667,"[10, 10, 10]",-0.5,0.8
1hop_sort,28,600,7.706666666666667,4.990622222222222,2.2339700584883007,2.5151785714285717,70.425,0.0,0.1,0.6,7.94,14.865833333333336,0.2835714285714286,"[10, 10, 10]",-0.5,0.8
