method,seed_num,num_sims,E_activated_users,variance,std_deviation,avg_steps,total_steps,degree_exponent_tran,log_alpha_slope,log_beta_slope,E_redemptions,comprehensive_score,usage_rate,random_dirichlet,degree_exponent_succ,degree_exponent_dis
random,172,600,23.26833333333333,16.88299722222222,4.108892456882051,2.7388178294573646,471.0766666666667,0.0,0.1,0.6,24.27166666666667,70.87766666666667,0.1411143410852713,"[10, 10, 10]",-0.5,0.8
degreeTopM,172,600,19.701666666666668,14.985997222222226,3.87117517328036,2.564980620155039,441.17666666666673,0.0,0.1,0.6,20.845,64.39100000000002,0.1211918604651162,"[10, 10, 10]",-0.5,0.8
pageRank,172,600,20.74,16.265733333333333,4.0330798818438165,2.6069476744186044,448.395,0.0,0.1,0.6,21.895,66.157,0.1272965116279069,"[10, 10, 10]",-0.5,0.8
alpha_sort,172,600,30.081666666666667,25.774997222222225,5.076908234567789,2.7064147286821703,465.5033333333333,0.0,0.1,0.6,31.55333333333333,77.36783333333332,0.1834496124031008,"[10, 10, 10]",-0.5,0.8
ris_path_aware,172,600,31.76953184844777,24.03922098666487,4.676322154095982,3.021146947674419,502.065,0.0,0.1,0.6,33.820365545159255,81.28483333333334,0.1861627906976744,"[10, 10, 10]",-0.5,0.8
1hop_sort,172,600,30.54,21.76173333333333,4.664947302310427,2.706715116279069,465.555,0.0,0.1,0.6,32.55,78.1005,0.1892441860465116,"[10, 10, 10]",-0.5,0.8
