method,seed_num,num_sims,E_activated_users,variance,std_deviation,avg_steps,total_steps,E_redemptions,comprehensive_score,usage_rate,random_dirichlet,degree_exponent_succ,degree_exponent_dis,degree_exponent_tran
random,10,500,2.538,1.6685560000000002,1.2917259771329213,1.977,19.77,2.55,4.521,0.255,"[10, 10, 10]",-0.5,0.8,0.0
degreeTopM,10,500,1.106,0.930764,0.9647611103273183,1.6268,16.268,1.112,2.7358000000000002,0.11120000000000001,"[10, 10, 10]",-0.5,0.8,0.0
pageRank,10,500,1.422,1.2159160000000002,1.1026858120063032,1.5926,15.926,1.424,3.0156,0.1424,"[10, 10, 10]",-0.5,0.8,0.0
alpha_sort,10,500,4.926,2.3605240000000003,1.5363996875813273,1.6734,16.734,4.926,6.5994,0.49260000000000004,"[10, 10, 10]",-0.5,0.8,0.0
ris_optimized,10,500,5.024,2.299424,1.516385175342993,1.905,19.05,5.024,6.929,0.5024,"[10, 10, 10]",-0.5,0.8,0.0
1hop_sort,10,500,4.974,2.413324,1.5534876890403733,1.7624000000000002,17.624000000000002,4.974,6.736400000000001,0.4974,"[10, 10, 10]",-0.5,0.8,0.0
