method,seed_num,num_sims,E_activated_users,variance,std_deviation,avg_steps,total_steps,log_alpha_slope,log_beta_slope,degree_power_h,E_redemptions,comprehensive_score
ris_path_aware,90,600,3.763333333333333,3.367322222222222,1.8350264908775082,1.6014074074074072,144.12666666666664,0.1,0.6,-0.5,3.8516666666666666,18.220166666666664
ris_path_aware,90,600,20.956666666666667,14.874788888888888,3.8567847864366103,2.9722407407407405,267.50166666666667,0.1,0.6,1.0,22.381666666666668,48.41933333333334
ris_path_aware,90,600,27.338333333333335,16.643863888888887,4.079689190231149,3.574574074074074,321.71166666666664,0.1,0.6,1.5,29.248333333333335,60.4645
