method,seed_num,num_sims,E_activated_users,variance,std_deviation,avg_steps,total_steps,log_alpha_slope,log_beta_slope,degree_power_h,E_redemptions,comprehensive_score
ris_path_aware,50,600,2.925,2.4327083333333333,1.559714183218622,1.6494666666666666,82.47333333333333,0.1,0.6,-0.5,2.965,11.192333333333334
ris_path_aware,50,600,13.248333333333333,7.9999972222222215,2.8284266336997717,2.8695333333333335,143.4766666666667,0.1,0.6,1.0,13.773333333333333,27.858500000000003
ris_path_aware,50,600,16.51,9.849900000000002,3.1384550339299113,3.8052333333333332,190.26166666666666,0.1,0.6,1.5,17.218333333333334,35.89033333333333
