method,seed_num,num_sims,E_activated_users,variance,std_deviation,avg_steps,total_steps,log_alpha_slope,log_beta_slope,degree_power_h,E_redemptions,comprehensive_score
ris_path_aware,40,600,2.941666666666667,2.6715972222222226,1.6345021328288998,1.6729166666666666,66.91666666666666,0.1,0.6,-0.5,2.9766666666666666,9.650833333333333
ris_path_aware,40,600,10.166666666666666,7.312222222222223,2.7041120949809425,2.8329583333333335,113.31833333333334,0.1,0.6,1.0,10.39,21.610166666666668
ris_path_aware,40,600,13.395,8.395641666666666,2.897523367751616,3.725916666666667,149.0366666666667,0.1,0.6,1.5,13.813333333333333,28.507833333333338
