method,seed_num,num_sims,E_activated_users,variance,std_deviation,avg_steps,total_steps,log_alpha_slope,log_beta_slope,degree_power_h,E_redemptions,comprehensive_score
ris_path_aware,30,600,2.6066666666666665,2.288622222222222,1.5128192959577895,1.5775555555555556,47.32666666666667,0.1,0.6,-0.5,2.651666666666667,7.361833333333333
ris_path_aware,30,600,8.483333333333333,5.603055555555555,2.367077429142434,2.955722222222222,88.67166666666667,0.1,0.6,1.0,8.658333333333333,17.438000000000002
ris_path_aware,30,600,10.725,6.086041666666667,2.4669904066831445,3.5973333333333333,107.92,0.1,0.6,1.5,11.131666666666666,21.720333333333336
