method,seed_num,num_sims,E_activated_users,variance,std_deviation,avg_steps,total_steps,log_alpha_slope,log_beta_slope,degree_power_h,E_redemptions,comprehensive_score
ris_path_aware,10,600,0.97,0.8491,0.9214662229295222,1.6853333333333333,16.85333333333333,0.1,0.6,-0.5,0.97,2.655333333333333
ris_path_aware,10,600,3.0966666666666667,2.0306555555555557,1.425010721207232,2.976666666666667,29.76666666666667,0.1,0.6,1.0,3.1283333333333334,6.089166666666667
ris_path_aware,10,600,4.011666666666667,2.408197222222222,1.551836725374877,4.479166666666667,44.79166666666667,0.1,0.6,1.5,4.06,8.515
