method,seed_num,num_sims,E_activated_users,variance,std_deviation,avg_steps,total_steps,log_alpha_slope,log_beta_slope,degree_power_h,E_redemptions,comprehensive_score
ris_path_aware,80,600,4.57,4.2184333333333335,2.0538825023192864,1.7222499999999998,137.77999999999997,0.1,0.6,-0.5,4.6883333333333335,18.407166666666665
ris_path_aware,80,600,20.643333333333334,12.562788888888889,3.5444024727574166,2.9686041666666667,237.48833333333334,0.1,0.6,1.0,21.705,44.923
ris_path_aware,80,600,25.191666666666666,14.728263888888886,3.8377420300078646,3.603708333333333,288.2966666666666,0.1,0.6,1.5,26.715,54.783
