method,seed_num,num_sims,E_activated_users,variance,std_deviation,avg_steps,total_steps,log_alpha_slope,log_beta_slope,degree_power_h,E_redemptions,comprehensive_score
ris_path_aware,20,600,1.9233333333333333,1.6941222222222223,1.3015845044491818,1.6604999999999999,33.209999999999994,0.1,0.6,-0.5,1.9416666666666667,5.2535
ris_path_aware,20,600,6.636666666666667,3.794655555555555,1.947987565554656,3.04825,60.964999999999996,0.1,0.6,1.0,6.933333333333334,12.881499999999999
ris_path_aware,20,600,6.925,4.249375,2.0614012224698035,3.964333333333334,79.28666666666669,0.1,0.6,1.5,7.093333333333334,14.937833333333337
