method,seed_num,num_sims,E_activated_users,variance,std_deviation,avg_steps,total_steps,log_alpha_slope,log_beta_slope,degree_power_h,E_redemptions,comprehensive_score
ris_path_aware,60,600,3.29,3.129233333333333,1.768963915215156,1.6278055555555557,97.66833333333335,0.1,0.6,-0.5,3.3733333333333335,13.098500000000003
ris_path_aware,60,600,14.603333333333333,8.642655555555557,2.939839375808746,2.993638888888889,179.61833333333334,0.1,0.6,1.0,15.785,33.156000000000006
ris_path_aware,60,600,19.79,12.129233333333332,3.482704887488076,3.6306111111111115,217.8366666666667,0.1,0.6,1.5,21.018333333333334,42.187833333333344
