method,seed_num,num_sims,E_activated_users,variance,std_deviation,avg_steps,total_steps,log_alpha_slope,log_beta_slope,degree_power_h,E_redemptions,comprehensive_score
ris_path_aware,70,600,3.195,2.990308333333333,1.7292508011660233,1.6746666666666665,117.22666666666666,0.1,0.6,-0.5,3.26,14.950166666666668
ris_path_aware,70,600,18.315,11.139108333333333,3.3375302745193687,2.8802380952380955,201.61666666666667,0.1,0.6,1.0,19.44333333333333,39.04083333333334
ris_path_aware,70,600,22.063333333333333,13.259322222222224,3.641335225191746,3.7595952380952378,263.1716666666666,0.1,0.6,1.5,23.283333333333335,48.9905
