method,seed_num,num_sims,E_activated_users,variance,std_deviation,avg_steps,total_steps,log_alpha_slope,log_beta_slope,degree_power_h,E_redemptions,comprehensive_score
ris_path_aware,100,600,4.226666666666667,3.738622222222222,1.9335517118045285,1.6815166666666665,168.15166666666664,0.1,0.6,-0.5,4.3,21.0785
ris_path_aware,100,600,23.14,14.940399999999997,3.8652813610395813,2.974766666666667,297.4766666666667,0.1,0.6,1.0,24.678333333333335,53.65683333333334
ris_path_aware,100,600,28.995,17.98164166666667,4.240476584850654,3.684416666666666,368.4416666666666,0.1,0.6,1.5,30.936666666666667,66.81
