method,seed_num,num_sims,E_activated_users,variance,std_deviation,avg_steps,total_steps,E_redemptions,comprehensive_score,usage_rate,random_dirichlet,degree_exponent_succ,degree_exponent_dis,degree_exponent_tran
random,10,500,7.962,1.380556,1.174970637931008,3.8116000000000003,38.116,7.98,11.7826,0.798,"[10, 10, 10]",0.1,0.1,0.1
degreeTopM,10,500,8.112,1.487456,1.2196130533902956,4.0196,40.196,8.162,12.156600000000001,0.8162,"[10, 10, 10]",0.1,0.1,0.1
pageRank,10,500,7.88,1.4895999999999998,1.2204917041913885,3.8946,38.946,7.928,11.7986,0.7928,"[10, 10, 10]",0.1,0.1,0.1
alpha_sort,10,500,3.902,2.3283959999999997,1.52590825412277,1.4116000000000002,14.116000000000001,4.004,5.3646,0.4004,"[10, 10, 10]",0.1,0.1,0.1
ris_optimized,10,500,8.76,1.1384,1.0669582934679311,4.3232,43.232,8.826,13.1162,0.8826,"[10, 10, 10]",0.1,0.1,0.1
