method,seed_num,num_sims,E_activated_users,variance,std_deviation,avg_steps,total_steps,E_redemptions,comprehensive_score,usage_rate,random_dirichlet,degree_exponent_succ,degree_exponent_dis,degree_exponent_tran
random,70,500,50.81,10.661900000000001,3.2652564983474117,3.7137714285714285,259.964,53.23,78.0164,0.7604285714285713,"[10, 10, 10]",0.1,0.1,0.1
degreeTopM,70,500,54.824,10.573024000000002,3.2516186738300052,4.079228571428572,285.546,57.96,84.94659999999999,0.828,"[10, 10, 10]",0.1,0.1,0.1
pageRank,70,500,53.82,10.547600000000001,3.247706883325526,3.9825714285714287,278.78000000000003,56.512,83.044,0.8073142857142858,"[10, 10, 10]",0.1,0.1,0.1
alpha_sort,70,500,29.572,18.484816,4.2993971670456315,1.5862857142857143,111.04,30.132,40.956,0.43045714285714287,"[10, 10, 10]",0.1,0.1,0.1
ris_optimized,70,500,59.052,8.401295999999999,2.8984989218559316,4.304399999999999,301.30799999999994,61.026,90.1698,0.8718,"[10, 10, 10]",0.1,0.1,0.1
