method,seed_num,num_sims,E_activated_users,variance,std_deviation,avg_steps,total_steps,E_redemptions,comprehensive_score,usage_rate,random_dirichlet,degree_exponent_succ,degree_exponent_dis,degree_exponent_tran
random,30,500,22.22,4.583600000000001,2.140934375453858,3.6694,110.082,22.546,33.3912,0.7515333333333333,"[10, 10, 10]",0.1,0.1,0.1
degreeTopM,30,500,23.828,4.250416,2.0616537051600106,4.005533333333333,120.166,24.46,36.1606,0.8153333333333334,"[10, 10, 10]",0.1,0.1,0.1
pageRank,30,500,23.632,4.252576000000001,2.0621774899363055,3.9706666666666663,119.11999999999999,24.2,35.828,0.8066666666666666,"[10, 10, 10]",0.1,0.1,0.1
alpha_sort,30,500,12.85,8.1635,2.857183928276232,1.5804,47.412,13.09,17.711199999999998,0.43633333333333335,"[10, 10, 10]",0.1,0.1,0.1
ris_optimized,30,500,25.81,3.6218999999999997,1.9031290024588454,4.354,130.62,26.41,39.172,0.8803333333333333,"[10, 10, 10]",0.1,0.1,0.1
