method,seed_num,num_sims,E_activated_users,variance,std_deviation,avg_steps,total_steps,E_redemptions,comprehensive_score,usage_rate,random_dirichlet,degree_exponent_succ,degree_exponent_dis,degree_exponent_tran
random,60,500,40.876,7.648624,2.765614579076412,3.3937999999999997,203.628,41.742,61.6718,0.6957,"[10, 10, 10]",0.1,0.1,0.1
degreeTopM,60,500,46.83,8.789100000000001,2.96464163095643,4.077133333333333,244.628,49.3,72.5278,0.8216666666666667,"[10, 10, 10]",0.1,0.1,0.1
pageRank,60,500,46.442,8.578636000000001,2.9289308629600668,4.011466666666666,240.688,48.52,71.5498,0.8086666666666668,"[10, 10, 10]",0.1,0.1,0.1
alpha_sort,60,500,24.978,15.505516,3.9377044073927134,1.5639333333333334,93.836,25.546,34.6456,0.4257666666666667,"[10, 10, 10]",0.1,0.1,0.1
ris_optimized,60,500,51.586,6.874604,2.621946605100874,4.399033333333334,263.942,53.294,78.8342,0.8882333333333333,"[10, 10, 10]",0.1,0.1,0.1
