method,seed_num,num_sims,E_activated_users,variance,std_deviation,avg_steps,total_steps,E_redemptions,comprehensive_score,usage_rate,random_dirichlet,degree_exponent_succ,degree_exponent_dis,degree_exponent_tran
random,100,500,74.058,12.874636000000002,3.5881243010798833,3.8515600000000005,385.15600000000006,77.706,114.39760000000001,0.7770600000000001,"[10, 10, 10]",0.1,0.1,0.1
degreeTopM,100,500,76.356,14.673264,3.8305696704276246,4.08882,408.882,82.282,120.2072,0.82282,"[10, 10, 10]",0.1,0.1,0.1
pageRank,100,500,75.522,13.689516000000001,3.6999345940164945,3.9870799999999997,398.70799999999997,80.286,117.7748,0.80286,"[10, 10, 10]",0.1,0.1,0.1
alpha_sort,100,500,41.576,23.448224000000003,4.842336626051519,1.5684200000000001,156.842,42.68,57.812200000000004,0.4268,"[10, 10, 10]",0.1,0.1,0.1
ris_optimized,100,500,82.63,14.697099999999999,3.833679694497181,4.2988599999999995,429.88599999999997,86.982,127.7946,0.86982,"[10, 10, 10]",0.1,0.1,0.1
