method,seed_num,num_sims,E_activated_users,variance,std_deviation,avg_steps,total_steps,E_redemptions,comprehensive_score,usage_rate,random_dirichlet,degree_exponent_succ,degree_exponent_dis,degree_exponent_tran
random,80,500,60.224,10.845823999999999,3.293299864877172,3.823875,305.91,61.84,91.623,0.773,"[10, 10, 10]",0.1,0.1,0.1
degreeTopM,80,500,62.356,10.765264,3.281046174621747,4.103775,328.30199999999996,66.556,97.28620000000001,0.83195,"[10, 10, 10]",0.1,0.1,0.1
pageRank,80,500,61.09,13.797900000000002,3.7145524629489355,3.972825,317.82599999999996,64.216,94.4356,0.8027,"[10, 10, 10]",0.1,0.1,0.1
alpha_sort,80,500,33.562,18.878156,4.344899998849225,1.58065,126.45200000000001,34.312,46.5822,0.42889999999999995,"[10, 10, 10]",0.1,0.1,0.1
ris_optimized,80,500,67.48,8.4256,2.9026884090442775,4.335700000000001,346.8560000000001,70.264,103.55760000000001,0.8783,"[10, 10, 10]",0.1,0.1,0.1
