method,seed_num,num_sims,E_activated_users,variance,std_deviation,avg_steps,total_steps,E_redemptions,comprehensive_score,usage_rate,random_dirichlet,degree_exponent_succ,degree_exponent_dis,degree_exponent_tran
random,50,500,36.616,6.828544000000002,2.613148292768706,3.6841999999999997,184.20999999999998,37.132,55.294999999999995,0.74264,"[10, 10, 10]",0.1,0.1,0.1
degreeTopM,50,500,39.24,7.9664,2.8224811779709,4.06864,203.43200000000002,41.038,60.4822,0.8207599999999999,"[10, 10, 10]",0.1,0.1,0.1
pageRank,50,500,39.3,6.7860000000000005,2.6049952015310893,4.041600000000001,202.08000000000004,40.904,60.31000000000001,0.81808,"[10, 10, 10]",0.1,0.1,0.1
alpha_sort,50,500,21.024,12.075424,3.474971079016342,1.56236,78.118,21.472,29.059800000000003,0.42944000000000004,"[10, 10, 10]",0.1,0.1,0.1
ris_optimized,50,500,43.148,5.206096,2.2816870951118604,4.3942,219.70999999999998,44.4,65.745,0.888,"[10, 10, 10]",0.1,0.1,0.1
