method,seed_num,num_sims,E_activated_users,variance,std_deviation,avg_steps,total_steps,E_redemptions,comprehensive_score,usage_rate,random_dirichlet,degree_exponent_succ,degree_exponent_dis,degree_exponent_tran
random,20,500,16.29,2.1218999999999997,1.4566742944117603,4.1368,82.736,16.482,24.659599999999998,0.8240999999999999,"[10, 10, 10]",0.1,0.1,0.1
degreeTopM,20,500,16.298,2.673196,1.6349911314744188,4.089900000000001,81.79800000000002,16.552,24.604799999999997,0.8276,"[10, 10, 10]",0.1,0.1,0.1
pageRank,20,500,15.826,2.7317240000000003,1.652792787980393,3.9454000000000002,78.908,16.024,23.815800000000003,0.8012,"[10, 10, 10]",0.1,0.1,0.1
alpha_sort,20,500,8.178,4.730316,2.174928964357227,1.5331,30.662,8.32,11.3152,0.41600000000000004,"[10, 10, 10]",0.1,0.1,0.1
ris_optimized,20,500,17.258,2.2714359999999996,1.5071283953266887,4.340599999999999,86.81199999999998,17.494,26.057199999999995,0.8747,"[10, 10, 10]",0.1,0.1,0.1
