method,seed_num,num_sims,E_activated_users,variance,std_deviation,avg_steps,total_steps,E_redemptions,comprehensive_score,usage_rate,random_dirichlet,degree_exponent_succ,degree_exponent_dis,degree_exponent_tran
random,40,500,29.028,5.843216,2.4172744982727963,3.7393,149.572,29.556,44.2492,0.7389,"[10, 10, 10]",0.1,0.1,0.1
degreeTopM,40,500,31.744,5.102464,2.2588634310201225,4.0664,162.656,32.934,48.604600000000005,0.8233499999999999,"[10, 10, 10]",0.1,0.1,0.1
pageRank,40,500,31.578,5.655916,2.378216979167376,4.01085,160.43399999999997,32.506,48.0854,0.81265,"[10, 10, 10]",0.1,0.1,0.1
alpha_sort,40,500,16.926,9.700524000000001,3.1145664224736005,1.5693000000000001,62.772000000000006,17.246,23.3632,0.43115,"[10, 10, 10]",0.1,0.1,0.1
ris_optimized,40,500,34.558,4.442636,2.1077561528791704,4.38155,175.262,35.29,52.450199999999995,0.88225,"[10, 10, 10]",0.1,0.1,0.1
