method,seed_num,num_sims,E_activated_users,variance,std_deviation,avg_steps,total_steps,E_redemptions,comprehensive_score,usage_rate,random_dirichlet,degree_exponent_succ,degree_exponent_dis,degree_exponent_tran
random,90,500,69.184,11.410144,3.3778904659565265,4.052533333333333,364.72799999999995,73.15,107.63980000000001,0.8127777777777778,"[10, 10, 10]",0.1,0.1,0.1
degreeTopM,90,500,69.74,14.596399999999997,3.8205235243353752,4.11891111111111,370.70199999999994,74.884,109.38219999999998,0.8320444444444445,"[10, 10, 10]",0.1,0.1,0.1
pageRank,90,500,68.748,13.268495999999997,3.6425946796205584,3.980933333333333,358.284,72.402,106.4034,0.8044666666666667,"[10, 10, 10]",0.1,0.1,0.1
alpha_sort,90,500,37.256,21.698464,4.658161010527652,1.5540444444444446,139.864,38.234,51.73140000000001,0.42482222222222227,"[10, 10, 10]",0.1,0.1,0.1
ris_optimized,90,500,75.34,11.660399999999997,3.4147327860317267,4.320333333333333,388.83,78.482,115.79400000000001,0.8720222222222223,"[10, 10, 10]",0.1,0.1,0.1
