method,seed_num,num_sims,E_activated_users,variance,std_deviation,avg_steps,total_steps,E_redemptions,comprehensive_score,usage_rate,random_dirichlet,degree_exponent_succ,degree_exponent_dis,degree_exponent_tran
random,80,500,57.774,9.714923999999998,3.116877283436099,3.710425,296.834,59.932,88.5364,0.74915,"[10, 10, 10]",0.1,0.1,0.1
degreeTopM,80,500,62.18,12.2276,3.4967985358038574,4.127425,330.194,66.298,97.2584,0.828725,"[10, 10, 10]",0.1,0.1,0.1
pageRank,80,500,61.346,12.298284,3.5068909307248206,4.032,322.56,64.494,95.176,0.806175,"[10, 10, 10]",0.1,0.1,0.1
alpha_sort,80,500,33.454,16.711883999999998,4.088017123251809,1.5737,125.89600000000002,34.216,46.424600000000005,0.4277,"[10, 10, 10]",0.1,0.1,0.1
ris_optimized,80,500,67.3,9.802,3.130814590485997,4.375525,350.042,70.3,103.8042,0.8787499999999999,"[10, 10, 10]",0.1,0.1,0.1
monterCarlo_CELF,80,500,71.08654,9.999991,3.162276,4.334914,346.79309,77.99125,109.2182,0.974891,"[10, 10, 10]",0.1,0.1,0.1
