method,seed_num,num_sims,E_activated_users,variance,std_deviation,avg_steps,total_steps,E_redemptions,comprehensive_score,usage_rate,random_dirichlet,degree_exponent_succ,degree_exponent_dis,degree_exponent_tran
random,70,500,51.03,9.049100000000005,3.008172202517669,3.758371428571428,263.086,52.896,78.2716,0.7556571428571429,"[10, 10, 10]",0.1,0.1,0.1
degreeTopM,70,500,54.76,10.4264,3.2289936512789863,4.122314285714286,288.562,57.954,85.2132,0.8279142857142857,"[10, 10, 10]",0.1,0.1,0.1
pageRank,70,500,53.924,10.478224,3.237008495509396,4.0232,281.624,56.574,83.4114,0.8081999999999999,"[10, 10, 10]",0.1,0.1,0.1
alpha_sort,70,500,29.44,14.9984,3.8727767815870826,1.5891428571428574,111.24000000000002,30.044,40.866,0.4292,"[10, 10, 10]",0.1,0.1,0.1
ris_optimized,70,500,59.626,8.586124,2.9302088662755765,4.409342857142858,308.65400000000005,61.922,91.6394,0.8845999999999999,"[10, 10, 10]",0.1,0.1,0.1
monterCarlo_CELF,70,500,62.94229,8.524672,2.919704,4.409499,308.6649,67.40768,96.04147,0.962967,"[10, 10, 10]",0.1,0.1,0.1
