method,seed_num,num_sims,E_activated_users,variance,std_deviation,avg_steps,total_steps,E_redemptions,comprehensive_score,usage_rate,random_dirichlet,degree_exponent_succ,degree_exponent_dis,degree_exponent_tran
random,70,500,49.499,8.514298,2.917927,3.64562,255.19342,51.309,75.92345,0.73299,"[10, 10, 10]",0.1,0.1,0.1
degreeTopM,70,500,53.117,9.8102,3.132124,3.99864,279.90514,56.215,82.6568,0.80308,"[10, 10, 10]",0.1,0.1,0.1
pageRank,70,500,52.306,9.858961,3.139898,3.9025,273.17528,54.877,80.90906,0.78395,"[10, 10, 10]",0.1,0.1,0.1
alpha_sort,70,500,28.557,14.111995,3.756593,1.54147,107.9028,29.143,39.64002,0.41632,"[10, 10, 10]",0.1,0.1,0.1
ris_optimized,70,500,59.626,8.586124,2.930209,4.40934,308.654,61.922,91.6394,0.8846,"[10, 10, 10]",0.1,0.1,0.1
monterCarlo_CELF,70,500,62.942,8.524672,2.919704,4.4095,308.66493,67.408,96.04148,0.96297,"[10, 10, 10]",0.1,0.1,0.1
1hop_sort,70,500,28.382,16.752076,4.09293,1.51009,105.706,29.084,39.3036,0.41549,"[10, 10, 10]",0.1,0.1,0.1
