method,seed_num,num_sims,E_activated_users,variance,std_deviation,avg_steps,total_steps,E_redemptions,comprehensive_score,usage_rate,random_dirichlet,degree_exponent_succ,degree_exponent_dis,degree_exponent_tran
random,20,500,14.99,2.6419,1.625392260348252,3.8255,76.50999999999999,15.25,22.771,0.7625,"[10, 10, 10]",0.1,0.1,0.1
degreeTopM,20,500,16.314,2.563404,1.6010633966211332,4.096799999999999,81.93599999999998,16.552,24.6266,0.8276,"[10, 10, 10]",0.1,0.1,0.1
pageRank,20,500,15.828,2.942416,1.7153471951765331,3.9334,78.668,15.988,23.7748,0.7994,"[10, 10, 10]",0.1,0.1,0.1
alpha_sort,20,500,8.366,4.420044,2.102390068469693,1.5471,30.942,8.506,11.5302,0.4253,"[10, 10, 10]",0.1,0.1,0.1
ris_optimized,20,500,17.772,1.904016,1.3798608625510038,4.47,89.39999999999999,18.098,26.875,0.9049,"[10, 10, 10]",0.1,0.1,0.1
monterCarlo_CELF,20,500,20.06456,1.837961,1.355714,4.483709,89.67418,20.53872,29.26906,1.026936,"[10, 10, 10]",0.1,0.1,0.1
