method,seed_num,num_sims,E_activated_users,variance,std_deviation,avg_steps,total_steps,E_redemptions,comprehensive_score,usage_rate,random_dirichlet,degree_exponent_succ,degree_exponent_dis,degree_exponent_tran
random,60,500,40.548,6.991636,2.64417,3.51266,210.75966,41.694,62.19718,0.69491,"[10, 10, 10]",0.1,0.1,0.1
degreeTopM,60,500,45.648,7.794792,2.791915,3.97493,238.49584,47.992,70.66954,0.79986,"[10, 10, 10]",0.1,0.1,0.1
pageRank,60,500,45.183,7.692422,2.773522,3.91337,234.80208,47.163,69.65318,0.78606,"[10, 10, 10]",0.1,0.1,0.1
alpha_sort,60,500,24.287,11.276269,3.358016,1.52811,91.68634,24.813,33.71836,0.41354,"[10, 10, 10]",0.1,0.1,0.1
ris_optimized,60,500,51.106,7.078764,2.660595,4.37813,262.688,52.776,78.2098,0.8796,"[10, 10, 10]",0.1,0.1,0.1
monterCarlo_CELF,60,500,56.942,7.06564,2.658127,4.44621,266.77266,58.075,84.1854,0.96791,"[10, 10, 10]",0.1,0.1,0.1
1hop_sort,60,500,24.14,14.3844,3.792677,1.49613,89.768,24.744,33.4188,0.4124,"[10, 10, 10]",0.1,0.1,0.1
