method,seed_num,num_sims,E_activated_users,variance,std_deviation,avg_steps,total_steps,E_redemptions,comprehensive_score,usage_rate,random_dirichlet,degree_exponent_succ,degree_exponent_dis,degree_exponent_tran
random,40,500,29.226,5.022923999999999,2.2411880777837454,3.73335,149.334,30.19,44.6414,0.75475,"[10, 10, 10]",0.1,0.1,0.1
degreeTopM,40,500,31.662,5.855756,2.419866938490627,4.067999999999999,162.71999999999994,32.946,48.57599999999999,0.82365,"[10, 10, 10]",0.1,0.1,0.1
pageRank,40,500,31.592,5.125536,2.2639646640351967,4.0117,160.46800000000002,32.49,48.0878,0.81225,"[10, 10, 10]",0.1,0.1,0.1
alpha_sort,40,500,16.842,8.189036,2.861649174864033,1.5835,63.34,17.142,23.326,0.42855,"[10, 10, 10]",0.1,0.1,0.1
ris_optimized,40,500,34.542,4.420236000000001,2.102435730289989,4.4003,176.012,35.452,52.598200000000006,0.8863,"[10, 10, 10]",0.1,0.1,0.1
monterCarlo_CELF,40,500,33.89381,4.493541,2.119797,4.464263,178.57051,36.48796,53.04793,0.912199,"[10, 10, 10]",0.1,0.1,0.1
