method,seed_num,num_sims,E_activated_users,variance,std_deviation,avg_steps,total_steps,E_redemptions,comprehensive_score,usage_rate,random_dirichlet,degree_exponent_succ,degree_exponent_dis,degree_exponent_tran
random,90,500,66.096,13.366784,3.6560612686332266,3.851088888888889,346.598,69.958,102.6868,0.7773111111111111,"[10, 10, 10]",0.1,0.1,0.1
degreeTopM,90,500,69.698,13.830795999999998,3.718977816551209,4.130044444444445,371.704,74.808,109.4234,0.8312,"[10, 10, 10]",0.1,0.1,0.1
pageRank,90,500,68.548,14.563696,3.8162410825313433,4.009955555555556,360.896,72.444,106.5856,0.8049333333333334,"[10, 10, 10]",0.1,0.1,0.1
alpha_sort,90,500,37.306,19.560364,4.422710028930226,1.5609111111111111,140.482,38.232,51.8172,0.4248,"[10, 10, 10]",0.1,0.1,0.1
ris_optimized,90,500,75.498,11.933996,3.454561621971737,4.382266666666666,394.404,79.194,116.7864,0.8799333333333333,"[10, 10, 10]",0.1,0.1,0.1
monterCarlo_CELF,90,500,76.63934,12.216868,3.495264,4.41979,397.78109,80.60538,118.40047,0.895615,"[10, 10, 10]",0.1,0.1,0.1
