method,seed_num,num_sims,E_activated_users,variance,std_deviation,avg_steps,total_steps,E_redemptions,comprehensive_score,usage_rate,random_dirichlet,degree_exponent_succ,degree_exponent_dis,degree_exponent_tran
random,30,500,23.244,4.356464,2.08721441160222,3.8458666666666654,115.376,23.642,34.980599999999995,0.7880666666666667,"[10, 10, 10]",0.1,0.1,0.1
degreeTopM,30,500,23.876,4.828624,2.1974130244448813,4.018066666666667,120.542,24.52,36.2522,0.8173333333333334,"[10, 10, 10]",0.1,0.1,0.1
pageRank,30,500,23.676,4.171023999999999,2.042308497754441,3.966666666666666,118.99999999999996,24.22,35.848,0.8073333333333333,"[10, 10, 10]",0.1,0.1,0.1
alpha_sort,30,500,12.72,5.985600000000001,2.446548589339685,1.577,47.31,12.942,17.562,0.4314,"[10, 10, 10]",0.1,0.1,0.1
ris_optimized,30,500,25.654,3.718284,1.9282852486082032,4.32,129.60000000000002,26.194,38.884,0.8731333333333333,"[10, 10, 10]",0.1,0.1,0.1
monterCarlo_CELF,30,500,28.0168,3.791004,1.94705,4.396196,131.88589,28.91823,41.6561,0.963941,"[10, 10, 10]",0.1,0.1,0.1
