method,seed_num,num_sims,E_activated_users,variance,std_deviation,avg_steps,total_steps,E_redemptions,comprehensive_score,usage_rate,random_dirichlet,degree_exponent_succ,degree_exponent_dis,degree_exponent_tran
random,60,500,41.802,7.430796,2.725948642216137,3.6213,217.278,42.984,64.1208,0.7164,"[10, 10, 10]",0.1,0.1,0.1
degreeTopM,60,500,47.06,8.284400000000002,2.878263365295122,4.0978666666666665,245.872,49.476,72.8552,0.8246,"[10, 10, 10]",0.1,0.1,0.1
pageRank,60,500,46.58,8.175600000000001,2.8593006137865253,4.0344,242.064,48.622,71.8074,0.8103666666666667,"[10, 10, 10]",0.1,0.1,0.1
alpha_sort,60,500,25.038,11.984556,3.461871748057689,1.5753666666666666,94.522,25.58,34.761199999999995,0.4263333333333333,"[10, 10, 10]",0.1,0.1,0.1
ris_optimized,60,500,51.106,7.0787640000000005,2.6605946703697656,4.378133333333333,262.688,52.776,78.2098,0.8796,"[10, 10, 10]",0.1,0.1,0.1
monterCarlo_CELF,60,500,56.94175,7.06564,2.658127,4.446211,266.77268,58.07451,84.1854,0.967908,"[10, 10, 10]",0.1,0.1,0.1
