method,seed_num,num_sims,E_activated_users,variance,std_deviation,avg_steps,total_steps,E_redemptions,comprehensive_score,usage_rate,random_dirichlet,degree_exponent_succ,degree_exponent_dis,degree_exponent_tran
random,80,500,56.041,9.140772,3.023371,3.59911,287.92898,58.134,85.88031,0.72668,"[10, 10, 10]",0.1,0.1,0.1
degreeTopM,80,500,60.315,11.504949,3.391895,4.0036,320.28818,64.309,94.34065,0.80386,"[10, 10, 10]",0.1,0.1,0.1
pageRank,80,500,59.506,11.571455,3.401684,3.91104,312.8832,62.559,92.32072,0.78199,"[10, 10, 10]",0.1,0.1,0.1
alpha_sort,80,500,32.45,15.724212,3.965377,1.52649,122.11912,33.19,45.03186,0.41487,"[10, 10, 10]",0.1,0.1,0.1
ris_optimized,80,500,67.3,9.802,3.130815,4.37552,350.042,70.3,103.8042,0.87875,"[10, 10, 10]",0.1,0.1,0.1
monterCarlo_CELF,80,500,71.087,9.999991,3.162276,4.33491,346.79312,77.991,109.21821,0.97489,"[10, 10, 10]",0.1,0.1,0.1
1hop_sort,80,500,32.754,17.137484,4.139744,1.53012,122.41,33.474,45.355,0.41842,"[10, 10, 10]",0.1,0.1,0.1
