method,seed_num,num_sims,E_activated_users,variance,std_deviation,avg_steps,total_steps,E_redemptions,comprehensive_score,usage_rate,random_dirichlet,degree_exponent_succ,degree_exponent_dis,degree_exponent_tran
random,90,500,64.113,12.576807,3.546379,3.73556,336.20006,67.859,99.6062,0.75399,"[10, 10, 10]",0.1,0.1,0.1
degreeTopM,90,500,67.607,13.013396,3.607408,4.00614,360.55288,72.564,106.1407,0.80626,"[10, 10, 10]",0.1,0.1,0.1
pageRank,90,500,66.492,13.702982,3.701754,3.88966,350.06912,70.271,103.38803,0.78079,"[10, 10, 10]",0.1,0.1,0.1
alpha_sort,90,500,36.187,18.404346,4.290029,1.51408,136.26754,37.085,50.26268,0.41206,"[10, 10, 10]",0.1,0.1,0.1
ris_optimized,90,500,75.498,11.933996,3.454562,4.38227,394.404,79.194,116.7864,0.87993,"[10, 10, 10]",0.1,0.1,0.1
monterCarlo_CELF,90,500,76.639,12.216868,3.495264,4.41979,397.7811,80.605,118.40047,0.89562,"[10, 10, 10]",0.1,0.1,0.1
1hop_sort,90,500,37.226,20.530924,4.531106,1.55487,139.938,38.07,51.6418,0.423,"[10, 10, 10]",0.1,0.1,0.1
