method,seed_num,num_sims,E_activated_users,variance,std_deviation,avg_steps,total_steps,E_redemptions,comprehensive_score,usage_rate,random_dirichlet,degree_exponent_succ,degree_exponent_dis,degree_exponent_tran
random,100,500,73.238,12.057356000000004,3.4723703719505505,3.80672,380.672,76.9,113.1362,0.769,"[10, 10, 10]",0.1,0.1,0.1
degreeTopM,100,500,76.694,15.984364,3.9980450222577537,4.09432,409.432,82.434,120.50719999999998,0.82434,"[10, 10, 10]",0.1,0.1,0.1
pageRank,100,500,75.918,14.963276,3.868239392798744,4.014600000000001,401.46,80.664,118.437,0.80664,"[10, 10, 10]",0.1,0.1,0.1
alpha_sort,100,500,41.742,23.635436,4.861628945117058,1.5798800000000002,157.98800000000003,42.884,58.1118,0.42884,"[10, 10, 10]",0.1,0.1,0.1
ris_optimized,100,500,83.724,11.895824000000005,3.449032328059568,4.39024,439.024,88.298,129.9134,0.88298,"[10, 10, 10]",0.1,0.1,0.1
monterCarlo_CELF,100,500,84.7708,11.325592,3.365352,4.468585,446.85853,89.13867,131.14059,0.981387,"[10, 10, 10]",0.1,0.1,0.1
