method,seed_num,num_sims,E_activated_users,variance,std_deviation,avg_steps,total_steps,E_redemptions,comprehensive_score,usage_rate,random_dirichlet,degree_exponent_succ,degree_exponent_dis,degree_exponent_tran
random,10,500,8.094,1.1043,1.050857,3.91647,39.16472,8.103,12.015,0.81034,"[10, 10, 10]",0.1,0.1,0.1
degreeTopM,10,500,7.801,1.373936,1.17215,3.82102,38.21024,7.847,11.64504,0.78473,"[10, 10, 10]",0.1,0.1,0.1
pageRank,10,500,7.677,1.394982,1.181094,3.7442,37.442,7.727,11.446,0.7727,"[10, 10, 10]",0.1,0.1,0.1
alpha_sort,10,500,3.758,2.211232,1.487021,1.3677,13.677,3.841,5.16719,0.38412,"[10, 10, 10]",0.1,0.1,0.1
ris_optimized,10,500,8.734,1.103244,1.050354,4.2746,42.746,8.766,13.0246,0.8766,"[10, 10, 10]",0.1,0.1,0.1
monterCarlo_CELF,10,500,9.774,1.074548,1.036604,4.23622,42.36225,10.21,14.22804,1.02095,"[10, 10, 10]",0.1,0.1,0.1
1hop_sort,10,500,3.752,2.034496,1.426358,1.2756,12.756,3.784,5.0436,0.3784,"[10, 10, 10]",0.1,0.1,0.1
