method,seed_num,num_sims,E_activated_users,variance,std_deviation,avg_steps,total_steps,E_redemptions,comprehensive_score,usage_rate,random_dirichlet,degree_exponent_succ,degree_exponent_dis,degree_exponent_tran
random,10,500,8.344,1.1736639999999998,1.0833577433147372,4.037599999999999,40.37599999999999,8.354,12.3866,0.8353999999999999,"[10, 10, 10]",0.1,0.1,0.1
degreeTopM,10,500,8.042,1.460236,1.2084022509081982,3.9392,39.392,8.09,12.0052,0.8089999999999999,"[10, 10, 10]",0.1,0.1,0.1
pageRank,10,500,7.914,1.4826039999999998,1.2176222731208557,3.86,38.6,7.966,11.8,0.7966,"[10, 10, 10]",0.1,0.1,0.1
alpha_sort,10,500,3.874,2.350124,1.533011415482611,1.41,14.1,3.96,5.327,0.396,"[10, 10, 10]",0.1,0.1,0.1
ris_optimized,10,500,8.734,1.103244,1.0503542259637937,4.2746,42.746,8.766,13.0246,0.8766,"[10, 10, 10]",0.1,0.1,0.1
monterCarlo_CELF,10,500,9.77411,1.074548,1.036604,4.236225,42.36225,10.20951,14.22803,1.020951,"[10, 10, 10]",0.1,0.1,0.1
