method,seed_num,num_sims,E_activated_users,variance,std_deviation,avg_steps,total_steps,E_redemptions,comprehensive_score,usage_rate,random_dirichlet,degree_exponent_succ,degree_exponent_dis,degree_exponent_tran
random,20,500,14.54,2.485764,1.57663,3.71073,74.2147,14.792,22.08787,0.73962,"[10, 10, 10]",0.1,0.1,0.1
degreeTopM,20,500,15.825,2.411907,1.553031,3.9739,79.47792,16.055,23.8878,0.80277,"[10, 10, 10]",0.1,0.1,0.1
pageRank,20,500,15.353,2.768519,1.663887,3.8154,76.30796,15.508,23.06156,0.77542,"[10, 10, 10]",0.1,0.1,0.1
alpha_sort,20,500,8.115,4.158819,2.039318,1.50069,30.01374,8.251,11.18429,0.41254,"[10, 10, 10]",0.1,0.1,0.1
ris_optimized,20,500,17.772,1.904016,1.379861,4.47,89.4,18.098,26.875,0.9049,"[10, 10, 10]",0.1,0.1,0.1
monterCarlo_CELF,20,500,20.065,1.837961,1.355714,4.48371,89.67418,20.539,29.26906,1.02694,"[10, 10, 10]",0.1,0.1,0.1
1hop_sort,20,500,7.372,4.289616,2.071139,1.2885,25.77,7.516,10.021,0.3758,"[10, 10, 10]",0.1,0.1,0.1
