method,seed_num,num_sims,E_activated_users,variance,std_deviation,avg_steps,total_steps,E_redemptions,comprehensive_score,usage_rate,random_dirichlet,degree_exponent_succ,degree_exponent_dis,degree_exponent_tran
random,50,500,36.315,6.347458,2.519416,3.64604,182.3018,37.211,54.99318,0.74422,"[10, 10, 10]",0.1,0.1,0.1
degreeTopM,50,500,38.127,7.132364,2.670649,3.95221,197.61034,39.818,58.73369,0.79637,"[10, 10, 10]",0.1,0.1,0.1
pageRank,50,500,38.133,6.886123,2.624142,3.92559,196.2795,39.689,58.53853,0.79377,"[10, 10, 10]",0.1,0.1,0.1
alpha_sort,50,500,20.246,9.99576,3.161607,1.53477,76.73864,20.675,28.13407,0.41349,"[10, 10, 10]",0.1,0.1,0.1
ris_optimized,50,500,42.912,5.196256,2.27953,4.37564,218.782,43.988,65.3282,0.87976,"[10, 10, 10]",0.1,0.1,0.1
monterCarlo_CELF,50,500,41.684,5.151145,2.269613,4.36736,218.3682,49.228,67.2928,0.98455,"[10, 10, 10]",0.1,0.1,0.1
1hop_sort,50,500,19.57,11.3571,3.37003,1.44416,72.208,20.16,27.0858,0.4032,"[10, 10, 10]",0.1,0.1,0.1
