method,seed_num,num_sims,E_activated_users,variance,std_deviation,avg_steps,total_steps,E_redemptions,comprehensive_score,usage_rate,random_dirichlet,degree_exponent_succ,degree_exponent_dis,degree_exponent_tran
random,50,500,37.438,6.746156000000001,2.597336327855906,3.7588,187.94000000000003,38.362,56.69400000000001,0.76724,"[10, 10, 10]",0.1,0.1,0.1
degreeTopM,50,500,39.306,7.580364000000001,2.7532460841704656,4.074439999999999,203.72199999999995,41.05,60.55019999999999,0.821,"[10, 10, 10]",0.1,0.1,0.1
pageRank,50,500,39.312,7.318655999999998,2.705301461944676,4.047,202.35,40.916,60.349,0.8183199999999999,"[10, 10, 10]",0.1,0.1,0.1
alpha_sort,50,500,20.872,10.623616,3.259388899778607,1.58224,79.11200000000001,21.314,29.0042,0.42628,"[10, 10, 10]",0.1,0.1,0.1
ris_optimized,50,500,42.912,5.196256,2.2795297760722497,4.375640000000001,218.78200000000004,43.988,65.32820000000001,0.87976,"[10, 10, 10]",0.1,0.1,0.1
monterCarlo_CELF,50,500,41.68446,5.151145,2.269613,4.367364,218.36818,49.22751,67.2928,0.98455,"[10, 10, 10]",0.1,0.1,0.1
