method,seed_num,num_sims,E_activated_users,variance,std_deviation,avg_steps,total_steps,E_redemptions,comprehensive_score,usage_rate,random_dirichlet,degree_exponent_succ,degree_exponent_dis,degree_exponent_tran
random,40,500,28.349,4.726069,2.173952,3.62135,144.85398,29.284,43.30216,0.73211,"[10, 10, 10]",0.1,0.1,0.1
degreeTopM,40,500,30.712,5.509681,2.347271,3.94596,157.8384,31.958,47.11872,0.79894,"[10, 10, 10]",0.1,0.1,0.1
pageRank,40,500,30.644,4.822617,2.196046,3.89135,155.65396,31.515,46.64517,0.78788,"[10, 10, 10]",0.1,0.1,0.1
alpha_sort,40,500,16.337,7.705064,2.7758,1.53599,61.4398,16.628,22.62622,0.41569,"[10, 10, 10]",0.1,0.1,0.1
ris_optimized,40,500,34.542,4.420236,2.102436,4.4003,176.012,35.452,52.5982,0.8863,"[10, 10, 10]",0.1,0.1,0.1
monterCarlo_CELF,40,500,33.894,4.493541,2.119797,4.46426,178.57052,36.488,53.04794,0.9122,"[10, 10, 10]",0.1,0.1,0.1
1hop_sort,40,500,15.128,8.287616,2.878822,1.3854,55.416,15.71,20.9606,0.39275,"[10, 10, 10]",0.1,0.1,0.1
