method,seed_num,num_sims,E_activated_users,variance,std_deviation,avg_steps,total_steps,E_redemptions,comprehensive_score,usage_rate,random_dirichlet,degree_exponent_succ,degree_exponent_dis,degree_exponent_tran
random,80,500,45.524,14.323674,3.784663,2.76736,221.38892,45.99,67.89573,0.57487,"[10, 10, 10]",-0.5,0.8,0.0
degreeTopM,80,500,15.161,9.982102,3.159447,1.38892,111.1135,15.258,26.32095,0.19073,"[10, 10, 10]",-0.5,0.8,0.0
pageRank,80,500,19.937,10.217312,3.196453,1.59989,127.9915,20.001,32.76854,0.25002,"[10, 10, 10]",-0.5,0.8,0.0
alpha_sort,80,500,47.666,17.97533,4.239732,1.79094,143.27482,47.908,62.11453,0.59885,"[10, 10, 10]",-0.5,0.8,0.0
ris_optimized,80,500,58.624,13.902624,3.728622,3.04185,243.348,59.578,83.4358,0.74473,"[10, 10, 10]",-0.5,0.8,0.0
1hop_sort,80,500,52.914,16.239464,4.029822,2.06414,165.13086,53.598,69.769,0.66998,"[10, 10, 10]",-0.5,0.8,0.0
monterCarlo_CELF,80,500,59.11,14.183443,3.766091,3.01362,241.08936,60.467,83.89735,0.75584,"[10, 10, 10]",-0.5,0.8,0.0
