method,seed_num,num_sims,E_activated_users,variance,std_deviation,avg_steps,total_steps,E_redemptions,comprehensive_score,usage_rate,random_dirichlet,degree_exponent_succ,degree_exponent_dis,degree_exponent_tran
random,40,500,22.358,7.078861,2.660613,2.66668,106.66702,22.62,33.15615,0.56551,"[10, 10, 10]",-0.5,0.8,0.0
degreeTopM,40,500,5.502,4.844145,2.200942,1.1752,47.00814,5.512,10.2075,0.13779,"[10, 10, 10]",-0.5,0.8,0.0
pageRank,40,500,5.486,4.935645,2.221631,1.18151,47.26034,5.49,10.21429,0.13725,"[10, 10, 10]",-0.5,0.8,0.0
alpha_sort,40,500,23.635,8.182108,2.860438,1.69915,67.96596,23.674,30.45102,0.59185,"[10, 10, 10]",-0.5,0.8,0.0
ris_optimized,40,500,28.754,7.665484,2.768661,2.8786,115.144,28.996,40.3894,0.7249,"[10, 10, 10]",-0.5,0.8,0.0
1hop_sort,40,500,26.32,8.084254,2.843282,1.97322,78.9289,26.539,34.32248,0.66348,"[10, 10, 10]",-0.5,0.8,0.0
monterCarlo_CELF,40,500,28.722,7.792607,2.791524,2.92044,116.81772,29.138,40.6121,0.72845,"[10, 10, 10]",-0.5,0.8,0.0
