method,seed_num,num_sims,E_activated_users,variance,std_deviation,avg_steps,total_steps,E_redemptions,comprehensive_score,usage_rate,random_dirichlet,degree_exponent_succ,degree_exponent_dis,degree_exponent_tran
random,90,500,48.473,17.304295,4.159843,2.72363,245.12676,49.778,73.63833,0.55309,"[10, 10, 10]",-0.5,0.8,0.0
degreeTopM,90,500,21.191,11.669309,3.416037,1.57289,141.55986,21.524,35.51345,0.23916,"[10, 10, 10]",-0.5,0.8,0.0
pageRank,90,500,26.041,9.968162,3.15724,1.75885,158.29624,26.353,42.02641,0.29281,"[10, 10, 10]",-0.5,0.8,0.0
alpha_sort,90,500,53.496,20.439641,4.521022,1.81099,162.9891,53.773,69.93312,0.59748,"[10, 10, 10]",-0.5,0.8,0.0
ris_optimized,90,500,64.726,16.238924,4.029755,2.88867,259.98,65.878,91.3,0.73198,"[10, 10, 10]",-0.5,0.8,0.0
1hop_sort,90,500,58.877,18.86203,4.343044,2.05625,185.06242,59.603,77.74608,0.66225,"[10, 10, 10]",-0.5,0.8,0.0
monterCarlo_CELF,90,500,64.929,16.623836,4.077234,2.9134,262.20609,66.107,91.73877,0.73452,"[10, 10, 10]",-0.5,0.8,0.0
