method,seed_num,num_sims,E_activated_users,variance,std_deviation,avg_steps,total_steps,E_redemptions,comprehensive_score,usage_rate,random_dirichlet,degree_exponent_succ,degree_exponent_dis,degree_exponent_tran
random,30,500,17.171,5.322856,2.307131,2.82076,84.6228,17.404,25.74962,0.58012,"[10, 10, 10]",-0.5,0.8,0.0
degreeTopM,30,500,4.026,3.375479,1.837248,1.17803,35.34098,4.029,7.56154,0.13431,"[10, 10, 10]",-0.5,0.8,0.0
pageRank,30,500,3.983,3.536621,1.880591,1.18256,35.47678,3.983,7.5305,0.13276,"[10, 10, 10]",-0.5,0.8,0.0
alpha_sort,30,500,18.345,6.413415,2.532472,1.76023,52.8068,18.463,23.68449,0.61543,"[10, 10, 10]",-0.5,0.8,0.0
ris_optimized,30,500,22.736,5.250304,2.291354,3.03147,90.944,22.852,31.8884,0.76173,"[10, 10, 10]",-0.5,0.8,0.0
1hop_sort,30,500,19.98,6.263003,2.502599,1.94278,58.28342,20.116,25.8763,0.67053,"[10, 10, 10]",-0.5,0.8,0.0
monterCarlo_CELF,30,500,23.026,5.352987,2.313652,3.08494,92.54808,23.767,32.65142,0.79223,"[10, 10, 10]",-0.5,0.8,0.0
