method,seed_num,num_sims,E_activated_users,variance,std_deviation,avg_steps,total_steps,E_redemptions,comprehensive_score,usage_rate,random_dirichlet,degree_exponent_succ,degree_exponent_dis,degree_exponent_tran
random,70,500,39.718,11.037777,3.322315,2.72997,191.09776,40.457,59.19697,0.57795,"[10, 10, 10]",-0.5,0.8,0.0
degreeTopM,70,500,9.586,8.136975,2.852538,1.18753,83.12706,9.611,17.91086,0.1373,"[10, 10, 10]",-0.5,0.8,0.0
pageRank,70,500,13.848,7.715214,2.777627,1.40556,98.38904,13.885,23.70505,0.19835,"[10, 10, 10]",-0.5,0.8,0.0
alpha_sort,70,500,42.214,13.866608,3.723789,1.77759,124.4316,42.41,54.75553,0.60586,"[10, 10, 10]",-0.5,0.8,0.0
ris_optimized,70,500,50.702,13.485196,3.672219,2.851,199.57,51.954,71.285,0.7422,"[10, 10, 10]",-0.5,0.8,0.0
1hop_sort,70,500,46.75,14.890292,3.858794,2.07173,145.02082,47.417,61.58588,0.67739,"[10, 10, 10]",-0.5,0.8,0.0
monterCarlo_CELF,70,500,51.118,13.38868,3.659055,2.8511,199.57707,52.594,71.81378,0.75135,"[10, 10, 10]",-0.5,0.8,0.0
