method,seed_num,num_sims,E_activated_users,variance,std_deviation,avg_steps,total_steps,E_redemptions,comprehensive_score,usage_rate,random_dirichlet,degree_exponent_succ,degree_exponent_dis,degree_exponent_tran
random,20,500,12.135,3.23472,1.798533,3.01874,60.37474,12.241,18.22552,0.61207,"[10, 10, 10]",-0.5,0.8,0.0
degreeTopM,20,500,2.755,2.320636,1.523363,1.19058,23.81156,2.757,5.13693,0.13784,"[10, 10, 10]",-0.5,0.8,0.0
pageRank,20,500,2.714,2.247995,1.499331,1.18592,23.71844,2.714,5.0859,0.1357,"[10, 10, 10]",-0.5,0.8,0.0
alpha_sort,20,500,12.383,3.792997,1.947562,1.78402,35.68048,12.387,15.95301,0.61934,"[10, 10, 10]",-0.5,0.8,0.0
ris_optimized,20,500,14.21,3.8579,1.964154,2.6433,52.866,14.218,19.5006,0.7109,"[10, 10, 10]",-0.5,0.8,0.0
1hop_sort,20,500,13.549,3.676074,1.917309,2.01741,40.34812,13.551,17.58474,0.67754,"[10, 10, 10]",-0.5,0.8,0.0
monterCarlo_CELF,20,500,14.457,3.724059,1.929782,2.65141,53.02814,14.799,19.93053,0.73993,"[10, 10, 10]",-0.5,0.8,0.0
