method,seed_num,num_sims,E_activated_users,variance,std_deviation,avg_steps,total_steps,E_redemptions,comprehensive_score,usage_rate,random_dirichlet,degree_exponent_succ,degree_exponent_dis,degree_exponent_tran
random,10,500,5.294,1.979876,1.407081,2.60697,26.06972,5.294,7.90123,0.52943,"[10, 10, 10]",-0.5,0.8,0.0
degreeTopM,10,500,1.383,1.265063,1.12475,1.19019,11.9019,1.385,2.57438,0.13852,"[10, 10, 10]",-0.5,0.8,0.0
pageRank,10,500,1.356,1.109882,1.053509,1.18961,11.89608,1.356,2.54567,0.13561,"[10, 10, 10]",-0.5,0.8,0.0
alpha_sort,10,500,6.703,1.691644,1.300632,1.88044,18.80442,6.703,8.58314,0.67027,"[10, 10, 10]",-0.5,0.8,0.0
ris_optimized,10,500,7.714,1.628204,1.276011,3.0876,30.876,7.716,10.8026,0.7716,"[10, 10, 10]",-0.5,0.8,0.0
1hop_sort,10,500,6.821,2.012563,1.418648,1.97162,19.71622,6.823,8.79363,0.6823,"[10, 10, 10]",-0.5,0.8,0.0
monterCarlo_CELF,10,500,7.838,1.585853,1.259307,3.05988,30.59881,8.188,11.07294,0.81876,"[10, 10, 10]",-0.5,0.8,0.0
