method,seed_num,num_sims,E_activated_users,variance,std_deviation,avg_steps,total_steps,E_redemptions,comprehensive_score,usage_rate,random_dirichlet,degree_exponent_succ,degree_exponent_dis,degree_exponent_tran
random,100,500,57.507,18.121926,4.256986,2.75228,275.2278,58.602,85.57728,0.58602,"[10, 10, 10]",-0.5,0.8,0.0
degreeTopM,100,500,27.843,12.740147,3.569334,1.74961,174.96084,28.241,45.53781,0.28241,"[10, 10, 10]",-0.5,0.8,0.0
pageRank,100,500,32.101,13.090896,3.618134,1.87313,187.31282,32.609,51.0866,0.32609,"[10, 10, 10]",-0.5,0.8,0.0
alpha_sort,100,500,59.203,19.910238,4.462089,1.78841,178.84084,59.593,77.28203,0.59593,"[10, 10, 10]",-0.5,0.8,0.0
ris_optimized,100,500,70.262,17.149356,4.141178,2.85238,285.238,71.86,99.5848,0.7186,"[10, 10, 10]",-0.5,0.8,0.0
1hop_sort,100,500,65.588,18.874966,4.344533,2.08106,208.10574,66.592,86.90055,0.66592,"[10, 10, 10]",-0.5,0.8,0.0
monterCarlo_CELF,100,500,71.509,16.327293,4.040705,2.90328,290.3282,71.615,100.59443,0.71615,"[10, 10, 10]",-0.5,0.8,0.0
