method,seed_num,num_sims,E_activated_users,variance,std_deviation,avg_steps,total_steps,E_redemptions,comprehensive_score,usage_rate,random_dirichlet,degree_exponent_succ,degree_exponent_dis,degree_exponent_tran
random,50,500,26.873,9.070637,3.01175,2.5525,127.62484,27.084,39.74109,0.54169,"[10, 10, 10]",-0.5,0.8,0.0
degreeTopM,50,500,6.804,5.77506,2.403135,1.17839,58.91974,6.821,12.70428,0.13642,"[10, 10, 10]",-0.5,0.8,0.0
pageRank,50,500,7.376,5.813994,2.411223,1.22224,61.11194,7.389,13.49386,0.14779,"[10, 10, 10]",-0.5,0.8,0.0
alpha_sort,50,500,30.505,9.555118,3.091135,1.79155,89.57756,30.683,39.55156,0.61366,"[10, 10, 10]",-0.5,0.8,0.0
ris_optimized,50,500,35.97,8.6651,2.943654,2.82676,141.338,36.18,50.2088,0.7236,"[10, 10, 10]",-0.5,0.8,0.0
1hop_sort,50,500,32.763,8.349381,2.88953,2.01884,100.94208,33.312,43.13144,0.66623,"[10, 10, 10]",-0.5,0.8,0.0
monterCarlo_CELF,50,500,35.886,8.589874,2.930849,2.82141,141.07065,36.764,50.43219,0.73528,"[10, 10, 10]",-0.5,0.8,0.0
