method,seed_num,num_sims,E_activated_users,variance,std_deviation,avg_steps,total_steps,E_redemptions,comprehensive_score,usage_rate,random_dirichlet,degree_exponent_succ,degree_exponent_dis,degree_exponent_tran
random,60,500,34.082,10.671221,3.266684,2.71794,163.0764,34.412,50.55446,0.57353,"[10, 10, 10]",-0.5,0.8,0.0
degreeTopM,60,500,8.216,7.189511,2.681326,1.1812,70.87208,8.231,15.31087,0.13719,"[10, 10, 10]",-0.5,0.8,0.0
pageRank,60,500,10.251,6.764484,2.600862,1.30662,78.39734,10.266,18.09845,0.17111,"[10, 10, 10]",-0.5,0.8,0.0
alpha_sort,60,500,35.366,12.811671,3.579339,1.75046,105.02772,35.426,45.89904,0.59044,"[10, 10, 10]",-0.5,0.8,0.0
ris_optimized,60,500,44.488,9.617856,3.101267,3.0459,182.754,44.886,62.9624,0.7481,"[10, 10, 10]",-0.5,0.8,0.0
1hop_sort,60,500,40.08,12.564402,3.54463,2.09187,125.51218,40.389,52.78585,0.67315,"[10, 10, 10]",-0.5,0.8,0.0
monterCarlo_CELF,60,500,45.179,9.600024,3.098391,3.09326,185.59572,45.505,63.90159,0.75842,"[10, 10, 10]",-0.5,0.8,0.0
