method,seed_num,num_sims,E_activated_users,variance,std_deviation,avg_steps,total_steps,E_redemptions,comprehensive_score,usage_rate,random_dirichlet,degree_exponent_succ,degree_exponent_dis,degree_exponent_tran
random,248,500,70.254,44.165484000000006,6.645711700036348,2.984572580645161,740.1739999999999,70.532,144.41039999999998,0.2844032258064516,"[10, 10, 10]",-0.5,0.8,0.0
degreeTopM,248,500,36.048,30.401695999999998,5.513773299656053,2.385048387096774,591.492,36.3,95.3232,0.14637096774193548,"[10, 10, 10]",-0.5,0.8,0.0
pageRank,248,500,39.076,30.282224000000003,5.5029286748058075,2.409790322580645,597.6279999999999,39.322,98.9618,0.15855645161290324,"[10, 10, 10]",-0.5,0.8,0.0
alpha_sort,248,500,128.7,63.16600000000001,7.947704070988049,2.3743951612903227,588.85,129.016,187.743,0.5202258064516129,"[10, 10, 10]",-0.5,0.8,0.0
ris_optimized,248,500,116.45,58.8115,7.668865626675173,2.8217419354838706,699.7919999999999,116.794,186.6012,0.4709435483870968,"[10, 10, 10]",-0.5,0.8,0.0
1hop_sort,248,500,137.006,63.337964,7.958515188149106,2.5646451612903225,636.0319999999999,141.618,202.9152,0.5710403225806452,"[10, 10, 10]",-0.5,0.8,0.0
