method,seed_num,num_sims,E_activated_users,variance,std_deviation,avg_steps,total_steps,E_redemptions,comprehensive_score,usage_rate,random_dirichlet,degree_exponent_succ,degree_exponent_dis,degree_exponent_tran
random,236,500,69.862,38.530955999999996,6.207330827336335,2.989161016949153,705.4420000000001,70.064,140.5072,0.2968813559322034,"[10, 10, 10]",-0.5,0.8,0.0
degreeTopM,236,500,34.428,27.256816,5.220806068032024,2.331516949152542,550.2379999999999,34.774,89.6248,0.14734745762711865,"[10, 10, 10]",-0.5,0.8,0.0
pageRank,236,500,37.506,31.765964,5.636130232703996,2.3673474576271185,558.694,37.842,93.54339999999999,0.16034745762711863,"[10, 10, 10]",-0.5,0.8,0.0
alpha_sort,236,500,124.198,51.930795999999994,7.206302519322929,2.326754237288135,549.1139999999999,124.624,179.3224,0.5280677966101694,"[10, 10, 10]",-0.5,0.8,0.0
ris_optimized,236,500,116.716,62.267343999999994,7.890965973820949,2.785618644067797,657.4060000000001,117.418,182.80760000000004,0.49753389830508477,"[10, 10, 10]",-0.5,0.8,0.0
1hop_sort,236,500,131.986,55.949803999999986,7.479960160321711,2.494669491525424,588.7420000000001,136.708,193.22119999999998,0.579271186440678,"[10, 10, 10]",-0.5,0.8,0.0
