method,seed_num,num_sims,E_activated_users,variance,std_deviation,avg_steps,total_steps,E_redemptions,comprehensive_score,usage_rate,random_dirichlet,degree_exponent_succ,degree_exponent_dis,degree_exponent_tran
random,224,500,65.074,37.616524000000005,6.133231122336741,2.9830535714285715,668.2040000000001,65.47,132.0924,0.2922767857142857,"[10, 10, 10]",-0.5,0.8,0.0
degreeTopM,224,500,33.37,26.3371,5.131968433262231,2.356982142857143,527.964,33.636,86.2994,0.1501607142857143,"[10, 10, 10]",-0.5,0.8,0.0
pageRank,224,500,35.484,28.581744000000004,5.346189671158329,2.4080625,539.4060000000001,35.704,89.53460000000001,0.15939285714285714,"[10, 10, 10]",-0.5,0.8,0.0
alpha_sort,224,500,116.85,53.1355,7.28941012702674,2.3675,530.32,117.306,170.11,0.5236875,"[10, 10, 10]",-0.5,0.8,0.0
ris_optimized,224,500,107.324,52.311024,7.232636033978206,2.812964285714285,630.1039999999998,107.726,170.53539999999998,0.48091964285714284,"[10, 10, 10]",-0.5,0.8,0.0
1hop_sort,224,500,120.902,48.968396,6.997742207312299,2.5754732142857146,576.9060000000001,130.726,183.5046,0.5835982142857142,"[10, 10, 10]",-0.5,0.8,0.0
