method,seed_num,num_sims,E_activated_users,variance,std_deviation,avg_steps,total_steps,E_redemptions,comprehensive_score,usage_rate,random_dirichlet,degree_exponent_succ,degree_exponent_dis,degree_exponent_tran
random,212,500,62.376,38.506624,6.2053705771694245,3.0532075471698112,647.28,62.634,127.23299999999999,0.2954433962264151,"[10, 10, 10]",-0.5,0.8,0.0
degreeTopM,212,500,29.944,25.116864,5.011672774633237,2.3402169811320754,496.126,30.152,79.6606,0.14222641509433961,"[10, 10, 10]",-0.5,0.8,0.0
pageRank,212,500,32.73,26.017100000000003,5.100696030935386,2.4148490566037735,511.948,32.896,84.0078,0.15516981132075472,"[10, 10, 10]",-0.5,0.8,0.0
alpha_sort,212,500,112.522,53.149516000000006,7.290371458300325,2.363792452830189,501.1240000000001,112.906,162.8264,0.5325754716981133,"[10, 10, 10]",-0.5,0.8,0.0
ris_optimized,212,500,101.048,51.973696,7.209278465977022,2.8348396226415096,600.986,101.308,161.2766,0.4778679245283019,"[10, 10, 10]",-0.5,0.8,0.0
1hop_sort,212,500,118.214,50.724204,7.122092669995245,2.553188679245283,541.2760000000001,123.614,175.04160000000002,0.5830849056603774,"[10, 10, 10]",-0.5,0.8,0.0
