method,seed_num,num_sims,E_activated_users,variance,std_deviation,avg_steps,total_steps,E_redemptions,comprehensive_score,usage_rate,random_dirichlet,degree_exponent_succ,degree_exponent_dis,degree_exponent_tran
random,200,500,55.206,35.723563999999996,5.976919273338063,2.96694,593.388,55.366,114.62480000000001,0.27683,"[10, 10, 10]",-0.5,0.8,0.0
degreeTopM,200,500,29.522,24.445516,4.944240689934097,2.3658899999999994,473.1779999999999,29.758,76.95779999999999,0.14879,"[10, 10, 10]",-0.5,0.8,0.0
pageRank,200,500,32.482,26.873676000000003,5.183982638859818,2.44111,488.22200000000004,32.716,81.42120000000001,0.16358,"[10, 10, 10]",-0.5,0.8,0.0
alpha_sort,200,500,106.424,48.868224000000005,6.9905810917262095,2.3953,479.06000000000006,106.526,154.381,0.5326299999999999,"[10, 10, 10]",-0.5,0.8,0.0
ris_optimized,200,500,95.344,46.153664000000006,6.793648798694263,2.81894,563.788,95.684,151.8928,0.47842,"[10, 10, 10]",-0.5,0.8,0.0
1hop_sort,200,500,111.994,44.817964,6.694622020696912,2.5409400000000004,508.1880000000001,115.374,164.5028,0.57687,"[10, 10, 10]",-0.5,0.8,0.0
