method,seed_num,num_sims,E_activated_users,variance,std_deviation,avg_steps,total_steps,E_redemptions,comprehensive_score,usage_rate,random_dirichlet,degree_exponent_succ,degree_exponent_dis,degree_exponent_tran
random,75,500,43.788,15.530341,3.940855,2.70749,203.06174,43.966,64.18315,0.58622,"[10, 10, 10]",-0.5,0.8,0.0
degreeTopM,75,500,11.535,9.69535,3.113736,1.23273,92.45458,11.553,20.78943,0.15404,"[10, 10, 10]",-0.5,0.8,0.0
pageRank,75,500,11.502,8.823606,2.970456,1.23281,92.4604,11.512,20.75315,0.15349,"[10, 10, 10]",-0.5,0.8,0.0
alpha_sort,75,500,47.986,15.281251,3.909124,1.89186,141.88966,48.077,62.22046,0.64103,"[10, 10, 10]",-0.5,0.8,0.0
ris_optimized,75,500,50.132,16.214576,4.026733,3.04755,228.566,50.364,73.1046,0.67152,"[10, 10, 10]",-0.5,0.8,0.0
1hop_sort,75,500,48.434,16.133966,4.016711,1.94641,145.98112,48.94,63.28532,0.65254,"[10, 10, 10]",-0.5,0.8,0.0
monterCarlo_CELF,75,500,51.04,15.695568,3.961763,3.1013,232.59735,53.485,75.52209,0.71313,"[10, 10, 10]",-0.5,0.8,0.0
