method,seed_num,num_sims,E_activated_users,variance,std_deviation,avg_steps,total_steps,E_redemptions,comprehensive_score,usage_rate,random_dirichlet,degree_exponent_succ,degree_exponent_dis,degree_exponent_tran
random,225,500,134.378,51.069083,7.146264,2.78394,626.3872,136.021,197.83829,0.60454,"[10, 10, 10]",-0.5,0.8,0.0
degreeTopM,225,500,34.561,27.554351,5.249224,1.23919,278.8168,34.683,62.50389,0.15415,"[10, 10, 10]",-0.5,0.8,0.0
pageRank,225,500,35.518,29.661443,5.446232,1.25757,282.95288,35.648,63.8778,0.15843,"[10, 10, 10]",-0.5,0.8,0.0
alpha_sort,225,500,142.109,45.688207,6.759305,1.94268,437.10334,143.438,186.48366,0.6375,"[10, 10, 10]",-0.5,0.8,0.0
ris_optimized,225,500,147.41,48.7379,6.981253,3.03062,681.89,149.396,216.592,0.66398,"[10, 10, 10]",-0.5,0.8,0.0
1hop_sort,225,500,143.026,45.441236,6.741011,1.97337,444.0078,145.364,188.59613,0.64606,"[10, 10, 10]",-0.5,0.8,0.0
monterCarlo_CELF,225,500,149.952,46.734647,6.836274,3.04293,684.65858,151.595,219.23932,0.67376,"[10, 10, 10]",-0.5,0.8,0.0
