method,seed_num,num_sims,E_activated_users,variance,std_deviation,avg_steps,total_steps,E_redemptions,comprehensive_score,usage_rate,random_dirichlet,degree_exponent_succ,degree_exponent_dis,degree_exponent_tran
random,200,500,116.353,40.9872,6.402125,2.72983,545.96644,117.677,171.61162,0.58838,"[10, 10, 10]",-0.5,0.8,0.0
degreeTopM,200,500,30.382,22.888631,4.784206,1.23305,246.61086,30.481,55.0929,0.15241,"[10, 10, 10]",-0.5,0.8,0.0
pageRank,200,500,30.59,23.376382,4.834913,1.23868,247.73606,30.691,55.41397,0.15345,"[10, 10, 10]",-0.5,0.8,0.0
alpha_sort,200,500,126.034,42.385076,6.510382,1.92193,384.38578,126.973,164.9421,0.63486,"[10, 10, 10]",-0.5,0.8,0.0
ris_optimized,200,500,132.046,47.387884,6.883886,3.03641,607.282,133.798,193.6502,0.66899,"[10, 10, 10]",-0.5,0.8,0.0
1hop_sort,200,500,126.368,40.695641,6.379314,1.96335,392.66958,128.364,166.63281,0.64182,"[10, 10, 10]",-0.5,0.8,0.0
monterCarlo_CELF,200,500,134.586,48.510377,6.964939,3.07039,614.0772,138.828,198.11504,0.69414,"[10, 10, 10]",-0.5,0.8,0.0
