method,seed_num,num_sims,E_activated_users,variance,std_deviation,avg_steps,total_steps,E_redemptions,comprehensive_score,usage_rate,random_dirichlet,degree_exponent_succ,degree_exponent_dis,degree_exponent_tran
random,50,500,28.566,10.010706,3.16397,2.62311,131.15564,28.634,41.71601,0.57269,"[10, 10, 10]",-0.5,0.8,0.0
degreeTopM,50,500,7.746,6.102493,2.470322,1.24036,62.01792,7.756,13.95306,0.15512,"[10, 10, 10]",-0.5,0.8,0.0
pageRank,50,500,7.733,6.22802,2.4956,1.24307,62.15372,7.741,13.95209,0.15481,"[10, 10, 10]",-0.5,0.8,0.0
alpha_sort,50,500,32.318,10.760957,3.28039,1.89259,94.62932,32.359,41.80176,0.64718,"[10, 10, 10]",-0.5,0.8,0.0
ris_optimized,50,500,33.134,11.172044,3.342461,3.0532,152.66,33.264,48.465,0.66528,"[10, 10, 10]",-0.5,0.8,0.0
1hop_sort,50,500,32.468,10.264481,3.203823,1.92545,96.2725,32.753,42.23768,0.65506,"[10, 10, 10]",-0.5,0.8,0.0
monterCarlo_CELF,50,500,33.057,11.075054,3.32792,3.04742,152.37125,33.801,48.66602,0.67602,"[10, 10, 10]",-0.5,0.8,0.0
