method,seed_num,num_sims,E_activated_users,variance,std_deviation,avg_steps,total_steps,E_redemptions,comprehensive_score,usage_rate,random_dirichlet,degree_exponent_succ,degree_exponent_dis,degree_exponent_tran
random,175,500,104.207,36.109013,6.009078,2.82487,494.35274,105.257,154.16714,0.60147,"[10, 10, 10]",-0.5,0.8,0.0
degreeTopM,175,500,26.481,21.932379,4.683202,1.2398,216.96572,26.551,48.21249,0.15172,"[10, 10, 10]",-0.5,0.8,0.0
pageRank,175,500,26.533,21.39671,4.625658,1.23545,216.2033,26.588,48.18087,0.15193,"[10, 10, 10]",-0.5,0.8,0.0
alpha_sort,175,500,111.397,39.236505,6.263905,1.92,336.00024,112.225,145.41095,0.64129,"[10, 10, 10]",-0.5,0.8,0.0
ris_optimized,175,500,116.498,44.737996,6.688647,3.07128,537.474,117.84,170.9164,0.67337,"[10, 10, 10]",-0.5,0.8,0.0
1hop_sort,175,500,111.779,39.525613,6.28694,1.95943,342.90082,113.335,146.84694,0.64763,"[10, 10, 10]",-0.5,0.8,0.0
monterCarlo_CELF,175,500,117.94,46.081603,6.788343,3.08332,539.5803,118.196,172.02626,0.67541,"[10, 10, 10]",-0.5,0.8,0.0
