method,seed_num,num_sims,E_activated_users,variance,std_deviation,avg_steps,total_steps,E_redemptions,comprehensive_score,usage_rate,random_dirichlet,degree_exponent_succ,degree_exponent_dis,degree_exponent_tran
random,150,500,89.267,31.594684,5.620915,2.80194,420.2913,89.981,131.65325,0.59987,"[10, 10, 10]",-0.5,0.8,0.0
degreeTopM,150,500,22.752,18.746552,4.329729,1.23621,185.43102,22.803,41.32064,0.15202,"[10, 10, 10]",-0.5,0.8,0.0
pageRank,150,500,22.702,19.597803,4.426941,1.23993,185.98974,22.75,41.3251,0.15167,"[10, 10, 10]",-0.5,0.8,0.0
alpha_sort,150,500,96.069,28.827671,5.369141,1.93726,290.58872,96.563,125.37502,0.64376,"[10, 10, 10]",-0.5,0.8,0.0
ris_optimized,150,500,99.204,32.994384,5.744074,3.00596,450.894,100.152,144.7674,0.66768,"[10, 10, 10]",-0.5,0.8,0.0
1hop_sort,150,500,96.152,32.888335,5.734835,1.96064,294.09624,97.413,126.19234,0.64942,"[10, 10, 10]",-0.5,0.8,0.0
monterCarlo_CELF,150,500,100.691,32.820705,5.728936,2.99503,449.25405,101.32,145.93049,0.67546,"[10, 10, 10]",-0.5,0.8,0.0
