method,seed_num,num_sims,E_activated_users,variance,std_deviation,avg_steps,total_steps,E_redemptions,comprehensive_score,usage_rate,random_dirichlet,degree_exponent_succ,degree_exponent_dis,degree_exponent_tran
random,250,500,143.335,54.581775,7.387948,2.7156,678.90106,145.258,212.18634,0.58103,"[10, 10, 10]",-0.5,0.8,0.0
degreeTopM,250,500,37.673,30.255351,5.500486,1.23319,308.29704,37.795,68.56367,0.15118,"[10, 10, 10]",-0.5,0.8,0.0
pageRank,250,500,40.197,29.71588,5.451227,1.26985,317.4616,40.346,72.01765,0.16138,"[10, 10, 10]",-0.5,0.8,0.0
alpha_sort,250,500,157.359,45.083152,6.714399,1.93735,484.33652,159.053,206.63968,0.63621,"[10, 10, 10]",-0.5,0.8,0.0
ris_optimized,250,500,166.184,49.498144,7.035492,3.07146,767.866,168.782,244.2696,0.67513,"[10, 10, 10]",-0.5,0.8,0.0
1hop_sort,250,500,158.029,50.493346,7.105867,1.97242,493.10532,161.068,208.85904,0.64427,"[10, 10, 10]",-0.5,0.8,0.0
monterCarlo_CELF,250,500,169.476,51.195909,7.155132,3.0861,771.52375,171.37,247.57546,0.68548,"[10, 10, 10]",-0.5,0.8,0.0
