method,seed_num,num_sims,E_activated_users,variance,std_deviation,avg_steps,total_steps,E_redemptions,comprehensive_score,usage_rate,random_dirichlet,degree_exponent_succ,degree_exponent_dis,degree_exponent_tran
random,100,500,59.269,20.823619,4.56329,2.68531,268.53092,59.581,86.2782,0.59581,"[10, 10, 10]",-0.5,0.8,0.0
degreeTopM,100,500,15.2,11.096128,3.331085,1.23017,123.01734,15.223,27.51327,0.15223,"[10, 10, 10]",-0.5,0.8,0.0
pageRank,100,500,15.21,12.500421,3.535593,1.23299,123.29864,15.245,27.55692,0.15245,"[10, 10, 10]",-0.5,0.8,0.0
alpha_sort,100,500,63.882,20.404203,4.517101,1.90093,190.09284,64.103,83.00212,0.64103,"[10, 10, 10]",-0.5,0.8,0.0
ris_optimized,100,500,66.218,20.094476,4.482686,2.96228,296.228,66.632,96.0478,0.66632,"[10, 10, 10]",-0.5,0.8,0.0
1hop_sort,100,500,64.243,20.049732,4.477693,1.94184,194.1843,65.04,84.0602,0.6504,"[10, 10, 10]",-0.5,0.8,0.0
monterCarlo_CELF,100,500,67.393,19.131237,4.373927,3.01514,301.5143,69.788,98.7418,0.69788,"[10, 10, 10]",-0.5,0.8,0.0
