method,seed_num,num_sims,E_activated_users,variance,std_deviation,avg_steps,total_steps,E_redemptions,comprehensive_score,usage_rate,random_dirichlet,degree_exponent_succ,degree_exponent_dis,degree_exponent_tran
random,70,500,51.678,9.506316,3.0832314217392116,3.8980285714285716,272.862,54.42,80.3352,0.7774285714285715,"[10, 10, 10]",0.1,0.1,0.1
degreeTopM,70,500,54.902,10.052395999999998,3.1705513716071527,4.125914285714285,288.81399999999996,58.174,85.4194,0.8310571428571428,"[10, 10, 10]",0.1,0.1,0.1
pageRank,70,500,53.89,9.4699,3.0773202628260843,4.015314285714285,281.07199999999995,56.618,83.3612,0.8088285714285715,"[10, 10, 10]",0.1,0.1,0.1
alpha_sort,70,500,29.784,15.869344000000002,3.983634521388728,1.5880571428571426,111.16399999999999,30.38,41.1984,0.434,"[10, 10, 10]",0.1,0.1,0.1
ris_optimized,70,500,59.074,7.840524,2.8000935698651217,4.380628571428572,306.644,61.552,90.9774,0.8793142857142857,"[10, 10, 10]",0.1,0.1,0.1
