method,seed_num,num_sims,E_activated_users,variance,std_deviation,avg_steps,total_steps,E_redemptions,comprehensive_score,usage_rate,random_dirichlet,degree_exponent_succ,degree_exponent_dis,degree_exponent_tran
random,100,500,70.024,14.851424,3.853754532919812,3.66044,366.044,73.598,108.4154,0.73598,"[10, 10, 10]",0.1,0.1,0.1
degreeTopM,100,500,76.162,15.451756000000001,3.9308721678528293,4.0888599999999995,408.88599999999997,82.094,120.0166,0.8209399999999999,"[10, 10, 10]",0.1,0.1,0.1
pageRank,100,500,75.878,15.099115999999999,3.8857580984924933,4.00846,400.84600000000006,80.606,118.3266,0.80606,"[10, 10, 10]",0.1,0.1,0.1
alpha_sort,100,500,41.916,22.408944,4.733808614635788,1.5737999999999999,157.38,43.008,58.2,0.43008,"[10, 10, 10]",0.1,0.1,0.1
ris_optimized,100,500,83.912,12.040256000000001,3.469907203370142,4.40064,440.064,88.38,130.1524,0.8837999999999999,"[10, 10, 10]",0.1,0.1,0.1
