method,seed_num,num_sims,E_activated_users,variance,std_deviation,avg_steps,total_steps,E_redemptions,comprehensive_score,usage_rate,random_dirichlet,degree_exponent_succ,degree_exponent_dis,degree_exponent_tran
random,90,500,64.042,12.488236,3.533869833482835,3.6859333333333333,331.734,66.542,98.4654,0.7393555555555555,"[10, 10, 10]",0.1,0.1,0.1
degreeTopM,90,500,69.594,12.893164,3.5907052232117302,4.127355555555556,371.46200000000005,74.656,109.27120000000001,0.8295111111111112,"[10, 10, 10]",0.1,0.1,0.1
pageRank,90,500,68.292,13.662735999999997,3.696313839489282,3.9899555555555555,359.096,72.02,106.06560000000002,0.8002222222222222,"[10, 10, 10]",0.1,0.1,0.1
alpha_sort,90,500,37.44,20.6184,4.540748836921065,1.5608666666666668,140.478,38.474,52.004799999999996,0.42748888888888886,"[10, 10, 10]",0.1,0.1,0.1
ris_optimized,90,500,75.61,11.313899999999999,3.36361412769063,4.403355555555556,396.302,79.644,117.25720000000001,0.8849333333333333,"[10, 10, 10]",0.1,0.1,0.1
