method,seed_num,num_sims,E_activated_users,variance,std_deviation,avg_steps,total_steps,E_redemptions,comprehensive_score,usage_rate,random_dirichlet,degree_exponent_succ,degree_exponent_dis,degree_exponent_tran
random,40,500,27.632,5.396576,2.3230531634037135,3.4762000000000004,139.048,28.104,41.772800000000004,0.7026,"[10, 10, 10]",0.1,0.1,0.1
degreeTopM,40,500,31.708,5.766735999999999,2.4014029232929652,4.02875,161.14999999999998,32.934,48.43599999999999,0.8233499999999999,"[10, 10, 10]",0.1,0.1,0.1
pageRank,40,500,31.54,6.2444000000000015,2.498879749007543,3.97105,158.84199999999998,32.512,47.910199999999996,0.8128,"[10, 10, 10]",0.1,0.1,0.1
alpha_sort,40,500,17.254,9.313484,3.051800124516676,1.60815,64.326,17.604,23.861600000000003,0.4401,"[10, 10, 10]",0.1,0.1,0.1
ris_optimized,40,500,34.188,4.684656,2.1644066161421702,4.306050000000001,172.24200000000002,35.1,51.86820000000001,0.8775000000000001,"[10, 10, 10]",0.1,0.1,0.1
