method,seed_num,num_sims,E_activated_users,variance,std_deviation,avg_steps,total_steps,E_redemptions,comprehensive_score,usage_rate,random_dirichlet,degree_exponent_succ,degree_exponent_dis,degree_exponent_tran
random,50,500,39.498,6.113995999999999,2.4726495910257884,3.9935599999999996,199.67799999999997,40.568,60.0008,0.81136,"[10, 10, 10]",0.1,0.1,0.1
degreeTopM,50,500,39.222,6.128716,2.475624365690401,4.04732,202.366,40.96,60.327600000000004,0.8192,"[10, 10, 10]",0.1,0.1,0.1
pageRank,50,500,39.274,6.802923999999999,2.608241553230835,4.03184,201.59199999999998,40.844,60.218199999999996,0.81688,"[10, 10, 10]",0.1,0.1,0.1
alpha_sort,50,500,21.26,11.336400000000001,3.3669570831835682,1.57716,78.85799999999999,21.73,29.3808,0.4346,"[10, 10, 10]",0.1,0.1,0.1
ris_optimized,50,500,42.81,6.281899999999999,2.5063718798294876,4.401280000000001,220.06400000000005,44.48,65.6514,0.8896,"[10, 10, 10]",0.1,0.1,0.1
