method,seed_num,num_sims,E_activated_users,variance,std_deviation,avg_steps,total_steps,E_redemptions,comprehensive_score,usage_rate,random_dirichlet,degree_exponent_succ,degree_exponent_dis,degree_exponent_tran
random,10,500,6.704,1.624384,1.2745132404176898,3.1538000000000004,31.538000000000004,6.716,9.863800000000001,0.6716,"[10, 10, 10]",0.1,0.1,0.1
degreeTopM,10,500,7.996,1.495984,1.2231042473967622,3.9021999999999997,39.022,8.066,11.933200000000001,0.8066000000000001,"[10, 10, 10]",0.1,0.1,0.1
pageRank,10,500,7.846,1.5422840000000002,1.2418872734672821,3.7833999999999994,37.833999999999996,7.9,11.6564,0.79,"[10, 10, 10]",0.1,0.1,0.1
alpha_sort,10,500,4.048,2.141696,1.4634534498917278,1.44,14.399999999999999,4.164,5.545999999999999,0.4164,"[10, 10, 10]",0.1,0.1,0.1
ris_optimized,10,500,8.67,1.0651,1.0320368210485515,4.271400000000001,42.714000000000006,8.762,12.987400000000001,0.8762000000000001,"[10, 10, 10]",0.1,0.1,0.1
