method,seed_num,num_sims,E_activated_users,variance,std_deviation,avg_steps,total_steps,E_redemptions,comprehensive_score,usage_rate,random_dirichlet,degree_exponent_succ,degree_exponent_dis,degree_exponent_tran
random,80,500,58.534,11.264844,3.3563140496681774,3.77745,302.196,60.956,89.9646,0.76195,"[10, 10, 10]",0.1,0.1,0.1
degreeTopM,80,500,62.3,11.842000000000002,3.4412207136421813,4.130925,330.47400000000005,66.47,97.4324,0.830875,"[10, 10, 10]",0.1,0.1,0.1
pageRank,80,500,61.052,12.841295999999998,3.5834754080361706,4.0028500000000005,320.22800000000007,64.198,94.64780000000002,0.8024749999999999,"[10, 10, 10]",0.1,0.1,0.1
alpha_sort,80,500,33.928,20.098816,4.4831703068252935,1.58995,127.196,34.7,47.0336,0.43375,"[10, 10, 10]",0.1,0.1,0.1
ris_optimized,80,500,66.712,9.121056000000001,3.0201086073186176,4.321975,345.75800000000004,69.618,102.74080000000001,0.8702249999999999,"[10, 10, 10]",0.1,0.1,0.1
