method,seed_num,num_sims,E_activated_users,variance,std_deviation,avg_steps,total_steps,E_redemptions,comprehensive_score,usage_rate,random_dirichlet,degree_exponent_succ,degree_exponent_dis,degree_exponent_tran
random,20,500,16.388,2.4374559999999996,1.5612354082584725,4.076,81.52,16.52,24.606,0.826,"[10, 10, 10]",0.1,0.1,0.1
degreeTopM,20,500,16.246,2.5374840000000005,1.592948210080918,4.0561,81.122,16.482,24.4762,0.8240999999999999,"[10, 10, 10]",0.1,0.1,0.1
pageRank,20,500,15.832,2.971776,1.7238839868158182,3.9074,78.148,16.028,23.744799999999998,0.8013999999999999,"[10, 10, 10]",0.1,0.1,0.1
alpha_sort,20,500,8.734,4.483244000000001,2.1173672331459183,1.5894000000000001,31.788000000000004,8.874,11.982800000000001,0.44370000000000004,"[10, 10, 10]",0.1,0.1,0.1
ris_optimized,20,500,17.118,2.380076,1.5427494935990094,4.2343,84.686,17.33,25.6926,0.8664999999999999,"[10, 10, 10]",0.1,0.1,0.1
