method,seed_num,num_sims,E_activated_users,variance,std_deviation,avg_steps,total_steps,E_redemptions,comprehensive_score,usage_rate,random_dirichlet,degree_exponent_succ,degree_exponent_dis,degree_exponent_tran
random,30,500,20.032,4.018975999999999,2.004738386922343,3.2908666666666666,98.726,20.362,30.0696,0.6787333333333333,"[10, 10, 10]",0.1,0.1,0.1
degreeTopM,30,500,23.764,3.708303999999999,1.9256957184352879,3.9898,119.69399999999999,24.43,36.0664,0.8143333333333334,"[10, 10, 10]",0.1,0.1,0.1
pageRank,30,500,23.602,4.115595999999999,2.028693175421064,3.9237333333333333,117.712,24.122,35.6332,0.8040666666666667,"[10, 10, 10]",0.1,0.1,0.1
alpha_sort,30,500,12.934,6.7776440000000004,2.603390865774865,1.5951333333333333,47.854,13.226,17.8654,0.4408666666666667,"[10, 10, 10]",0.1,0.1,0.1
ris_optimized,30,500,25.512,4.061856,2.015404674004702,4.292933333333333,128.78799999999998,26.27,38.7698,0.8756666666666667,"[10, 10, 10]",0.1,0.1,0.1
