method,seed_num,num_sims,E_activated_users,variance,std_deviation,avg_steps,total_steps,E_redemptions,comprehensive_score,usage_rate,random_dirichlet,degree_exponent_succ,degree_exponent_dis,degree_exponent_tran
random,30,500,24.326,4.067724,2.0168599356425325,3.9352,118.056,24.754,36.3456,0.8251333333333334,"[10, 10, 10]",-0.5,0.8,0.0
degreeTopM,30,500,22.198,5.218795999999999,2.2844684283220023,3.5756666666666663,107.27,22.654,33.153000000000006,0.7551333333333333,"[10, 10, 10]",-0.5,0.8,0.0
pageRank,30,500,22.108,5.200336,2.280424521881836,3.5845333333333333,107.536,22.46,33.0376,0.7486666666666667,"[10, 10, 10]",-0.5,0.8,0.0
alpha_sort,30,500,22.14,5.1284,2.264597094407745,2.2192,66.576,22.328,28.8916,0.7442666666666666,"[10, 10, 10]",-0.5,0.8,0.0
ris_optimized,30,500,23.474,4.781324000000001,2.1866238816952497,3.2364666666666664,97.094,23.672,33.2824,0.7890666666666667,"[10, 10, 10]",-0.5,0.8,0.0
1hop_sort,30,500,22.012,5.223856,2.28557563865211,2.1941333333333333,65.824,22.274,28.7254,0.7424666666666667,"[10, 10, 10]",-0.5,0.8,0.0
