method,seed_num,num_sims,E_activated_users,variance,std_deviation,avg_steps,total_steps,E_redemptions,comprehensive_score,usage_rate,random_dirichlet,degree_exponent_succ,degree_exponent_dis,degree_exponent_tran
random,90,500,71.772,12.852016000000003,3.58497085064858,3.7941111111111114,341.47,74.658,107.36200000000001,0.8295333333333333,"[10, 10, 10]",-0.5,0.8,0.0
degreeTopM,90,500,66.508,16.081936,4.010228921146522,3.7382222222222223,336.44,70.516,102.156,0.7835111111111112,"[10, 10, 10]",-0.5,0.8,0.0
pageRank,90,500,68.014,16.093804,4.011708364275748,3.7484666666666664,337.36199999999997,71.01,103.2482,0.789,"[10, 10, 10]",-0.5,0.8,0.0
alpha_sort,90,500,64.572,18.064816,4.250272461854651,2.3233999999999995,209.10599999999994,65.63,86.01159999999999,0.7292222222222222,"[10, 10, 10]",-0.5,0.8,0.0
ris_optimized,90,500,70.352,12.548096000000001,3.5423291772504713,3.3556666666666666,302.01,71.838,101.29599999999999,0.7981999999999999,"[10, 10, 10]",-0.5,0.8,0.0
1hop_sort,90,500,64.334,16.998444000000003,4.122916928583452,2.321466666666667,208.93200000000002,65.626,85.87320000000001,0.7291777777777778,"[10, 10, 10]",-0.5,0.8,0.0
