method,seed_num,num_sims,E_activated_users,variance,std_deviation,avg_steps,total_steps,E_redemptions,comprehensive_score,usage_rate,random_dirichlet,degree_exponent_succ,degree_exponent_dis,degree_exponent_tran
random,40,500,33.086,5.326604,2.3079436734894547,3.8118499999999997,152.474,33.506,48.5434,0.83765,"[10, 10, 10]",-0.5,0.8,0.0
degreeTopM,40,500,29.49,7.8139,2.7953354002695274,3.5453,141.812,30.422,44.1372,0.7605500000000001,"[10, 10, 10]",-0.5,0.8,0.0
pageRank,40,500,29.862,7.374956,2.7156870217313336,3.56165,142.466,30.548,44.4516,0.7636999999999999,"[10, 10, 10]",-0.5,0.8,0.0
alpha_sort,40,500,29.572,7.436815999999999,2.727052621421156,2.248,89.92000000000002,29.714,38.635000000000005,0.74285,"[10, 10, 10]",-0.5,0.8,0.0
ris_optimized,40,500,31.736,5.534304,2.352510148756005,3.4031499999999997,136.12599999999998,32.196,45.5786,0.8049,"[10, 10, 10]",-0.5,0.8,0.0
1hop_sort,40,500,29.198,7.726795999999998,2.779711495821104,2.1971999999999996,87.88799999999998,29.314,38.044799999999995,0.73285,"[10, 10, 10]",-0.5,0.8,0.0
