method,seed_num,num_sims,E_activated_users,variance,std_deviation,avg_steps,total_steps,E_redemptions,comprehensive_score,usage_rate,random_dirichlet,degree_exponent_succ,degree_exponent_dis,degree_exponent_tran
random,60,500,48.228,9.608016,3.0996799834821656,3.8278999999999996,229.67399999999998,49.69,71.9264,0.8281666666666666,"[10, 10, 10]",-0.5,0.8,0.0
degreeTopM,60,500,43.66,11.000399999999997,3.3166850920761224,3.6407666666666665,218.446,45.522,66.4356,0.7586999999999999,"[10, 10, 10]",-0.5,0.8,0.0
pageRank,60,500,44.43,13.2211,3.6360830573571885,3.6523000000000003,219.13800000000003,46.024,67.14080000000001,0.7670666666666667,"[10, 10, 10]",-0.5,0.8,0.0
alpha_sort,60,500,43.374,11.194124,3.3457620955471414,2.2786,136.716,43.826,57.27160000000001,0.7304333333333334,"[10, 10, 10]",-0.5,0.8,0.0
ris_optimized,60,500,46.034,11.600843999999999,3.406001174397918,3.2430666666666665,194.584,46.92,65.9354,0.782,"[10, 10, 10]",-0.5,0.8,0.0
1hop_sort,60,500,42.796,11.306384,3.3624966914481864,2.2647333333333335,135.88400000000001,43.51,56.7414,0.7251666666666666,"[10, 10, 10]",-0.5,0.8,0.0
