method,seed_num,num_sims,E_activated_users,variance,std_deviation,avg_steps,total_steps,E_redemptions,comprehensive_score,usage_rate,random_dirichlet,degree_exponent_succ,degree_exponent_dis,degree_exponent_tran
random,80,500,64.646,10.712683999999998,3.273023678496689,3.79975,303.98,66.472,95.957,0.8309,"[10, 10, 10]",-0.5,0.8,0.0
degreeTopM,80,500,58.582,14.047276000000002,3.7479695836545956,3.644925,291.594,61.782,89.34140000000001,0.7722749999999999,"[10, 10, 10]",-0.5,0.8,0.0
pageRank,80,500,60.134,12.916044,3.5938898146715625,3.681775,294.54200000000003,62.726,90.8842,0.784075,"[10, 10, 10]",-0.5,0.8,0.0
alpha_sort,80,500,58.02,14.8236,3.8501428544925447,2.2876,183.00799999999998,58.606,76.6138,0.732575,"[10, 10, 10]",-0.5,0.8,0.0
ris_optimized,80,500,61.344,12.373664000000002,3.5176219239707955,3.1874000000000002,254.99200000000002,62.972,87.6572,0.78715,"[10, 10, 10]",-0.5,0.8,0.0
1hop_sort,80,500,57.644,14.993264,3.8721136346961718,2.2807,182.456,58.656,76.3956,0.7332,"[10, 10, 10]",-0.5,0.8,0.0
