method,seed_num,num_sims,E_activated_users,variance,std_deviation,avg_steps,total_steps,E_redemptions,comprehensive_score,usage_rate,random_dirichlet,degree_exponent_succ,degree_exponent_dis,degree_exponent_tran
random,50,500,40.288,7.7650559999999995,2.7865850067780094,3.7913599999999996,189.56799999999998,41.354,59.7778,0.82708,"[10, 10, 10]",-0.5,0.8,0.0
degreeTopM,50,500,36.79,8.5179,2.918544157623797,3.6066400000000005,180.33200000000002,38.132,55.494200000000006,0.76264,"[10, 10, 10]",-0.5,0.8,0.0
pageRank,50,500,37.152,9.220896,3.036592827495975,3.6127200000000004,180.63600000000002,38.278,55.77860000000001,0.76556,"[10, 10, 10]",-0.5,0.8,0.0
alpha_sort,50,500,36.546,9.287883999999998,3.0476029925172337,2.2402399999999996,112.01199999999997,36.928,47.938199999999995,0.73856,"[10, 10, 10]",-0.5,0.8,0.0
ris_optimized,50,500,38.982,7.949676000000002,2.8195169799098574,3.2349200000000002,161.746,39.52,55.4256,0.7904000000000001,"[10, 10, 10]",-0.5,0.8,0.0
1hop_sort,50,500,35.866,9.188043999999998,3.0311786486447807,2.23156,111.578,36.516,47.348800000000004,0.73032,"[10, 10, 10]",-0.5,0.8,0.0
