method,seed_num,num_sims,E_activated_users,variance,std_deviation,avg_steps,total_steps,E_redemptions,comprehensive_score,usage_rate,random_dirichlet,degree_exponent_succ,degree_exponent_dis,degree_exponent_tran
random,20,500,16.306,2.7323640000000005,1.6529863883287124,3.8792,77.584,16.552,24.187400000000004,0.8276,"[10, 10, 10]",-0.5,0.8,0.0
degreeTopM,20,500,15.044,3.4460640000000002,1.8563577241469382,3.5519000000000003,71.03800000000001,15.176,22.2138,0.7588,"[10, 10, 10]",-0.5,0.8,0.0
pageRank,20,500,15.064,3.515904,1.8750743985239626,3.5241,70.482,15.192,22.1762,0.7596,"[10, 10, 10]",-0.5,0.8,0.0
alpha_sort,20,500,14.876,3.6206240000000003,1.9027937355373021,2.2656,45.312,14.89,19.4142,0.7445,"[10, 10, 10]",-0.5,0.8,0.0
ris_optimized,20,500,15.602,3.1635959999999996,1.7786500498973934,3.1997,63.994,15.738,22.0694,0.7868999999999999,"[10, 10, 10]",-0.5,0.8,0.0
1hop_sort,20,500,14.49,3.7499000000000002,1.9364658530425989,2.1776999999999997,43.553999999999995,14.628,18.9144,0.7314,"[10, 10, 10]",-0.5,0.8,0.0
