method,seed_num,num_sims,E_activated_users,variance,std_deviation,avg_steps,total_steps,E_redemptions,comprehensive_score,usage_rate,random_dirichlet,degree_exponent_succ,degree_exponent_dis,degree_exponent_tran
random,10,500,8.13,1.3851,1.1769027147559818,3.6928,36.928,8.136,11.8258,0.8135999999999999,"[10, 10, 10]",-0.5,0.8,0.0
degreeTopM,10,500,7.67,1.7770999999999997,1.3330791424367872,3.557,35.57,7.708,11.246,0.7708,"[10, 10, 10]",-0.5,0.8,0.0
pageRank,10,500,7.592,1.841536,1.3570320556272797,3.5141999999999998,35.141999999999996,7.64,11.130199999999999,0.764,"[10, 10, 10]",-0.5,0.8,0.0
alpha_sort,10,500,7.584,1.650944,1.2848906568264866,2.2214,22.214,7.584,9.805399999999999,0.7584,"[10, 10, 10]",-0.5,0.8,0.0
ris_optimized,10,500,7.746,1.7854839999999998,1.3362200417595897,2.8856,28.856,7.748,10.6326,0.7748,"[10, 10, 10]",-0.5,0.8,0.0
1hop_sort,10,500,7.38,2.0236,1.4225329521666625,2.122,21.22,7.424,9.524000000000001,0.7424000000000001,"[10, 10, 10]",-0.5,0.8,0.0
