method,seed_num,num_sims,E_activated_users,variance,std_deviation,avg_steps,total_steps,log_alpha_slope,log_beta_slope,degree_power_h,E_redemptions,comprehensive_score
ris_path_aware,70,600,3.4116666666666666,3.0821972222222223,1.7556187576527604,1.6681666666666666,116.77166666666666,0.1,0.6,-2.0,3.4583333333333335,15.112166666666667
ris_path_aware,70,600,3.158333333333333,2.723263888888889,1.6502314652462815,1.6089523809523811,112.62666666666668,0.1,0.6,-1.0,3.2133333333333334,14.448500000000001
ris_path_aware,70,600,3.9433333333333334,3.5434555555555556,1.8824068517606802,1.6320238095238095,114.24166666666667,0.1,0.6,-0.5,4.041666666666667,15.416666666666668
ris_path_aware,70,600,16.756666666666668,11.074122222222222,3.3277803746975585,3.0243333333333333,211.70333333333332,0.1,0.6,1.0,17.615,38.35616666666667
ris_path_aware,70,600,21.571666666666665,13.254863888888888,3.6407229898591416,3.8439761904761904,269.0783333333333,0.1,0.6,1.5,22.558333333333334,48.97283333333333
ris_path_aware,70,600,26.185,15.197441666666666,3.8983896247895315,4.2876666666666665,300.13666666666666,0.1,0.6,2.0,27.383333333333333,56.79783333333333
ris_path_aware,70,600,30.89666666666667,14.992655555555556,3.8720350664160517,5.0212619047619045,351.4883333333333,0.1,0.6,2.5,33.03333333333333,67.11383333333333
ris_path_aware,70,600,35.333333333333336,14.355555555555556,3.788872596902086,5.355119047619048,374.85833333333335,0.1,0.6,3.0,37.39833333333333,73.85166666666667
ris_path_aware,70,600,43.955,13.389641666666668,3.659185929502171,6.651833333333334,465.6283333333334,0.1,0.6,5.0,48.038333333333334,92.55950000000001
