method,seed_num,num_sims,E_activated_users,variance,std_deviation,avg_steps,total_steps,log_alpha_slope,log_beta_slope,degree_power_h,E_redemptions,comprehensive_score
ris_path_aware,100,600,4.343333333333334,3.8121222222222224,1.9524656776041474,1.6658,166.57999999999998,0.1,0.6,-2.0,4.408333333333333,21.03383333333333
ris_path_aware,100,600,5.206666666666667,4.620622222222222,2.1495632631356125,1.66185,166.185,0.1,0.6,-1.0,5.34,21.891833333333334
ris_path_aware,100,600,4.131666666666667,3.5476638888888887,1.8835243265986477,1.6749333333333334,167.49333333333334,0.1,0.6,-0.5,4.3133333333333335,20.971833333333336
ris_path_aware,100,600,23.19,14.830566666666668,3.8510474765531866,3.0338833333333333,303.3883333333333,0.1,0.6,1.0,24.64666666666667,54.25716666666667
ris_path_aware,100,600,27.796666666666667,17.58532222222222,4.193485688806177,3.6052500000000003,360.52500000000003,0.1,0.6,1.5,29.62,64.76083333333334
ris_path_aware,100,600,35.63666666666666,20.161322222222225,4.490136102861719,4.35085,435.08500000000004,0.1,0.6,2.0,38.196666666666665,80.42516666666667
ris_path_aware,100,600,41.105,19.663975,4.434408077748371,4.6696,466.96,0.1,0.6,2.5,44.52333333333333,89.51016666666666
ris_path_aware,100,600,46.4,19.843333333333334,4.454585652261423,5.1609,516.09,0.1,0.6,3.0,50.56,100.08900000000001
ris_path_aware,100,600,58.915,19.651108333333333,4.432957064233008,6.71745,671.745,0.1,0.6,5.0,65.79333333333334,129.52866666666668
