method,seed_num,num_sims,E_activated_users,variance,std_deviation,avg_steps,total_steps,log_alpha_slope,log_beta_slope,degree_power_h,E_redemptions,comprehensive_score
ris_path_aware,10,600,1.1,0.9133333333333333,0.9556847457887634,1.6061666666666667,16.061666666666667,0.1,0.6,-2.0,1.1016666666666666,2.707
ris_path_aware,10,600,1.1416666666666666,0.8549305555555556,0.9246245484279312,1.5430000000000001,15.430000000000001,0.1,0.6,-1.0,1.1516666666666666,2.6896666666666667
ris_path_aware,10,600,1.0366666666666666,0.9186555555555557,0.9584652083177332,1.5293333333333334,15.293333333333335,0.1,0.6,-0.5,1.0366666666666666,2.5660000000000003
ris_path_aware,10,600,3.1966666666666668,1.9679888888888888,1.4028502731542267,3.205166666666667,32.05166666666667,0.1,0.6,1.0,3.22,6.413500000000001
ris_path_aware,10,600,3.945,2.1519749999999997,1.4669611446797082,3.9775,39.775,0.1,0.6,1.5,3.9633333333333334,7.931666666666667
ris_path_aware,10,600,4.42,2.1736000000000004,1.4743133995185693,4.620500000000001,46.205000000000005,0.1,0.6,2.0,4.45,9.055500000000002
ris_path_aware,10,600,5.381666666666667,2.4459972222222217,1.5639684211077352,5.124833333333333,51.248333333333335,0.1,0.6,2.5,5.381666666666667,10.5065
ris_path_aware,10,600,5.963333333333333,2.2253222222222226,1.491751394241756,5.997333333333333,59.97333333333333,0.1,0.6,3.0,6.051666666666667,12.004833333333334
ris_path_aware,10,600,7.49,1.7932333333333335,1.339116624246497,7.672,76.72,0.1,0.6,5.0,7.5183333333333335,15.176166666666667
