method,seed_num,num_sims,E_activated_users,variance,std_deviation,avg_steps,total_steps,log_alpha_slope,log_beta_slope,degree_power_h,E_redemptions,comprehensive_score
ris_path_aware,50,600,2.9133333333333336,2.615822222222222,1.6173503708912988,1.6482666666666668,82.41333333333334,0.1,0.6,-2.0,2.945,11.170500000000002
ris_path_aware,50,600,2.941666666666667,2.8715972222222224,1.6945787742746639,1.6616,83.08,0.1,0.6,-1.0,2.9766666666666666,11.267166666666666
ris_path_aware,50,600,3.7683333333333335,3.137997222222222,1.7714393080831818,1.6722333333333335,83.61166666666668,0.1,0.6,-0.5,3.841666666666667,12.166166666666667
ris_path_aware,50,600,13.25,9.4775,3.0785548557724285,3.011766666666667,150.58833333333334,0.1,0.6,1.0,13.675,28.521333333333335
ris_path_aware,50,600,16.098333333333333,9.551997222222223,3.0906305541462284,3.6969666666666656,184.84833333333327,0.1,0.6,1.5,16.655,34.86149999999999
ris_path_aware,50,600,20.038333333333334,10.086863888888889,3.175982350216841,4.401333333333333,220.06666666666663,0.1,0.6,2.0,21.15,42.60083333333333
ris_path_aware,50,600,24.128333333333334,10.865197222222223,3.296239861148188,5.164466666666667,258.22333333333336,0.1,0.6,2.5,25.038333333333334,50.405666666666676
ris_path_aware,50,600,24.873333333333335,11.227288888888891,3.3507146833009958,5.391333333333333,269.56666666666666,0.1,0.6,3.0,26.071666666666665,52.42916666666667
ris_path_aware,50,600,33.876666666666665,9.644788888888892,3.105606042125899,7.054733333333334,352.7366666666667,0.1,0.6,5.0,35.218333333333334,69.82116666666667
