method,seed_num,num_sims,E_activated_users,variance,std_deviation,avg_steps,total_steps,log_alpha_slope,log_beta_slope,degree_power_h,E_redemptions,comprehensive_score
ris_path_aware,30,600,2.71,2.5559,1.5987182365882988,1.5517222222222222,46.55166666666667,0.1,0.6,-2.0,2.7516666666666665,7.386
ris_path_aware,30,600,2.4966666666666666,2.159988888888889,1.469690065588282,1.5884444444444443,47.65333333333333,0.1,0.6,-1.0,2.56,7.293666666666667
ris_path_aware,30,600,2.355,2.065641666666666,1.4372340333664055,1.6356666666666666,49.07,0.1,0.6,-0.5,2.3733333333333335,7.271166666666667
ris_path_aware,30,600,8.265,5.454775,2.335545974713407,2.960888888888889,88.82666666666667,0.1,0.6,1.0,8.618333333333334,17.324333333333335
ris_path_aware,30,600,11.243333333333334,5.864122222222222,2.4215949748507124,3.8677777777777784,116.03333333333336,0.1,0.6,1.5,11.803333333333333,23.126666666666672
ris_path_aware,30,600,12.62,6.6255999999999995,2.574024086911387,4.597333333333332,137.91999999999996,0.1,0.6,2.0,13.05,26.626999999999995
ris_path_aware,30,600,14.08,6.680266666666666,2.584621184364677,5.408888888888889,162.26666666666665,0.1,0.6,2.5,14.365,30.449166666666667
ris_path_aware,30,600,16.248333333333335,6.7466638888888895,2.5974340971214054,5.665333333333333,169.95999999999998,0.1,0.6,3.0,16.655,33.44766666666666
ris_path_aware,30,600,21.171666666666667,5.255530555555556,2.2924943959703707,7.214555555555556,216.43666666666667,0.1,0.6,5.0,21.805,43.132000000000005
