method,seed_num,num_sims,E_activated_users,variance,std_deviation,avg_steps,total_steps,log_alpha_slope,log_beta_slope,degree_power_h,E_redemptions,comprehensive_score
ris_path_aware,40,600,3.02,2.7862666666666662,1.6692113906472918,1.6575833333333332,66.30333333333333,0.1,0.6,-2.0,3.07,9.675333333333333
ris_path_aware,40,600,2.6,2.006666666666667,1.4165686240583852,1.6545833333333333,66.18333333333334,0.1,0.6,-1.0,2.7266666666666666,9.281666666666666
ris_path_aware,40,600,2.8333333333333335,2.438888888888889,1.5616942366829971,1.6100833333333333,64.40333333333334,0.1,0.6,-0.5,2.8716666666666666,9.292833333333334
ris_path_aware,40,600,11.106666666666667,7.621955555555555,2.760788937161904,2.92225,116.89,0.1,0.6,1.0,11.521666666666667,23.003166666666665
ris_path_aware,40,600,14.583333333333334,7.959722222222222,2.821297967642238,4.063999999999999,162.55999999999997,0.1,0.6,1.5,15.168333333333333,31.13183333333333
ris_path_aware,40,600,17.133333333333333,9.11888888888889,3.0197498056774323,4.7086250000000005,188.34500000000003,0.1,0.6,2.0,17.68,36.24116666666667
ris_path_aware,40,600,20.108333333333334,9.17659722222222,3.02928988745254,4.854916666666666,194.19666666666666,0.1,0.6,2.5,20.74,39.843833333333336
ris_path_aware,40,600,20.881666666666668,8.657663888888889,2.942390845705052,5.577541666666667,223.1016666666667,0.1,0.6,3.0,21.72,43.611000000000004
ris_path_aware,40,600,28.008333333333333,6.934930555555557,2.6334256312938775,7.054375,282.175,0.1,0.6,5.0,29.198333333333334,56.82083333333333
