method,seed_num,num_sims,E_activated_users,variance,std_deviation,avg_steps,total_steps,log_alpha_slope,log_beta_slope,degree_power_h,E_redemptions,comprehensive_score
ris_path_aware,60,600,3.3316666666666666,3.0716638888888887,1.7526162982492457,1.6240833333333333,97.445,0.1,0.6,-2.0,3.4233333333333333,13.122
ris_path_aware,60,600,3.591666666666667,3.1782638888888886,1.7827686021716023,1.6169166666666666,97.01499999999999,0.1,0.6,-1.0,3.6566666666666667,13.325666666666667
ris_path_aware,60,600,3.0566666666666666,2.7367888888888885,1.654324299793994,1.6379722222222222,98.27833333333334,0.1,0.6,-0.5,3.1133333333333333,12.912833333333335
ris_path_aware,60,600,15.553333333333333,9.863822222222222,3.1406722564161678,2.8626666666666667,171.76,0.1,0.6,1.0,16.626666666666665,33.266
ris_path_aware,60,600,19.115,12.075108333333334,3.4749256586772233,3.6975,221.85,0.1,0.6,1.5,20.023333333333333,41.75416666666667
ris_path_aware,60,600,22.775,12.471041666666665,3.5314362045302,4.536944444444445,272.2166666666667,0.1,0.6,2.0,23.8,50.50916666666667
ris_path_aware,60,600,26.485,13.939775,3.7336008088707073,4.777972222222223,286.6783333333334,0.1,0.6,2.5,27.91,55.86533333333334
ris_path_aware,60,600,30.518333333333334,12.95966388888889,3.599953317598562,5.272722222222222,316.3633333333333,0.1,0.6,3.0,32.045,62.91799999999999
ris_path_aware,60,600,38.108333333333334,10.859930555555554,3.295440874231482,7.049472222222223,422.96833333333336,0.1,0.6,5.0,40.58833333333333,81.64516666666667
