method,seed_num,num_sims,E_activated_users,variance,std_deviation,avg_steps,total_steps,log_alpha_slope,log_beta_slope,degree_power_h,E_redemptions,comprehensive_score
ris_path_aware,90,600,3.7666666666666666,3.3288888888888892,1.8245242911205346,1.6110185185185182,144.99166666666665,0.1,0.6,-2.0,3.85,18.307499999999997
ris_path_aware,90,600,4.988333333333333,3.8715305555555553,1.9676205313920556,1.6612222222222222,149.51,0.1,0.6,-1.0,5.173333333333333,20.03183333333333
ris_path_aware,90,600,3.7066666666666666,3.0539555555555555,1.7475570249796015,1.6143703703703702,145.29333333333332,0.1,0.6,-0.5,3.808333333333333,18.286833333333334
ris_path_aware,90,600,19.77,14.190433333333333,3.7670191575479586,2.9875925925925926,268.8833333333333,0.1,0.6,1.0,20.926666666666666,47.236666666666665
ris_path_aware,90,600,27.106666666666666,15.941955555555557,3.9927378520954213,3.6009259259259263,324.08333333333337,0.1,0.6,1.5,29.201666666666668,60.56250000000001
ris_path_aware,90,600,33.34166666666667,16.00159722222222,4.000199647795372,4.302370370370371,387.21333333333337,0.1,0.6,2.0,35.526666666666664,73.15550000000002
ris_path_aware,90,600,35.968333333333334,19.053997222222225,4.3650884552574905,4.977833333333333,448.00499999999994,0.1,0.6,2.5,38.31666666666667,81.943
ris_path_aware,90,600,40.626666666666665,18.54728888888889,4.306656346736862,5.421277777777777,487.91499999999996,0.1,0.6,3.0,43.483333333333334,90.84649999999999
ris_path_aware,90,600,52.553333333333335,16.35048888888889,4.043573776857409,6.586,592.74,0.1,0.6,5.0,57.36333333333334,114.23233333333334
