method,seed_num,num_sims,E_activated_users,variance,std_deviation,avg_steps,total_steps,log_alpha_slope,log_beta_slope,degree_power_h,E_redemptions,comprehensive_score
ris_path_aware,20,600,1.9466666666666668,1.7871555555555554,1.3368453745873363,1.64775,32.955,0.1,0.6,-2.0,1.9733333333333334,5.2555
ris_path_aware,20,600,1.4516666666666667,1.2576638888888891,1.1214561466632964,1.6420833333333333,32.84166666666667,0.1,0.6,-1.0,1.4983333333333333,4.759166666666667
ris_path_aware,20,600,2.0533333333333332,1.5938222222222223,1.2624667212335627,1.5400833333333332,30.801666666666666,0.1,0.6,-0.5,2.0833333333333335,5.1485
ris_path_aware,20,600,6.001666666666667,3.801663888888889,1.9497856007491925,2.927,58.54,0.1,0.6,1.0,6.126666666666667,11.918166666666668
ris_path_aware,20,600,7.528333333333333,4.395863888888889,2.0966315577346655,3.855,77.1,0.1,0.6,1.5,7.83,15.389166666666668
ris_path_aware,20,600,9.22,5.0016,2.236425719759098,4.53875,90.775,0.1,0.6,2.0,9.426666666666666,18.400833333333335
ris_path_aware,20,600,10.051666666666666,4.888997222222223,2.211107691231303,5.39925,107.98500000000001,0.1,0.6,2.5,10.235,20.941833333333335
ris_path_aware,20,600,11.383333333333333,4.693055555555555,2.1663461301360765,5.645833333333333,112.91666666666666,0.1,0.6,3.0,11.513333333333334,22.740000000000002
ris_path_aware,20,600,14.83,3.7910999999999997,1.9470747289202845,8.067250000000001,161.34500000000003,0.1,0.6,5.0,15.07,31.084500000000002
