method,seed_num,num_sims,E_activated_users,variance,std_deviation,avg_steps,total_steps,log_alpha_slope,log_beta_slope,degree_power_h,E_redemptions,comprehensive_score
ris_path_aware,80,600,4.675,3.6327083333333334,1.9059665089747337,1.7182291666666667,137.45833333333334,0.1,0.6,-2.0,4.805,18.485833333333336
ris_path_aware,80,600,4.176666666666667,3.902122222222222,1.975379007234364,1.7132291666666666,137.05833333333334,0.1,0.6,-1.0,4.258333333333334,17.923333333333336
ris_path_aware,80,600,3.8,3.216666666666667,1.7935068069752806,1.6700833333333334,133.60666666666668,0.1,0.6,-0.5,3.89,17.20566666666667
ris_path_aware,80,600,19.10333333333333,12.639322222222223,3.555182445701236,2.9096875,232.775,0.1,0.6,1.0,20.06833333333333,42.86333333333334
ris_path_aware,80,600,27.108333333333334,15.759930555555554,3.9698779018447854,3.513187500000001,281.05500000000006,0.1,0.6,1.5,29.028333333333332,56.17383333333334
ris_path_aware,80,600,31.841666666666665,15.719930555555553,3.964836762788041,4.384791666666667,350.7833333333333,0.1,0.6,2.0,33.96666666666667,67.9825
ris_path_aware,80,600,33.903333333333336,16.750655555555557,4.092756474010585,4.813645833333333,385.09166666666664,0.1,0.6,2.5,35.97,73.44583333333333
ris_path_aware,80,600,38.998333333333335,15.528330555555556,3.940600278581368,5.296145833333333,423.69166666666666,0.1,0.6,3.0,41.458333333333336,82.59750000000001
ris_path_aware,80,600,47.82,15.220933333333333,3.901401457596146,6.722270833333333,537.7816666666666,0.1,0.6,5.0,51.92166666666667,103.649
