method,seed_num,num_sims,E_activated_users,variance,std_deviation,avg_steps,total_steps,E_redemptions,comprehensive_score,usage_rate,random_dirichlet,degree_exponent_succ,degree_exponent_dis,degree_exponent_tran
random,70,500,12.21,10.8899,3.2999848484500656,1.2929142857142857,90.50399999999999,12.238,21.2744,0.17482857142857142,"[10, 10, 10]",-0.5,0.8,0.0
degreeTopM,70,500,3.204,3.022384,1.7385005033073762,1.1341142857142856,79.38799999999999,3.208,11.1448,0.045828571428571434,"[10, 10, 10]",-0.5,0.8,0.0
pageRank,70,500,3.37,3.1050999999999997,1.7621293936598412,1.1378,79.646,3.372,11.335600000000001,0.048171428571428566,"[10, 10, 10]",-0.5,0.8,0.0
alpha_sort,70,500,19.256,15.154464,3.892873488825446,1.336457142857143,93.552,19.26,28.613200000000006,0.2751428571428572,"[10, 10, 10]",-0.5,0.8,0.0
ris_optimized,70,500,17.71,13.4539,3.6679558339761944,1.350142857142857,94.50999999999999,17.714,27.162999999999997,0.2530571428571428,"[10, 10, 10]",-0.5,0.8,0.0
1hop_sort,70,500,19.016,14.435743999999998,3.7994399587307597,1.3737142857142854,96.15999999999998,19.124,28.686,0.2732,"[10, 10, 10]",-0.5,0.8,0.0
