method,seed_num,num_sims,E_activated_users,variance,std_deviation,avg_steps,total_steps,E_redemptions,comprehensive_score,usage_rate,random_dirichlet,degree_exponent_succ,degree_exponent_dis,degree_exponent_tran
random,40,500,7.054,5.851084000000001,2.4189014035301235,1.2958000000000003,51.83200000000001,7.054,12.237200000000001,0.17635,"[10, 10, 10]",-0.5,0.8,0.0
degreeTopM,40,500,1.496,1.3579839999999999,1.1653257055433042,1.1104,44.416000000000004,1.496,5.9376,0.0374,"[10, 10, 10]",-0.5,0.8,0.0
pageRank,40,500,1.556,1.5548639999999998,1.2469418591097179,1.113,44.519999999999996,1.556,6.008,0.038900000000000004,"[10, 10, 10]",-0.5,0.8,0.0
alpha_sort,40,500,11.066,7.813644,2.795289609324944,1.3290500000000003,53.16200000000001,11.066,16.382200000000005,0.27665,"[10, 10, 10]",-0.5,0.8,0.0
ris_optimized,40,500,10.332,8.461776,2.9089131991174986,1.3477999999999999,53.91199999999999,10.336,15.7252,0.2584,"[10, 10, 10]",-0.5,0.8,0.0
1hop_sort,40,500,11.476,8.133424000000002,2.851915847285821,1.36675,54.669999999999995,11.488,16.948999999999998,0.2872,"[10, 10, 10]",-0.5,0.8,0.0
