method,seed_num,num_sims,E_activated_users,variance,std_deviation,avg_steps,total_steps,E_redemptions,comprehensive_score,usage_rate,random_dirichlet,degree_exponent_succ,degree_exponent_dis,degree_exponent_tran
random,80,500,14.182,11.340876,3.3676217127224963,1.3032249999999999,104.25799999999998,14.188,24.610799999999998,0.17735,"[10, 10, 10]",-0.5,0.8,0.0
degreeTopM,80,500,4.002,3.777996,1.943706768007973,1.140725,91.258,4.002,13.1278,0.050025,"[10, 10, 10]",-0.5,0.8,0.0
pageRank,80,500,4.328,3.8524160000000007,1.9627572442867205,1.1453000000000002,91.62400000000002,4.328,13.490400000000005,0.0541,"[10, 10, 10]",-0.5,0.8,0.0
alpha_sort,80,500,21.762,16.401356,4.049858762969396,1.3357999999999999,106.86399999999999,21.772,32.4534,0.27215,"[10, 10, 10]",-0.5,0.8,0.0
ris_optimized,80,500,20.784,16.781343999999997,4.096503875257534,1.352475,108.19800000000001,20.792,31.6078,0.2599,"[10, 10, 10]",-0.5,0.8,0.0
1hop_sort,80,500,21.958,16.544236000000005,4.067460632876489,1.3751,110.008,22.024,32.9918,0.2753,"[10, 10, 10]",-0.5,0.8,0.0
