method,seed_num,num_sims,E_activated_users,variance,std_deviation,avg_steps,total_steps,E_redemptions,comprehensive_score,usage_rate,random_dirichlet,degree_exponent_succ,degree_exponent_dis,degree_exponent_tran
random,60,500,11.526,9.985323999999999,3.159956328812156,1.3233,79.398,11.528,19.4668,0.19213333333333335,"[10, 10, 10]",-0.5,0.8,0.0
degreeTopM,60,500,2.674,2.387724,1.5452261970339487,1.1253,67.518,2.676,9.4268,0.0446,"[10, 10, 10]",-0.5,0.8,0.0
pageRank,60,500,2.808,2.5791360000000005,1.6059688664479148,1.1302,67.81200000000001,2.808,9.589200000000002,0.046799999999999994,"[10, 10, 10]",-0.5,0.8,0.0
alpha_sort,60,500,16.498,13.077995999999999,3.616351199759227,1.3335333333333332,80.012,16.5,24.500200000000003,0.275,"[10, 10, 10]",-0.5,0.8,0.0
ris_optimized,60,500,15.282,12.090476,3.477136177948744,1.348,80.88000000000001,15.282,23.37,0.2547,"[10, 10, 10]",-0.5,0.8,0.0
1hop_sort,60,500,16.356,12.377263999999998,3.5181335960989313,1.3833000000000002,82.99800000000002,16.398,24.676800000000007,0.2733,"[10, 10, 10]",-0.5,0.8,0.0
