method,seed_num,num_sims,E_activated_users,variance,std_deviation,avg_steps,total_steps,E_redemptions,comprehensive_score,usage_rate,random_dirichlet,degree_exponent_succ,degree_exponent_dis,degree_exponent_tran
random,90,500,15.454,12.355884,3.5150937398595787,1.2842444444444445,115.58200000000001,15.466,27.0182,0.17184444444444444,"[10, 10, 10]",-0.5,0.8,0.0
degreeTopM,90,500,4.632,4.524575999999999,2.1271050749786666,1.147333333333333,103.25999999999998,4.636,14.959999999999999,0.05151111111111111,"[10, 10, 10]",-0.5,0.8,0.0
pageRank,90,500,4.928,4.942816,2.223244475985491,1.1540888888888887,103.86799999999998,4.93,15.3158,0.05477777777777777,"[10, 10, 10]",-0.5,0.8,0.0
alpha_sort,90,500,24.292,17.874736,4.227852409912153,1.3384666666666667,120.462,24.296,36.3402,0.26995555555555556,"[10, 10, 10]",-0.5,0.8,0.0
ris_optimized,90,500,22.622,16.355116000000002,4.0441458925216835,1.3530222222222221,121.77199999999999,22.624,34.8002,0.25137777777777776,"[10, 10, 10]",-0.5,0.8,0.0
1hop_sort,90,500,24.04,17.5024,4.1835869777022685,1.3708222222222224,123.37400000000001,24.148,36.431400000000004,0.2683111111111111,"[10, 10, 10]",-0.5,0.8,0.0
