method,seed_num,num_sims,E_activated_users,variance,std_deviation,avg_steps,total_steps,E_redemptions,comprehensive_score,usage_rate,random_dirichlet,degree_exponent_succ,degree_exponent_dis,degree_exponent_tran
random,50,500,8.994,8.501964,2.9158127511896232,1.29572,64.786,8.996,15.473600000000001,0.17992,"[10, 10, 10]",-0.5,0.8,0.0
degreeTopM,50,500,2.004,1.771984,1.3311588935961025,1.11796,55.898,2.006,7.5948,0.040119999999999996,"[10, 10, 10]",-0.5,0.8,0.0
pageRank,50,500,2.068,1.887376,1.3738180374416402,1.1193600000000001,55.968,2.068,7.664800000000001,0.04136,"[10, 10, 10]",-0.5,0.8,0.0
alpha_sort,50,500,13.77,9.9851,3.1599208850855742,1.3277199999999998,66.386,13.778,20.4126,0.27556,"[10, 10, 10]",-0.5,0.8,0.0
ris_optimized,50,500,12.88,10.2136,3.195872337875842,1.35076,67.538,12.882,19.6348,0.25764,"[10, 10, 10]",-0.5,0.8,0.0
1hop_sort,50,500,13.822,10.078316000000001,3.1746363571281675,1.3653600000000001,68.268,13.85,20.662799999999997,0.27699999999999997,"[10, 10, 10]",-0.5,0.8,0.0
