method,seed_num,num_sims,E_activated_users,variance,std_deviation,avg_steps,total_steps,E_redemptions,comprehensive_score,usage_rate,random_dirichlet,degree_exponent_succ,degree_exponent_dis,degree_exponent_tran
random,20,500,4.058,3.0946359999999995,1.759157753017051,1.2976,25.952,4.058,6.6532,0.2029,"[10, 10, 10]",-0.5,0.8,0.0
degreeTopM,20,500,0.57,0.5171,0.7190966555338719,1.0958,21.916000000000004,0.57,2.7616000000000005,0.028499999999999998,"[10, 10, 10]",-0.5,0.8,0.0
pageRank,20,500,0.564,0.509904,0.7140756262469683,1.0995,21.99,0.564,2.763,0.028199999999999996,"[10, 10, 10]",-0.5,0.8,0.0
alpha_sort,20,500,5.846,3.8502840000000007,1.9622140556014782,1.3204,26.408,5.846,8.4868,0.2923,"[10, 10, 10]",-0.5,0.8,0.0
ris_optimized,20,500,5.474,4.117324000000001,2.0291190206589658,1.3571999999999997,27.143999999999995,5.474,8.1884,0.2737,"[10, 10, 10]",-0.5,0.8,0.0
1hop_sort,20,500,6.152,4.112896000000001,2.0280276132242383,1.3737000000000001,27.474000000000004,6.174,8.910400000000001,0.30870000000000003,"[10, 10, 10]",-0.5,0.8,0.0
