method,seed_num,num_sims,E_activated_users,variance,std_deviation,avg_steps,total_steps,E_redemptions,comprehensive_score,usage_rate,random_dirichlet,degree_exponent_succ,degree_exponent_dis,degree_exponent_tran
random,30,500,5.372,4.641616,2.1544409947826373,1.2932666666666668,38.798,5.372,9.2518,0.17906666666666665,"[10, 10, 10]",-0.5,0.8,0.0
degreeTopM,30,500,1.068,0.915376,0.9567528416472041,1.1081999999999999,33.245999999999995,1.068,4.3926,0.0356,"[10, 10, 10]",-0.5,0.8,0.0
pageRank,30,500,1.18,1.0115999999999998,1.0057832768544126,1.1187333333333334,33.562,1.18,4.5362,0.03933333333333333,"[10, 10, 10]",-0.5,0.8,0.0
alpha_sort,30,500,8.474,6.129324,2.475747159949901,1.323,39.69,8.478,12.444999999999999,0.2826,"[10, 10, 10]",-0.5,0.8,0.0
ris_optimized,30,500,7.734,5.635244000000001,2.3738668875907933,1.3501999999999998,40.50599999999999,7.734,11.7846,0.2578,"[10, 10, 10]",-0.5,0.8,0.0
1hop_sort,30,500,8.724,5.563823999999999,2.3587759537522843,1.3711333333333335,41.13400000000001,8.73,12.840400000000002,0.29100000000000004,"[10, 10, 10]",-0.5,0.8,0.0
