method,seed_num,num_sims,E_activated_users,variance,std_deviation,avg_steps,total_steps,E_redemptions,comprehensive_score,usage_rate,random_dirichlet,degree_exponent_succ,degree_exponent_dis,degree_exponent_tran
random,10,500,2.044,1.674064,1.293856251675587,1.3215999999999999,13.216,2.044,3.3656,0.2044,"[10, 10, 10]",-0.5,0.8,0.0
degreeTopM,10,500,0.206,0.19956400000000002,0.44672586672365416,1.0743999999999998,10.743999999999998,0.206,1.2803999999999998,0.0206,"[10, 10, 10]",-0.5,0.8,0.0
pageRank,10,500,0.254,0.245484,0.49546341943679356,1.079,10.79,0.254,1.333,0.0254,"[10, 10, 10]",-0.5,0.8,0.0
alpha_sort,10,500,2.912,2.0122560000000003,1.4185400946043085,1.3221999999999998,13.221999999999998,2.912,4.2341999999999995,0.2912,"[10, 10, 10]",-0.5,0.8,0.0
ris_optimized,10,500,2.718,1.8464759999999996,1.358850985207723,1.3585999999999998,13.585999999999999,2.718,4.0766,0.2718,"[10, 10, 10]",-0.5,0.8,0.0
1hop_sort,10,500,2.97,2.0651,1.4370455803487934,1.3596000000000001,13.596000000000002,2.97,4.329600000000001,0.29700000000000004,"[10, 10, 10]",-0.5,0.8,0.0
