method,seed_num,num_sims,E_activated_users,variance,std_deviation,avg_steps,total_steps,E_redemptions,comprehensive_score,usage_rate,random_dirichlet,degree_exponent_succ,degree_exponent_dis,degree_exponent_tran
random,100,500,18.14,13.516399999999999,3.6764656941143894,1.3051,130.51,18.174,31.208,0.18173999999999998,"[10, 10, 10]",-0.5,0.8,0.0
degreeTopM,100,500,5.32,4.921600000000001,2.218467939817928,1.14946,114.946,5.324,16.8166,0.053239999999999996,"[10, 10, 10]",-0.5,0.8,0.0
pageRank,100,500,5.674,4.915724,2.2171432069219166,1.15178,115.178,5.676,17.192800000000002,0.056760000000000005,"[10, 10, 10]",-0.5,0.8,0.0
alpha_sort,100,500,26.698,19.702796000000003,4.43878316658969,1.3382800000000001,133.828,26.714,40.0888,0.26714,"[10, 10, 10]",-0.5,0.8,0.0
ris_optimized,100,500,24.658,18.413036,4.291041365449651,1.3569200000000001,135.692,24.664,38.2302,0.24664000000000003,"[10, 10, 10]",-0.5,0.8,0.0
1hop_sort,100,500,26.412,19.270256,4.389789972196848,1.37338,137.338,26.57,40.2248,0.2657,"[10, 10, 10]",-0.5,0.8,0.0
