method,seed_num,num_sims,E_activated_users,variance,std_deviation,avg_steps,total_steps,E_redemptions,comprehensive_score,usage_rate,random_dirichlet,degree_exponent_succ,degree_exponent_dis,degree_exponent_tran
random,70,500,41.004,11.37926,3.373316,2.77919,194.5432,43.182,61.54747,0.61689,"[10, 10, 10]",-0.5,0.8,0.0
degreeTopM,70,500,34.452,11.616047,3.408232,2.88531,201.97146,38.352,56.59931,0.54788,"[10, 10, 10]",-0.5,0.8,0.0
pageRank,70,500,36.852,10.331022,3.214191,2.82902,198.03132,38.872,57.66514,0.55531,"[10, 10, 10]",-0.5,0.8,0.0
alpha_sort,70,500,41.215,14.141633,3.760536,1.95796,137.05712,42.73,55.67858,0.61043,"[10, 10, 10]",-0.5,0.8,0.0
ris_optimized,70,500,48.954,12.727884,3.567616,3.01377,210.964,51.34,71.2434,0.73343,"[10, 10, 10]",-0.5,0.8,0.0
1hop_sort,70,500,42.172,13.889024,3.726798,2.10551,147.38568,44.901,58.27508,0.64145,"[10, 10, 10]",-0.5,0.8,0.0
monterCarlo_CELF,70,500,49.24,12.636788,3.554826,3.01388,210.97146,51.894,71.6641,0.74134,"[10, 10, 10]",-0.5,0.8,0.0
