method,seed_num,num_sims,E_activated_users,variance,std_deviation,avg_steps,total_steps,E_redemptions,comprehensive_score,usage_rate,random_dirichlet,degree_exponent_succ,degree_exponent_dis,degree_exponent_tran
random,30,500,18.098,6.011444,2.451825,3.02931,90.8793,18.467,27.37049,0.61556,"[10, 10, 10]",-0.5,0.8,0.0
degreeTopM,30,500,10.85,4.252307,2.062112,2.19233,65.76988,11.287,17.64566,0.37623,"[10, 10, 10]",-0.5,0.8,0.0
pageRank,30,500,10.821,3.838556,1.959223,2.11221,63.36622,11.091,17.29277,0.3697,"[10, 10, 10]",-0.5,0.8,0.0
alpha_sort,30,500,18.64,6.346694,2.519265,1.92312,57.69366,18.835,24.50686,0.62785,"[10, 10, 10]",-0.5,0.8,0.0
ris_optimized,30,500,22.144,4.991264,2.234114,3.04167,91.25,22.692,31.543,0.7564,"[10, 10, 10]",-0.5,0.8,0.0
1hop_sort,30,500,18.568,5.933161,2.435808,1.97686,59.3058,19.396,24.91251,0.64654,"[10, 10, 10]",-0.5,0.8,0.0
monterCarlo_CELF,30,500,22.395,5.088881,2.255855,3.09532,92.85948,22.647,31.80692,0.75491,"[10, 10, 10]",-0.5,0.8,0.0
