method,seed_num,num_sims,E_activated_users,variance,std_deviation,avg_steps,total_steps,E_redemptions,comprehensive_score,usage_rate,random_dirichlet,degree_exponent_succ,degree_exponent_dis,degree_exponent_tran
random,20,500,11.958,3.470431,1.862909,3.03658,60.7317,12.162,18.13318,0.60809,"[10, 10, 10]",-0.5,0.8,0.0
degreeTopM,20,500,3.847,2.721877,1.649811,1.41184,28.2367,3.859,6.67651,0.19293,"[10, 10, 10]",-0.5,0.8,0.0
pageRank,20,500,4.39,2.718565,1.648807,1.49787,29.95748,4.445,7.41313,0.22223,"[10, 10, 10]",-0.5,0.8,0.0
alpha_sort,20,500,12.55,3.874773,1.968444,1.8949,37.8979,12.631,16.38039,0.63157,"[10, 10, 10]",-0.5,0.8,0.0
ris_optimized,20,500,14.864,3.505504,1.872299,2.9985,59.97,15.112,20.985,0.7556,"[10, 10, 10]",-0.5,0.8,0.0
1hop_sort,20,500,12.521,4.037906,2.009454,1.95649,39.1298,13.12,16.73347,0.65601,"[10, 10, 10]",-0.5,0.8,0.0
monterCarlo_CELF,20,500,15.114,3.383889,1.839535,3.0077,60.15392,15.231,21.18818,0.76156,"[10, 10, 10]",-0.5,0.8,0.0
