method,seed_num,num_sims,E_activated_users,variance,std_deviation,avg_steps,total_steps,E_redemptions,comprehensive_score,usage_rate,random_dirichlet,degree_exponent_succ,degree_exponent_dis,degree_exponent_tran
random,100,500,59.529,17.28725,4.157794,2.95747,295.74718,63.192,90.93498,0.63192,"[10, 10, 10]",-0.5,0.8,0.0
degreeTopM,100,500,50.446,13.96104,3.736448,2.96696,296.69584,57.189,83.48712,0.57189,"[10, 10, 10]",-0.5,0.8,0.0
pageRank,100,500,53.08,14.441607,3.800211,2.91559,291.55872,57.791,84.59137,0.57791,"[10, 10, 10]",-0.5,0.8,0.0
alpha_sort,100,500,60.988,19.154959,4.376638,2.28233,228.23324,64.253,85.44361,0.64253,"[10, 10, 10]",-0.5,0.8,0.0
ris_optimized,100,500,68.512,19.233856,4.385642,3.04096,304.096,73.396,101.3636,0.73396,"[10, 10, 10]",-0.5,0.8,0.0
1hop_sort,100,500,59.391,19.574499,4.424308,2.28427,228.42724,65.599,85.33788,0.65599,"[10, 10, 10]",-0.5,0.8,0.0
monterCarlo_CELF,100,500,69.697,18.311871,4.279237,3.09523,309.5227,72.802,102.20141,0.72802,"[10, 10, 10]",-0.5,0.8,0.0
