method,seed_num,num_sims,E_activated_users,variance,std_deviation,avg_steps,total_steps,E_redemptions,comprehensive_score,usage_rate,random_dirichlet,degree_exponent_succ,degree_exponent_dis,degree_exponent_tran
random,40,500,24.066,7.950511,2.819665,2.94356,117.74248,24.954,36.28421,0.62386,"[10, 10, 10]",-0.5,0.8,0.0
degreeTopM,40,500,17.212,5.948806,2.439018,2.45337,98.1349,18.215,27.52666,0.45537,"[10, 10, 10]",-0.5,0.8,0.0
pageRank,40,500,17.26,5.836933,2.415975,2.33906,93.56232,17.755,26.86376,0.44387,"[10, 10, 10]",-0.5,0.8,0.0
alpha_sort,40,500,23.726,8.649129,2.94094,1.82627,73.0507,24.363,31.34943,0.60906,"[10, 10, 10]",-0.5,0.8,0.0
ris_optimized,40,500,29.148,7.022096,2.649924,3.04655,121.862,30.046,41.7832,0.75115,"[10, 10, 10]",-0.5,0.8,0.0
1hop_sort,40,500,24.425,7.903184,2.81126,1.94931,77.97248,25.587,32.80288,0.63967,"[10, 10, 10]",-0.5,0.8,0.0
monterCarlo_CELF,40,500,28.993,7.138549,2.671806,3.09084,123.6334,30.103,41.91117,0.75256,"[10, 10, 10]",-0.5,0.8,0.0
