method,seed_num,num_sims,E_activated_users,variance,std_deviation,avg_steps,total_steps,E_redemptions,comprehensive_score,usage_rate,random_dirichlet,degree_exponent_succ,degree_exponent_dis,degree_exponent_tran
random,80,500,46.692,14.239114,3.773475,2.98772,239.0177,49.765,72.13017,0.62206,"[10, 10, 10]",-0.5,0.8,0.0
degreeTopM,80,500,40.092,11.691413,3.419271,2.88025,230.41962,44.56,65.36791,0.557,"[10, 10, 10]",-0.5,0.8,0.0
pageRank,80,500,42.211,13.686091,3.699472,2.87353,229.88224,45.039,66.613,0.56299,"[10, 10, 10]",-0.5,0.8,0.0
alpha_sort,80,500,46.911,16.393259,4.048859,2.04985,163.9882,48.855,64.2819,0.61069,"[10, 10, 10]",-0.5,0.8,0.0
ris_optimized,80,500,57.178,14.902316,3.860352,3.17415,253.932,61.142,84.5532,0.76428,"[10, 10, 10]",-0.5,0.8,0.0
1hop_sort,80,500,47.225,15.471599,3.933395,2.16817,173.45346,50.964,66.43996,0.63705,"[10, 10, 10]",-0.5,0.8,0.0
monterCarlo_CELF,80,500,57.518,15.203328,3.899145,3.14469,251.57512,61.993,84.91259,0.77491,"[10, 10, 10]",-0.5,0.8,0.0
