method,seed_num,num_sims,E_activated_users,variance,std_deviation,avg_steps,total_steps,E_redemptions,comprehensive_score,usage_rate,random_dirichlet,degree_exponent_succ,degree_exponent_dis,degree_exponent_tran
random,90,500,51.794,16.875215,4.107945,2.85812,257.23042,54.419,78.82957,0.60465,"[10, 10, 10]",-0.5,0.8,0.0
degreeTopM,90,500,45.809,14.071088,3.751145,2.93716,264.3444,51.468,75.07315,0.57187,"[10, 10, 10]",-0.5,0.8,0.0
pageRank,90,500,47.792,13.9941,3.740869,2.90961,261.86508,51.375,75.77,0.57083,"[10, 10, 10]",-0.5,0.8,0.0
alpha_sort,90,500,53.175,17.703598,4.207564,2.16017,194.41516,55.68,73.86919,0.61867,"[10, 10, 10]",-0.5,0.8,0.0
ris_optimized,90,500,62.262,15.529356,3.94073,3.08091,277.282,66.894,92.3062,0.74327,"[10, 10, 10]",-0.5,0.8,0.0
1hop_sort,90,500,52.671,15.906855,3.98834,2.19802,197.8218,57.137,74.68612,0.63485,"[10, 10, 10]",-0.5,0.8,0.0
monterCarlo_CELF,90,500,62.248,15.897449,3.987161,3.10729,279.65619,66.906,92.54218,0.7434,"[10, 10, 10]",-0.5,0.8,0.0
