method,seed_num,num_sims,E_activated_users,variance,std_deviation,avg_steps,total_steps,E_redemptions,comprehensive_score,usage_rate,random_dirichlet,degree_exponent_succ,degree_exponent_dis,degree_exponent_tran
random,60,500,35.26,11.312911,3.363467,3.02475,181.48506,37.619,54.58753,0.62698,"[10, 10, 10]",-0.5,0.8,0.0
degreeTopM,60,500,28.896,8.251599,2.87256,2.71403,162.84166,31.059,46.26202,0.51766,"[10, 10, 10]",-0.5,0.8,0.0
pageRank,60,500,31.075,8.560971,2.925914,2.74015,164.40918,32.501,48.22879,0.54168,"[10, 10, 10]",-0.5,0.8,0.0
alpha_sort,60,500,35.587,12.467542,3.530941,1.9572,117.43208,36.92,47.99696,0.61534,"[10, 10, 10]",-0.5,0.8,0.0
ris_optimized,60,500,42.666,10.430444,3.22962,2.95013,177.008,44.614,61.3408,0.74357,"[10, 10, 10]",-0.5,0.8,0.0
1hop_sort,60,500,36.72,11.88852,3.447973,2.08353,125.01166,38.654,50.18858,0.64424,"[10, 10, 10]",-0.5,0.8,0.0
monterCarlo_CELF,60,500,43.29,10.411105,3.226624,2.99601,179.76042,45.174,62.20827,0.75291,"[10, 10, 10]",-0.5,0.8,0.0
