method,seed_num,num_sims,E_activated_users,variance,std_deviation,avg_steps,total_steps,E_redemptions,comprehensive_score,usage_rate,random_dirichlet,degree_exponent_succ,degree_exponent_dis,degree_exponent_tran
random,50,500,30.027,9.343197,3.056664,2.9178,145.88994,31.03,45.1178,0.62061,"[10, 10, 10]",-0.5,0.8,0.0
degreeTopM,50,500,22.919,7.984116,2.825618,2.58575,129.28742,24.124,36.45027,0.48248,"[10, 10, 10]",-0.5,0.8,0.0
pageRank,50,500,23.765,8.074804,2.84162,2.54187,127.09328,24.564,36.87397,0.49129,"[10, 10, 10]",-0.5,0.8,0.0
alpha_sort,50,500,29.18,10.27771,3.205887,1.87808,93.90376,29.872,38.91621,0.59744,"[10, 10, 10]",-0.5,0.8,0.0
ris_optimized,50,500,37.558,7.770636,2.787586,3.36076,168.038,39.132,55.1488,0.78264,"[10, 10, 10]",-0.5,0.8,0.0
1hop_sort,50,500,30.328,9.013111,3.002184,2.03619,101.80926,31.657,41.1734,0.63314,"[10, 10, 10]",-0.5,0.8,0.0
monterCarlo_CELF,50,500,37.303,7.703175,2.775459,3.3544,167.72015,39.733,55.29016,0.79467,"[10, 10, 10]",-0.5,0.8,0.0
