method,seed_num,num_sims,E_activated_users,variance,std_deviation,avg_steps,total_steps,E_redemptions,comprehensive_score,usage_rate,random_dirichlet,degree_exponent_succ,degree_exponent_dis,degree_exponent_tran
random,10,500,5.942,1.808526,1.344815,2.9488,29.488,5.958,8.89878,0.59577,"[10, 10, 10]",-0.5,0.8,0.0
degreeTopM,10,500,1.447,1.224992,1.106793,1.21037,12.10366,1.449,2.65858,0.14492,"[10, 10, 10]",-0.5,0.8,0.0
pageRank,10,500,1.451,1.206219,1.09828,1.22007,12.20066,1.451,2.67119,0.14511,"[10, 10, 10]",-0.5,0.8,0.0
alpha_sort,10,500,6.146,1.952465,1.397306,1.72932,17.29316,6.249,7.92665,0.62487,"[10, 10, 10]",-0.5,0.8,0.0
ris_optimized,10,500,7.504,1.801984,1.34238,2.726,27.26,7.508,10.232,0.7508,"[10, 10, 10]",-0.5,0.8,0.0
1hop_sort,10,500,6.301,1.842267,1.357301,1.8203,18.20302,6.679,8.31057,0.66794,"[10, 10, 10]",-0.5,0.8,0.0
monterCarlo_CELF,10,500,7.619,1.755113,1.324807,2.70153,27.01528,7.959,10.49052,0.79587,"[10, 10, 10]",-0.5,0.8,0.0
