method,seed_num,num_sims,E_activated_users,variance,std_deviation,avg_steps,total_steps,E_redemptions,comprehensive_score,usage_rate,random_dirichlet,degree_exponent_succ,degree_exponent_dis,degree_exponent_tran
random,100,500,64.688,16.986656,4.121487110255229,3.6633599999999995,366.33599999999996,73.206,105.5806,0.73206,"[10, 10, 10]",0.1,0.1,0.1
degreeTopM,100,500,68.154,14.010284000000002,3.7430313917999674,4.17516,417.516,82.984,117.32059999999998,0.8298399999999999,"[10, 10, 10]",0.1,0.1,0.1
pageRank,100,500,70.122,15.919115999999999,3.9898766898238844,4.13034,413.03400000000005,82.414,117.57140000000001,0.82414,"[10, 10, 10]",0.1,0.1,0.1
alpha_sort,100,500,53.52,15.849600000000002,3.981155611125996,3.2977600000000002,329.776,69.828,94.6516,0.69828,"[10, 10, 10]",0.1,0.1,0.1
ris_optimized,100,500,78.038,14.956556,3.8673706830351806,4.531560000000001,453.15600000000006,90.508,129.5886,0.90508,"[10, 10, 10]",0.1,0.1,0.1
monterCarlo_CELF,100,500,76.936,14.999904,3.8729709526408795,4.46346,446.34600000000006,89.336,127.7706,0.8933599999999999,"[10, 10, 10]",0.1,0.1,0.1
