method,seed_num,num_sims,E_activated_users,variance,std_deviation,avg_steps,total_steps,E_redemptions,comprehensive_score,usage_rate,random_dirichlet,degree_exponent_succ,degree_exponent_dis,degree_exponent_tran
random,70,500,49.132,8.818576,2.9696087284354484,3.8326571428571428,268.286,53.534,78.16159999999999,0.7647714285714285,"[10, 10, 10]",0.1,0.1,0.1
degreeTopM,70,500,51.034,9.816844,3.1331843226979164,4.2622285714285715,298.356,59.462,85.0836,0.8494571428571429,"[10, 10, 10]",0.1,0.1,0.1
pageRank,70,500,52.21,8.221900000000002,2.8673855687716645,4.142428571428571,289.96999999999997,58.308,84.256,0.8329714285714286,"[10, 10, 10]",0.1,0.1,0.1
alpha_sort,70,500,36.178,11.818316000000001,3.437777770595418,2.835828571428572,198.50800000000004,44.286,60.082800000000006,0.6326571428571429,"[10, 10, 10]",0.1,0.1,0.1
ris_optimized,70,500,57.194,7.680364000000002,2.771346964925179,4.505914285714285,315.41399999999993,63.294,91.7854,0.9042,"[10, 10, 10]",0.1,0.1,0.1
monterCarlo_CELF,70,500,57.042,8.104235999999998,2.8467939862238008,4.532885714285714,317.302,63.648,92.0752,0.9092571428571429,"[10, 10, 10]",0.1,0.1,0.1
