method,seed_num,num_sims,E_activated_users,variance,std_deviation,avg_steps,total_steps,E_redemptions,comprehensive_score,usage_rate,random_dirichlet,degree_exponent_succ,degree_exponent_dis,degree_exponent_tran
random,90,500,60.072,12.902816,3.5920489974386487,3.7179111111111105,334.61199999999997,66.884,96.9392,0.7431555555555556,"[10, 10, 10]",0.1,0.1,0.1
degreeTopM,90,500,62.826,13.315724000000001,3.649071662765751,4.165733333333334,374.91600000000005,74.418,106.1136,0.8268666666666667,"[10, 10, 10]",0.1,0.1,0.1
pageRank,90,500,63.674,14.719723999999998,3.8366292497451453,4.093133333333333,368.382,73.472,105.4112,0.8163555555555555,"[10, 10, 10]",0.1,0.1,0.1
alpha_sort,90,500,46.752,17.550495999999995,4.189331211542004,3.1500666666666666,283.506,60.67,82.0616,0.6741111111111111,"[10, 10, 10]",0.1,0.1,0.1
ris_optimized,90,500,71.432,11.317375999999996,3.3641307941279566,4.533711111111111,408.034,81.36,117.1994,0.904,"[10, 10, 10]",0.1,0.1,0.1
monterCarlo_CELF,90,500,70.724,11.763824000000003,3.429843145101537,4.551044444444445,409.59400000000005,81.77,117.2064,0.9085555555555556,"[10, 10, 10]",0.1,0.1,0.1
