method,seed_num,num_sims,E_activated_users,variance,std_deviation,avg_steps,total_steps,E_redemptions,comprehensive_score,usage_rate,random_dirichlet,degree_exponent_succ,degree_exponent_dis,degree_exponent_tran
random,20,500,11.902,2.7883959999999997,1.6698490949783455,2.9438,58.876,12.01,17.8436,0.6005,"[10, 10, 10]",0.1,0.1,0.1
degreeTopM,20,500,16.566,2.393644,1.547140588311224,4.2885,85.77,17.348,25.534,0.8674,"[10, 10, 10]",0.1,0.1,0.1
pageRank,20,500,16.594,2.4291639999999997,1.558577556620138,4.2863999999999995,85.728,17.322,25.5308,0.8661,"[10, 10, 10]",0.1,0.1,0.1
alpha_sort,20,500,7.936,4.855904000000001,2.20361158101876,1.458,29.16,8.178,10.973,0.40890000000000004,"[10, 10, 10]",0.1,0.1,0.1
ris_optimized,20,500,17.39,2.3738999999999995,1.5407465722824112,4.446700000000001,88.93400000000001,17.924,26.550400000000003,0.8962,"[10, 10, 10]",0.1,0.1,0.1
monterCarlo_CELF,20,500,18.116,1.638544,1.2800562487640923,4.612,92.24000000000001,18.578,27.571000000000005,0.9289,"[10, 10, 10]",0.1,0.1,0.1
