method,seed_num,num_sims,E_activated_users,variance,std_deviation,avg_steps,total_steps,E_redemptions,comprehensive_score,usage_rate,random_dirichlet,degree_exponent_succ,degree_exponent_dis,degree_exponent_tran
random,80,500,56.552,11.155296000000002,3.33995449070792,3.93445,314.756,62.898,91.20060000000001,0.7862250000000001,"[10, 10, 10]",0.1,0.1,0.1
degreeTopM,80,500,57.022,11.865516,3.4446358298084285,4.171225000000001,333.69800000000004,66.822,95.2918,0.835275,"[10, 10, 10]",0.1,0.1,0.1
pageRank,80,500,57.454,11.007883999999999,3.317813135184078,4.0299000000000005,322.39200000000005,64.72,93.3262,0.8089999999999999,"[10, 10, 10]",0.1,0.1,0.1
alpha_sort,80,500,40.648,13.900096,3.728283251041959,2.9989250000000003,239.91400000000002,52.222,70.4264,0.652775,"[10, 10, 10]",0.1,0.1,0.1
ris_optimized,80,500,63.676,10.255023999999997,3.202346639575422,4.46935,357.548,71.982,103.58380000000001,0.899775,"[10, 10, 10]",0.1,0.1,0.1
monterCarlo_CELF,80,500,64.134,9.512043999999998,3.0841601774226963,4.54625,363.7,73.138,105.006,0.9142250000000001,"[10, 10, 10]",0.1,0.1,0.1
