method,seed_num,num_sims,E_activated_users,variance,std_deviation,avg_steps,total_steps,E_redemptions,comprehensive_score,usage_rate,random_dirichlet,degree_exponent_succ,degree_exponent_dis,degree_exponent_tran
random,50,500,35.22,6.5316,2.555699512853575,3.6604,183.02,36.936,54.38000000000001,0.73872,"[10, 10, 10]",0.1,0.1,0.1
degreeTopM,50,500,38.788,6.103056,2.4704363986955826,4.2926400000000005,214.63200000000003,42.834,62.27420000000001,0.8566800000000001,"[10, 10, 10]",0.1,0.1,0.1
pageRank,50,500,38.082,7.0512760000000005,2.6554238832999904,4.1298,206.49,41.362,60.371,0.8272400000000001,"[10, 10, 10]",0.1,0.1,0.1
alpha_sort,50,500,24.944,9.692864000000002,3.113336473945597,2.29588,114.794,26.952,37.4274,0.5390400000000001,"[10, 10, 10]",0.1,0.1,0.1
ris_optimized,50,500,42.132,5.210576,2.282668613706335,4.5266399999999996,226.33199999999997,45.32,66.3592,0.9064,"[10, 10, 10]",0.1,0.1,0.1
monterCarlo_CELF,50,500,42.482,5.637676000000002,2.374379076727219,4.58264,229.13199999999998,45.934,67.1212,0.9186799999999999,"[10, 10, 10]",0.1,0.1,0.1
