method,seed_num,num_sims,E_activated_users,variance,std_deviation,avg_steps,total_steps,E_redemptions,comprehensive_score,usage_rate,random_dirichlet,degree_exponent_succ,degree_exponent_dis,degree_exponent_tran
random,30,500,23.332,3.601776,1.897834555486858,3.975533333333333,119.26599999999999,24.418,35.8016,0.8139333333333333,"[10, 10, 10]",0.1,0.1,0.1
degreeTopM,30,500,24.59,4.0539000000000005,2.013429909383488,4.325733333333334,129.77200000000002,26.344,38.4442,0.8781333333333333,"[10, 10, 10]",0.1,0.1,0.1
pageRank,30,500,24.548,3.903696,1.9757773153875413,4.281533333333334,128.44600000000003,26.018,38.1276,0.8672666666666667,"[10, 10, 10]",0.1,0.1,0.1
alpha_sort,30,500,11.93,7.025100000000001,2.650490520639529,1.4770666666666665,44.312,12.302,16.5472,0.41006666666666663,"[10, 10, 10]",0.1,0.1,0.1
ris_optimized,30,500,26.072,3.3268160000000004,1.823956139823543,4.492799999999999,134.78399999999996,27.422,40.22539999999999,0.9140666666666667,"[10, 10, 10]",0.1,0.1,0.1
monterCarlo_CELF,30,500,26.806,2.4883640000000002,1.5774549121924215,4.590666666666667,137.72000000000003,27.884,41.117000000000004,0.9294666666666667,"[10, 10, 10]",0.1,0.1,0.1
