method,seed_num,num_sims,E_activated_users,variance,std_deviation,avg_steps,total_steps,E_redemptions,comprehensive_score,usage_rate,random_dirichlet,degree_exponent_succ,degree_exponent_dis,degree_exponent_tran
random,40,500,29.992,5.071936,2.25209591269999,3.9853500000000004,159.41400000000002,31.98,46.927400000000006,0.7995,"[10, 10, 10]",0.1,0.1,0.1
degreeTopM,40,500,31.932,5.547376,2.3552868190519813,4.389349999999999,175.57399999999998,34.898,50.97239999999999,0.8724500000000001,"[10, 10, 10]",0.1,0.1,0.1
pageRank,40,500,31.54,5.764400000000001,2.400916491675627,4.27785,171.114,34.122,49.942400000000006,0.85305,"[10, 10, 10]",0.1,0.1,0.1
alpha_sort,40,500,17.222,9.196716,3.032608777933613,1.70115,68.04599999999999,17.958,24.3946,0.44894999999999996,"[10, 10, 10]",0.1,0.1,0.1
ris_optimized,40,500,33.874,4.838124,2.1995735950406385,4.553649999999999,182.14599999999996,36.366,53.3346,0.90915,"[10, 10, 10]",0.1,0.1,0.1
monterCarlo_CELF,40,500,34.956,4.422064000000001,2.1028704192127483,4.6224,184.896,36.826,54.3806,0.92065,"[10, 10, 10]",0.1,0.1,0.1
