method,seed_num,num_sims,E_activated_users,variance,std_deviation,avg_steps,total_steps,E_redemptions,comprehensive_score,usage_rate,random_dirichlet,degree_exponent_succ,degree_exponent_dis,degree_exponent_tran
random,60,500,43.916,7.7169440000000025,2.7779388042215767,3.9392,236.352,47.396,69.2912,0.7899333333333334,"[10, 10, 10]",0.1,0.1,0.1
degreeTopM,60,500,44.572,8.040816,2.8356332626064322,4.2169,253.01399999999998,50.598,72.88640000000001,0.8432999999999999,"[10, 10, 10]",0.1,0.1,0.1
pageRank,60,500,44.822,8.194316,2.862571571157654,4.0898666666666665,245.392,49.452,71.6762,0.8241999999999999,"[10, 10, 10]",0.1,0.1,0.1
alpha_sort,60,500,31.126,10.734124,3.2762973003071623,2.5560666666666667,153.364,35.356,48.5774,0.5892666666666667,"[10, 10, 10]",0.1,0.1,0.1
ris_optimized,60,500,49.84,7.666399999999999,2.7688264662127167,4.516833333333334,271.01000000000005,54.57,79.30600000000001,0.9095,"[10, 10, 10]",0.1,0.1,0.1
monterCarlo_CELF,60,500,50.222,6.932716,2.633005127226303,4.5564333333333344,273.3860000000001,55.024,79.96160000000002,0.9170666666666667,"[10, 10, 10]",0.1,0.1,0.1
