method,seed_num,num_sims,E_activated_users,variance,std_deviation,avg_steps,total_steps,E_redemptions,comprehensive_score,usage_rate,random_dirichlet,degree_exponent_succ,degree_exponent_dis,degree_exponent_tran
random,150,500,47.720,25.373668,5.037228206,1.94736,292.104,48.515,77.3279,0.323433,"[10, 10, 10]",0.1,0.1,0.1
degreeTopM,150,500,35.766,21.831243999999998,4.672391678787214,1.7061066666666667,255.916,36.57,61.7596,0.2438,"[10, 10, 10]",0.1,0.1,0.1
pageRank,150,500,35.794,22.583564000000003,4.752216745898697,1.7080933333333332,256.214,36.586,61.8114,0.24390666666666666,"[10, 10, 10]",0.1,0.1,0.1
alpha_sort,150,500,52.094,27.213163999999995,5.216623812390538,1.5382399999999998,230.73599999999996,52.478,75.3596,0.34985333333333335,"[10, 10, 10]",0.1,0.1,0.1
ris_optimized,150,500,58.736,33.182304,5.760408318860739,2.3591066666666665,353.866,59.936,94.7226,0.39957333333333334,"[10, 10, 10]",0.1,0.1,0.1
ris_naive,150,500,59.242,34.231436,5.850763710832972,2.3815333333333335,357.23,60.422,95.555,0.4028133333333333,"[10, 10, 10]",0.1,0.1,0.1
monterCarlo_CELF,150,500,57.631,34.574408,5.879999,2.339995,350.99925,58.663,93.246925,0.391087,"[10, 10, 10]",0.1,0.1,0.1