method,seed_num,num_sims,E_activated_users,variance,std_deviation,avg_steps,total_steps,E_redemptions,comprehensive_score,usage_rate,random_dirichlet,degree_exponent_succ,degree_exponent_dis,degree_exponent_tran
random,100,500,33.025,20.020255,4.474400,1.937034,193.7034,33.403,52.58434,0.33403,"[10, 10, 10]",0.1,0.1,0.1
degreeTopM,100,500,13.664,11.503103999999999,3.3916226205166162,1.22468,122.468,13.716,25.936799999999998,0.13716,"[10, 10, 10]",0.1,0.1,0.1
pageRank,100,500,13.612,11.237456,3.3522314955861865,1.2230600000000003,122.30600000000003,13.696,25.884600000000002,0.13696,"[10, 10, 10]",0.1,0.1,0.1
alpha_sort,100,500,30.344,23.565664,4.854447857377809,1.0,100.0,30.344,40.344,0.30344,"[10, 10, 10]",0.1,0.1,0.1
ris_optimized,100,500,40.546,26.635883999999997,5.160996415422122,2.38166,238.166,41.148,64.6636,0.41148,"[10, 10, 10]",0.1,0.1,0.1
ris_naive,100,500,40.196,24.137584,4.913001526561945,2.3759200000000003,237.592,40.846,64.28020000000001,0.40846,"[10, 10, 10]",0.1,0.1,0.1
monterCarlo_CELF,100,500,40.172,26.146937,5.113408,2.376622,237.6622,40.648,64.17622,0.40648,"[10, 10, 10]",0.1,0.1,0.1