method,seed_num,num_sims,E_activated_users,variance,std_deviation,avg_steps,total_steps,E_redemptions,comprehensive_score,usage_rate,random_dirichlet,degree_exponent_succ,degree_exponent_dis,degree_exponent_tran
random,50,500,16.801,10.913198,3.303513000,1.995408,99.7704,16.902,26.82854,0.33804,"[10, 10, 10]",0.1,0.1,0.1
degreeTopM,50,500,6.848,6.484896,2.546545896,1.22496,61.248,6.87,12.9838,0.1374,"[10, 10, 10]",0.1,0.1,0.1
pageRank,50,500,6.846,6.326284,2.515210528,1.22532,61.266,6.862,12.9806,0.13724,"[10, 10, 10]",0.1,0.1,0.1
alpha_sort,50,500,14.798,10.757196,3.279816458,1.0,50.0,14.798,19.798,0.29596,"[10, 10, 10]",0.1,0.1,0.1
ris_optimized,50,500,19.94,11.7804,3.432258732,2.37904,118.952,20.102,31.9162,0.40204,"[10, 10, 10]",0.1,0.1,0.1
ris_naive,50,500,20.526,10.685324,3.268841385,2.42616,121.308,20.682,32.7348,0.41364,"[10, 10, 10]",0.1,0.1,0.1
monterCarlo_CELF,50,500,20.097,11.690352,3.419115628,2.409623,120.48115,20.272,32.23301,0.40544,"[10, 10, 10]",0.1,0.1,0.1