method,seed_num,num_sims,E_activated_users,variance,std_deviation,avg_steps,total_steps,E_redemptions,comprehensive_score,usage_rate,random_dirichlet,degree_exponent_succ,degree_exponent_dis,degree_exponent_tran
random,300,500,94.7052,60.426014,7.773417165,1.903602,571.0806,97.668,153.29466,0.32556,"[10, 10, 10]",0.1,0.1,0.1
degreeTopM,300,500,94.05,55.8155,7.47097717838838,2.041186666666667,612.356,98.674,157.5976,0.32891333333333334,"[10, 10, 10]",0.1,0.1,0.1
pageRank,300,500,94.334,51.170444,7.1533519415725655,2.04586,613.758,99.066,158.0758,0.33022,"[10, 10, 10]",0.1,0.1,0.1
alpha_sort,300,500,113.23,63.4651,7.966498603527149,1.98788,596.364,116.726,174.6144,0.38908666666666664,"[10, 10, 10]",0.1,0.1,0.1
ris_optimized,300,500,115.98,65.3756,8.08551791785783,2.3496666666666663,704.9,120.72,188.84,0.4024,"[10, 10, 10]",0.1,0.1,0.1
ris_naive,300,500,115.082,62.327276,7.894762567677383,2.321873333333333,696.562,119.622,187.0082,0.39874,"[10, 10, 10]",0.1,0.1,0.1
monterCarlo_CELF,300,500,112.79118,61.072783,7.814907736,2.2747756,682.43268,116.59188,182.934798,0.3886396,"[10, 10, 10]",0.1,0.1,0.1