method,seed_num,num_sims,E_activated_users,variance,std_deviation,avg_steps,total_steps,E_redemptions,comprehensive_score,usage_rate,random_dirichlet,degree_exponent_succ,degree_exponent_dis,degree_exponent_tran
random,200,500,64.3176,35.539834,5.961529468,1.93338,386.676,65.8098,103.7313,0.329049,"[10, 10, 10]",0.1,0.1,0.1
degreeTopM,200,500,56.64,33.2344,5.764928447084144,1.89239,378.478,58.564,95.4498,0.29282,"[10, 10, 10]",0.1,0.1,0.1
pageRank,200,500,56.378,32.175116,5.672311345474612,1.88867,377.734,58.322,95.1234,0.29161,"[10, 10, 10]",0.1,0.1,0.1
alpha_sort,200,500,73.85,40.2435,6.343776477777255,1.78338,356.676,75.06,110.1226,0.3753,"[10, 10, 10]",0.1,0.1,0.1
ris_optimized,200,500,78.324,43.671024,6.608405556562036,2.36078,472.156,80.534,126.6446,0.40267,"[10, 10, 10]",0.1,0.1,0.1
ris_naive,200,500,78.758,44.087436,6.639837046193227,2.37335,474.67,80.918,127.305,0.40459,"[10, 10, 10]",0.1,0.1,0.1
monterCarlo_CELF,200,500,78.55604,46.164781,6.794466961,2.3863143,477.26286,80.68196,127.345286,0.4034098,"[10, 10, 10]",0.1,0.1,0.1