method,seed_num,num_sims,E_activated_users,variance,std_deviation,avg_steps,total_steps,E_redemptions,comprehensive_score,usage_rate,random_dirichlet,degree_exponent_succ,degree_exponent_dis,degree_exponent_tran
random,100,500,55.061,17.60812,4.196203,1.8649,186.49026,55.685,74.02196,0.55685,"[10, 10, 10]",-0.5,0.8,0.0
degreeTopM,100,500,26.462,11.998041,3.463819,1.37798,137.7982,26.744,40.38256,0.26744,"[10, 10, 10]",-0.5,0.8,0.0
pageRank,100,500,29.522,14.043067,3.747408,1.42422,142.42219,29.857,43.93149,0.29857,"[10, 10, 10]",-0.5,0.8,0.0
alpha_sort,100,500,65.675,16.650587,4.080513,1.52412,152.41222,66.068,81.11247,0.66068,"[10, 10, 10]",-0.5,0.8,0.0
ris_optimized,100,500,73.218,17.742476,4.212182,2.036,203.6,74.018,93.978,0.74018,"[10, 10, 10]",-0.5,0.8,0.0
1hop_sort,100,500,72.253,14.558406,3.815548,1.69629,169.62875,73.206,89.6925,0.73206,"[10, 10, 10]",-0.5,0.8,0.0
monterCarlo_CELF,100,500,74.484,16.891981,4.109986,2.07233,207.233,77.131,96.5308,0.77131,"[10, 10, 10]",-0.5,0.8,0.0
