method,seed_num,num_sims,E_activated_users,variance,std_deviation,avg_steps,total_steps,E_redemptions,comprehensive_score,usage_rate,random_dirichlet,degree_exponent_succ,degree_exponent_dis,degree_exponent_tran
random,30,500,17.685,5.551126,2.356083,1.93273,57.98204,17.864,23.57248,0.59545,"[10, 10, 10]",-0.5,0.8,0.0
degreeTopM,30,500,4.128,3.167096,1.779634,1.11045,33.31339,4.13,7.46063,0.13768,"[10, 10, 10]",-0.5,0.8,0.0
pageRank,30,500,4.084,3.541525,1.881894,1.10782,33.23453,4.088,7.40909,0.13625,"[10, 10, 10]",-0.5,0.8,0.0
alpha_sort,30,500,20.438,5.684214,2.384159,1.50889,45.2668,20.542,25.01647,0.68472,"[10, 10, 10]",-0.5,0.8,0.0
ris_optimized,30,500,22.018,5.801676,2.408667,2.003,60.09,22.15,28.093,0.73833,"[10, 10, 10]",-0.5,0.8,0.0
1hop_sort,30,500,22.031,4.818298,2.195062,1.60373,48.1119,22.171,26.91216,0.73904,"[10, 10, 10]",-0.5,0.8,0.0
monterCarlo_CELF,30,500,22.267,5.915142,2.432106,2.03833,61.1499,22.984,28.74049,0.76613,"[10, 10, 10]",-0.5,0.8,0.0
