method,seed_num,num_sims,E_activated_users,variance,std_deviation,avg_steps,total_steps,E_redemptions,comprehensive_score,usage_rate,random_dirichlet,degree_exponent_succ,degree_exponent_dis,degree_exponent_tran
random,80,500,44.429,14.688424,3.832548,1.81831,145.46508,44.787,59.15438,0.55984,"[10, 10, 10]",-0.5,0.8,0.0
degreeTopM,80,500,14.798,9.555865,3.091256,1.20264,96.21081,14.88,24.46014,0.186,"[10, 10, 10]",-0.5,0.8,0.0
pageRank,80,500,18.581,9.582848,3.095618,1.30407,104.32544,18.622,29.03423,0.23278,"[10, 10, 10]",-0.5,0.8,0.0
alpha_sort,80,500,53.613,15.028377,3.876645,1.53329,122.6631,53.793,65.96939,0.67242,"[10, 10, 10]",-0.5,0.8,0.0
ris_optimized,80,500,59.05,15.2035,3.899167,1.96042,156.8336,59.406,74.91136,0.74258,"[10, 10, 10]",-0.5,0.8,0.0
1hop_sort,80,500,58.014,11.509724,3.392598,1.69385,135.50822,59.102,72.10875,0.73878,"[10, 10, 10]",-0.5,0.8,0.0
monterCarlo_CELF,80,500,59.401,15.510595,3.938349,1.94223,155.3784,60.232,75.35434,0.7529,"[10, 10, 10]",-0.5,0.8,0.0
