method,seed_num,num_sims,E_activated_users,variance,std_deviation,avg_steps,total_steps,E_redemptions,comprehensive_score,usage_rate,random_dirichlet,degree_exponent_succ,degree_exponent_dis,degree_exponent_tran
random,20,500,10.802,4.087928,2.021863,1.89262,37.85231,10.815,14.59346,0.54073,"[10, 10, 10]",-0.5,0.8,0.0
degreeTopM,20,500,2.817,2.310582,1.52006,1.11921,22.38411,2.823,5.0582,0.14114,"[10, 10, 10]",-0.5,0.8,0.0
pageRank,20,500,2.815,2.259211,1.503067,1.11572,22.31446,2.815,5.04639,0.14075,"[10, 10, 10]",-0.5,0.8,0.0
alpha_sort,20,500,13.865,3.458222,1.85963,1.51343,30.26866,13.865,16.89205,0.69326,"[10, 10, 10]",-0.5,0.8,0.0
ris_optimized,20,500,15.228,3.548016,1.883618,1.9658,39.316,15.298,19.1946,0.7649,"[10, 10, 10]",-0.5,0.8,0.0
1hop_sort,20,500,14.759,2.977598,1.725572,1.6255,32.50994,14.784,18.02215,0.73919,"[10, 10, 10]",-0.5,0.8,0.0
monterCarlo_CELF,20,500,15.485,3.424926,1.850656,1.97183,39.4366,15.851,19.61166,0.79255,"[10, 10, 10]",-0.5,0.8,0.0
