method,seed_num,num_sims,E_activated_users,variance,std_deviation,avg_steps,total_steps,E_redemptions,comprehensive_score,usage_rate,random_dirichlet,degree_exponent_succ,degree_exponent_dis,degree_exponent_tran
random,60,500,31.631,11.161839,3.340934,1.8595,111.56998,32.023,42.98367,0.53371,"[10, 10, 10]",-0.5,0.8,0.0
degreeTopM,60,500,8.202,6.634805,2.575812,1.10945,66.56683,8.222,14.8687,0.13703,"[10, 10, 10]",-0.5,0.8,0.0
pageRank,60,500,9.972,6.930423,2.63257,1.1638,69.82778,9.983,16.9602,0.16639,"[10, 10, 10]",-0.5,0.8,0.0
alpha_sort,60,500,39.902,10.380533,3.221883,1.51291,90.77454,39.952,49.00459,0.66587,"[10, 10, 10]",-0.5,0.8,0.0
ris_optimized,60,500,44.894,11.990764,3.462768,2.0465,122.79,45.238,57.345,0.75397,"[10, 10, 10]",-0.5,0.8,0.0
1hop_sort,60,500,43.99,9.746617,3.121957,1.70118,102.07058,44.326,54.36534,0.73877,"[10, 10, 10]",-0.5,0.8,0.0
monterCarlo_CELF,60,500,45.551,11.968532,3.459557,2.07832,124.6992,45.806,58.14842,0.76343,"[10, 10, 10]",-0.5,0.8,0.0
