method,seed_num,num_sims,E_activated_users,variance,std_deviation,avg_steps,total_steps,E_redemptions,comprehensive_score,usage_rate,random_dirichlet,degree_exponent_succ,degree_exponent_dis,degree_exponent_tran
random,40,500,21.296,7.47191,2.733479,1.92155,76.86202,21.447,29.05773,0.53617,"[10, 10, 10]",-0.5,0.8,0.0
degreeTopM,40,500,5.647,4.300749,2.073825,1.1057,44.22812,5.655,10.07403,0.14138,"[10, 10, 10]",-0.5,0.8,0.0
pageRank,40,500,5.619,4.762181,2.182242,1.11186,44.4745,5.625,10.06957,0.14063,"[10, 10, 10]",-0.5,0.8,0.0
alpha_sort,40,500,26.063,7.905665,2.811701,1.45397,58.15887,26.071,31.8827,0.65177,"[10, 10, 10]",-0.5,0.8,0.0
ris_optimized,40,500,30.106,7.786764,2.790477,1.96225,78.49,30.176,37.99,0.7544,"[10, 10, 10]",-0.5,0.8,0.0
1hop_sort,40,500,29.149,5.828414,2.414211,1.63768,65.5072,29.437,35.84375,0.73591,"[10, 10, 10]",-0.5,0.8,0.0
monterCarlo_CELF,40,500,29.946,7.915899,2.813521,1.99077,79.6308,30.233,38.05258,0.75582,"[10, 10, 10]",-0.5,0.8,0.0
