method,seed_num,num_sims,E_activated_users,variance,std_deviation,avg_steps,total_steps,E_redemptions,comprehensive_score,usage_rate,random_dirichlet,degree_exponent_succ,degree_exponent_dis,degree_exponent_tran
random,90,500,50.876,18.076631,4.251662,1.89723,170.75094,51.785,68.40604,0.57539,"[10, 10, 10]",-0.5,0.8,0.0
degreeTopM,90,500,20.284,10.399213,3.224781,1.30045,117.04049,20.53,32.11091,0.22811,"[10, 10, 10]",-0.5,0.8,0.0
pageRank,90,500,24.053,11.839821,3.440904,1.37087,123.37847,24.251,36.48988,0.26946,"[10, 10, 10]",-0.5,0.8,0.0
alpha_sort,90,500,59.603,16.872161,4.107574,1.54772,139.29501,59.883,73.67229,0.66537,"[10, 10, 10]",-0.5,0.8,0.0
ris_optimized,90,500,65.972,18.327216,4.28103,2.02118,181.9062,66.602,84.47762,0.74002,"[10, 10, 10]",-0.5,0.8,0.0
1hop_sort,90,500,64.832,15.204713,3.899322,1.69807,152.82651,65.921,80.6592,0.73246,"[10, 10, 10]",-0.5,0.8,0.0
monterCarlo_CELF,90,500,65.957,18.761627,4.331469,2.03848,183.4632,66.614,84.63182,0.74016,"[10, 10, 10]",-0.5,0.8,0.0
