method,seed_num,num_sims,E_activated_users,variance,std_deviation,avg_steps,total_steps,E_redemptions,comprehensive_score,usage_rate,random_dirichlet,degree_exponent_succ,degree_exponent_dis,degree_exponent_tran
random,50,500,27.358,8.376839,2.894277,1.92632,96.31615,27.523,37.07194,0.55046,"[10, 10, 10]",-0.5,0.8,0.0
degreeTopM,50,500,6.904,5.633787,2.37356,1.11011,55.50534,6.915,12.46033,0.1383,"[10, 10, 10]",-0.5,0.8,0.0
pageRank,50,500,7.397,5.45248,2.335055,1.12784,56.39192,7.418,13.0466,0.14835,"[10, 10, 10]",-0.5,0.8,0.0
alpha_sort,50,500,34.089,8.853902,2.975551,1.53667,76.8337,34.205,41.83028,0.6841,"[10, 10, 10]",-0.5,0.8,0.0
ris_optimized,50,500,36.962,8.684556,2.946957,2.02044,101.022,37.096,47.1312,0.74192,"[10, 10, 10]",-0.5,0.8,0.0
1hop_sort,50,500,36.423,7.501883,2.738957,1.65598,82.7992,36.936,44.95902,0.73871,"[10, 10, 10]",-0.5,0.8,0.0
monterCarlo_CELF,50,500,36.711,8.609161,2.934137,2.01662,100.831,37.666,47.2716,0.75332,"[10, 10, 10]",-0.5,0.8,0.0
