method,seed_num,num_sims,E_activated_users,variance,std_deviation,avg_steps,total_steps,E_redemptions,comprehensive_score,usage_rate,random_dirichlet,degree_exponent_succ,degree_exponent_dis,degree_exponent_tran
random,70,500,37.612,11.57372,3.402017,1.89059,132.34117,37.939,51.00931,0.54198,"[10, 10, 10]",-0.5,0.8,0.0
degreeTopM,70,500,9.522,7.657429,2.767206,1.11048,77.73328,9.535,17.30164,0.13622,"[10, 10, 10]",-0.5,0.8,0.0
pageRank,70,500,12.851,8.53514,2.921496,1.20408,84.28563,12.872,21.28979,0.18388,"[10, 10, 10]",-0.5,0.8,0.0
alpha_sort,70,500,46.84,12.123621,3.481899,1.52536,106.77547,47.167,57.68132,0.67382,"[10, 10, 10]",-0.5,0.8,0.0
ris_optimized,70,500,52.464,11.808704,3.436379,1.99377,139.5639,52.664,66.52039,0.75234,"[10, 10, 10]",-0.5,0.8,0.0
1hop_sort,70,500,51.199,10.342525,3.21598,1.68634,118.04347,51.964,63.38555,0.74234,"[10, 10, 10]",-0.5,0.8,0.0
monterCarlo_CELF,70,500,52.771,11.724187,3.42406,1.99384,139.5688,53.232,66.95838,0.76046,"[10, 10, 10]",-0.5,0.8,0.0
