method,seed_num,num_sims,E_activated_users,variance,std_deviation,avg_steps,total_steps,E_redemptions,comprehensive_score,usage_rate,random_dirichlet,degree_exponent_succ,degree_exponent_dis,degree_exponent_tran
random,10,500,6.192,1.3111360000000003,1.1450484705897825,3.2922,32.922,6.194,9.485199999999999,0.6194,"[10, 10, 10]",0.1,0.1,0.1
degreeTopM,10,500,8.926,0.912524,0.9552612208186827,4.514399999999999,45.14399999999999,9.01,13.482399999999998,0.901,"[10, 10, 10]",0.1,0.1,0.1
pageRank,10,500,8.622,1.2191159999999999,1.1041358612054948,4.3312,43.312,8.664,12.9742,0.8664,"[10, 10, 10]",0.1,0.1,0.1
alpha_sort,10,500,4.012,2.2158559999999996,1.4885751576591622,1.4824000000000002,14.824000000000002,4.1,5.538399999999999,0.41,"[10, 10, 10]",0.1,0.1,0.1
ris_optimized,10,500,8.918,0.9352760000000001,0.9670966859626808,4.443999999999999,44.43999999999999,8.93,13.367999999999999,0.893,"[10, 10, 10]",0.1,0.1,0.1
monterCarlo_CELF,10,500,9.144,0.585664,0.7652868743157692,4.568,45.67999999999999,9.17,13.924999999999999,0.9369999999999999,"[10, 10, 10]",0.1,0.1,0.1
