method,seed_num,num_sims,E_activated_users,variance,std_deviation,avg_steps,total_steps,E_redemptions,comprehensive_score,usage_rate,random_dirichlet,degree_exponent_succ,degree_exponent_dis,degree_exponent_tran
random,60,500,45.89,6.869900000000001,2.6210494081569697,3.8665,231.98999999999998,46.23,69.259,0.7705,"[10, 10, 10]",0.1,0.1,0.1
degreeTopM,60,500,50.706,6.927563999999999,2.63202659561031,4.399933333333333,263.996,53.0,78.2526,0.8833333333333333,"[10, 10, 10]",0.1,0.1,0.1
pageRank,60,500,49.896,7.713184,2.7772619609968374,4.287033333333333,257.222,51.65,76.4952,0.8608333333333333,"[10, 10, 10]",0.1,0.1,0.1
alpha_sort,60,500,25.32,14.837599999999998,3.851960539777114,1.5879333333333334,95.27600000000001,25.646,35.010600000000004,0.42743333333333333,"[10, 10, 10]",0.1,0.1,0.1
ris_optimized,60,500,53.1,5.89,2.4269322199023193,4.503433333333334,270.206,54.128,80.6346,0.9021333333333333,"[10, 10, 10]",0.1,0.1,0.1
monterCarlo_CELF,60,500,54.144,0.585664,0.7652868743157692,4.568,45.67999999999999,54.17,80.924999999999999,0.9369999999999999,"[10, 10, 10]",0.1,0.1,0.1
