method,seed_num,num_sims,E_activated_users,variance,std_deviation,avg_steps,total_steps,E_redemptions,comprehensive_score,usage_rate,random_dirichlet,degree_exponent_succ,degree_exponent_dis,degree_exponent_tran
random,20,500,16.116,2.114544,1.454147172744217,4.054,81.08000000000001,16.18,24.256,0.8089999999999999,"[10, 10, 10]",0.1,0.1,0.1
degreeTopM,20,500,17.436,1.8979039999999996,1.377644366300679,4.410200000000001,88.20400000000001,17.742,26.409399999999998,0.8871,"[10, 10, 10]",0.1,0.1,0.1
pageRank,20,500,17.11,2.3219000000000003,1.5237781990827932,4.2926,85.852,17.304,25.7922,0.8652,"[10, 10, 10]",0.1,0.1,0.1
alpha_sort,20,500,8.104,4.7171840000000005,2.1719079170167412,1.5064000000000002,30.128000000000004,8.24,11.184800000000001,0.41200000000000003,"[10, 10, 10]",0.1,0.1,0.1
ris_optimized,20,500,17.85,1.6635,1.2897674208941703,4.4717,89.434,17.942,26.8394,0.8971,"[10, 10, 10]",0.1,0.1,0.1
monterCarlo_CELF,20,500,17.144,0.585664,0.7652868743157692,4.568,45.67999999999999,17.17,26.924999999999999,0.9369999999999999,"[10, 10, 10]",0.1,0.1,0.1
