method,seed_num,num_sims,E_activated_users,variance,std_deviation,avg_steps,total_steps,E_redemptions,comprehensive_score,usage_rate,random_dirichlet,degree_exponent_succ,degree_exponent_dis,degree_exponent_tran
random,40,500,27.636,5.0675040000000005,2.2511117253481667,3.4559499999999996,138.238,27.732,41.507799999999996,0.6933,"[10, 10, 10]",0.1,0.1,0.1
degreeTopM,40,500,34.486,4.585804,2.1414490421207786,4.4851,179.404,35.64,53.0034,0.891,"[10, 10, 10]",0.1,0.1,0.1
pageRank,40,500,33.69,4.4859,2.1179943342700422,4.3283000000000005,173.132,34.512,51.4142,0.8628,"[10, 10, 10]",0.1,0.1,0.1
alpha_sort,40,500,16.852,9.374096000000002,3.061714552338281,1.5634000000000001,62.536,17.052,23.205599999999997,0.4263,"[10, 10, 10]",0.1,0.1,0.1
ris_optimized,40,500,35.57,3.9250999999999996,1.9811865131784032,4.5424,181.696,36.092,54.000600000000006,0.9023,"[10, 10, 10]",0.1,0.1,0.1
monterCarlo_CELF,40,500,36.144,0.585664,0.7652868743157692,4.568,45.67999999999999,36.17,55.924999999999999,0.9369999999999999,"[10, 10, 10]",0.1,0.1,0.1
