method,seed_num,num_sims,E_activated_users,variance,std_deviation,avg_steps,total_steps,E_redemptions,comprehensive_score,usage_rate,random_dirichlet,degree_exponent_succ,degree_exponent_dis,degree_exponent_tran
random,80,500,58.576,11.048224,3.323886881348401,3.6716499999999996,293.73199999999997,59.21,88.2662,0.740125,"[10, 10, 10]",0.1,0.1,0.1
degreeTopM,80,500,66.79,9.609900000000001,3.099983870925783,4.397925,351.834,70.374,103.7654,0.879675,"[10, 10, 10]",0.1,0.1,0.1
pageRank,80,500,66.07,10.381099999999998,3.2219714461801177,4.30375,344.3,68.97,101.94999999999999,0.862125,"[10, 10, 10]",0.1,0.1,0.1
alpha_sort,80,500,33.99,19.757900000000003,4.444985939235354,1.59955,127.964,34.34,46.961400000000005,0.42925,"[10, 10, 10]",0.1,0.1,0.1
ris_optimized,80,500,70.06,8.288400000000001,2.878958144885056,4.49805,359.844,71.676,106.85239999999999,0.89595,"[10, 10, 10]",0.1,0.1,0.1
monterCarlo_CELF,80,500,71.144,0.585664,0.7652868743157692,4.568,45.67999999999999,71.17,109.924999999999999,0.9369999999999999,"[10, 10, 10]",0.1,0.1,0.1
