method,seed_num,num_sims,E_activated_users,variance,std_deviation,avg_steps,total_steps,E_redemptions,comprehensive_score,usage_rate,random_dirichlet,degree_exponent_succ,degree_exponent_dis,degree_exponent_tran
random,100,500,69.28,15.017599999999996,3.875254830330516,3.5145199999999996,351.45199999999994,70.302,104.93619999999999,0.7030200000000001,"[10, 10, 10]",0.1,0.1,0.1
degreeTopM,100,500,83.188,13.264655999999999,3.6420675446784343,4.41184,441.18399999999997,88.334,129.8794,0.88334,"[10, 10, 10]",0.1,0.1,0.1
pageRank,100,500,81.874,13.782124,3.712428315806246,4.29522,429.52199999999993,86.076,126.9272,0.86076,"[10, 10, 10]",0.1,0.1,0.1
alpha_sort,100,500,42.224,24.473824,4.9471025863630524,1.6003600000000002,160.03600000000003,42.762,58.4966,0.42762,"[10, 10, 10]",0.1,0.1,0.1
ris_optimized,100,500,86.96,10.650399999999998,3.2634950589820106,4.4516,445.16,89.126,132.55900000000003,0.89126,"[10, 10, 10]",0.1,0.1,0.1
monterCarlo_CELF,100,500,87.144,0.585664,0.7652868743157692,4.568,45.67999999999999,90.17,133.924999999999999,0.9369999999999999,"[10, 10, 10]",0.1,0.1,0.1
