method,seed_num,num_sims,E_activated_users,variance,std_deviation,avg_steps,total_steps,E_redemptions,comprehensive_score,usage_rate,random_dirichlet,degree_exponent_succ,degree_exponent_dis,degree_exponent_tran
random,70,500,49.376,9.102624,3.017055518216395,3.5483714285714285,248.386,49.824,74.4386,0.7117714285714285,"[10, 10, 10]",0.1,0.1,0.1
degreeTopM,70,500,58.818,8.240876,2.870692599356469,4.401714285714286,308.12,61.674,91.05799999999999,0.8810571428571429,"[10, 10, 10]",0.1,0.1,0.1
pageRank,70,500,58.21,7.853899999999999,2.802481043646861,4.309028571428572,301.632,60.458,89.4972,0.8636857142857143,"[10, 10, 10]",0.1,0.1,0.1
alpha_sort,70,500,29.652,17.334896,4.163519664898918,1.5980571428571426,111.86399999999999,30.018,41.0214,0.42882857142857145,"[10, 10, 10]",0.1,0.1,0.1
ris_optimized,70,500,61.138,7.666955999999998,2.7689268679399963,4.443771428571428,311.06399999999996,62.198,92.7744,0.8885428571428572,"[10, 10, 10]",0.1,0.1,0.1
monterCarlo_CELF,70,500,63.144,0.585664,0.7652868743157692,4.568,45.67999999999999,63.17,90.924999999999999,0.9369999999999999,"[10, 10, 10]",0.1,0.1,0.1
