method,seed_num,num_sims,E_activated_users,variance,std_deviation,avg_steps,total_steps,E_redemptions,comprehensive_score,usage_rate,random_dirichlet,degree_exponent_succ,degree_exponent_dis,degree_exponent_tran
random,90,500,67.178,10.774316,3.282425322836759,3.8022222222222224,342.2,68.034,101.826,0.7559333333333333,"[10, 10, 10]",0.1,0.1,0.1
degreeTopM,90,500,74.666,12.082444000000002,3.4759810126063697,4.3972444444444445,395.752,79.082,116.44919999999999,0.8786888888888889,"[10, 10, 10]",0.1,0.1,0.1
pageRank,90,500,74.332,10.981776,3.313876280128756,4.306933333333333,387.624,77.654,114.75540000000001,0.8628222222222222,"[10, 10, 10]",0.1,0.1,0.1
alpha_sort,90,500,37.848,21.720896,4.660568205701962,1.586177777777778,142.756,38.31,52.354600000000005,0.4256666666666667,"[10, 10, 10]",0.1,0.1,0.1
ris_optimized,90,500,77.634,10.168044000000002,3.188737054070154,4.399822222222222,395.984,79.082,117.9564,0.8786888888888889,"[10, 10, 10]",0.1,0.1,0.1
monterCarlo_CELF,90,500,78.144,0.585664,0.7652868743157692,4.568,45.67999999999999,79.17,117.924999999999999,0.9369999999999999,"[10, 10, 10]",0.1,0.1,0.1
