method,seed_num,num_sims,E_activated_users,variance,std_deviation,avg_steps,total_steps,E_redemptions,comprehensive_score,usage_rate,random_dirichlet,degree_exponent_succ,degree_exponent_dis,degree_exponent_tran
random,30,500,18.536,4.168704,2.0417404340415066,3.1408666666666667,94.226,18.632,28.006600000000006,0.6210666666666668,"[10, 10, 10]",0.1,0.1,0.1
degreeTopM,30,500,26.102,3.2435960000000006,1.800998611881753,4.469866666666666,134.096,26.834,39.8776,0.8944666666666666,"[10, 10, 10]",0.1,0.1,0.1
pageRank,30,500,25.56,3.4904000000000006,1.8682612237050793,4.328733333333334,129.86200000000002,26.074,38.803200000000004,0.8691333333333334,"[10, 10, 10]",0.1,0.1,0.1
alpha_sort,30,500,12.49,6.7779,2.6034400319577173,1.5415999999999999,46.248,12.652,17.1958,0.4217333333333333,"[10, 10, 10]",0.1,0.1,0.1
ris_optimized,30,500,26.758,2.6914359999999995,1.640559660603661,4.495333333333333,134.85999999999999,27.022,40.376,0.9007333333333333,"[10, 10, 10]",0.1,0.1,0.1
monterCarlo_CELF,30,500,27.144,0.585664,0.7652868743157692,4.568,45.67999999999999,27.17,41.924999999999999,0.9369999999999999,"[10, 10, 10]",0.1,0.1,0.1
