method,seed_num,num_sims,E_activated_users,variance,std_deviation,avg_steps,total_steps,E_redemptions,comprehensive_score,usage_rate,random_dirichlet,degree_exponent_succ,degree_exponent_dis,degree_exponent_tran
random,100,600,34.54333333333334,23.104788888888887,4.806744104785368,5.345566666666667,534.5566666666666,34.626666666666665,88.04066666666667,0.34626666666666667,"[10, 10, 10]",-0.5,0.8,0.0
degreeTopM,100,600,23.485,16.469775,4.058297056648269,4.738833333333334,473.8833333333334,23.64,70.95083333333335,0.2364,"[10, 10, 10]",-0.5,0.8,0.0
pageRank,100,600,25.558333333333334,20.07326388888889,4.480319619054972,4.947399999999999,494.7399999999999,25.723333333333333,75.11483333333332,0.2572333333333333,"[10, 10, 10]",-0.5,0.8,0.0
alpha_sort,100,600,57.35166666666667,23.69799722222222,4.868058876207458,4.007316666666666,400.7316666666666,57.49,97.494,0.5749,"[10, 10, 10]",-0.5,0.8,0.0
ris_path_aware,100,600,51.64833333333333,24.62799722222222,4.962660296879307,6.364233333333333,636.4233333333333,52.07666666666667,115.50483333333332,0.5207666666666667,"[10, 10, 10]",-0.5,0.8,0.0
1hop_sort,100,600,59.15833333333333,22.799930555555555,4.77492728275055,3.9976666666666674,399.76666666666677,60.32,99.71583333333334,0.6032,"[10, 10, 10]",-0.5,0.8,0.0
