method,seed_num,num_sims,E_activated_users,variance,std_deviation,avg_steps,total_steps,E_redemptions,comprehensive_score,usage_rate,random_dirichlet,degree_exponent_succ,degree_exponent_dis,degree_exponent_tran
random,160,500,39.448,24.827296,4.982699669857697,1.9467875,311.486,41.428,71.5866,0.2589249999999999,"[10, 10, 10]",-0.5,0.8,0.0
degreeTopM,160,500,33.33,20.3051,4.506118063255777,1.76985,283.176,35.436,62.7006,0.221475,"[10, 10, 10]",-0.5,0.8,0.0
pageRank,160,500,34.922,21.631916,4.651012362916271,1.8187125,290.994,37.02,65.0704,0.231375,"[10, 10, 10]",-0.5,0.8,0.0
alpha_sort,160,500,54.594,28.073164,5.298411460051022,1.913125,306.1,57.728,86.771,0.3608,"[10, 10, 10]",-0.5,0.8,0.0
ris_optimized,160,500,58.09307980851661,34.140394013021606,5.535304869652619,2.0821057724853897,315.38800000000003,62.17088929254547,88.51280000000001,0.3658,"[10, 10, 10]",-0.5,0.8,0.0
1hop_sort,160,500,54.692,30.597136,5.5314677979718905,1.93315,309.30400000000003,58.988,87.77040000000001,0.368675,"[10, 10, 10]",-0.5,0.8,0.0
