method,seed_num,num_sims,E_activated_users,variance,std_deviation,avg_steps,total_steps,E_redemptions,comprehensive_score,usage_rate,random_dirichlet,degree_exponent_succ,degree_exponent_dis,degree_exponent_tran
random,232,500,54.244,31.556463999999995,5.617514040925932,1.9404396551724137,450.182,57.946,101.1132,0.2497672413793103,"[10, 10, 10]",-0.5,0.8,0.0
degreeTopM,232,500,48.048,29.605695999999995,5.441111651124244,1.83076724137931,424.738,51.53,92.2628,0.2221120689655172,"[10, 10, 10]",-0.5,0.8,0.0
pageRank,232,500,49.176,30.141024,5.490084152360508,1.850284482758621,429.266,52.874,93.9516,0.2279051724137931,"[10, 10, 10]",-0.5,0.8,0.0
alpha_sort,232,500,64.81,36.7899,6.065467830266681,1.936879310344828,449.356,69.53,112.1056,0.299698275862069,"[10, 10, 10]",-0.5,0.8,0.0
ris_optimized,232,500,69.11059914708011,44.40977364090145,6.298375663613595,2.0970041861836566,461.574,74.60039433539835,113.9324,0.3023362068965517,"[10, 10, 10]",-0.5,0.8,0.0
1hop_sort,232,500,64.428,37.28481599999999,6.106129379566076,1.9308879310344829,447.966,70.21,112.1156,0.3026293103448275,"[10, 10, 10]",-0.5,0.8,0.0
