method,seed_num,num_sims,E_activated_users,variance,std_deviation,avg_steps,total_steps,E_redemptions,comprehensive_score,usage_rate,random_dirichlet,degree_exponent_succ,degree_exponent_dis,degree_exponent_tran
random,376,500,85.618,52.336076,7.234367698700419,1.9795106382978724,744.296,94.52,164.4986,0.2513829787234042,"[10, 10, 10]",-0.5,0.8,0.0
degreeTopM,376,500,85.084,50.668944,7.118212135079988,1.9760904255319147,743.01,93.982,163.834,0.2499521276595744,"[10, 10, 10]",-0.5,0.8,0.0
pageRank,376,500,86.408,53.169536,7.291744372919281,1.9830212765957445,745.6159999999999,95.552,165.5416,0.2541276595744681,"[10, 10, 10]",-0.5,0.8,0.0
alpha_sort,376,500,86.432,48.109376,6.936092271589241,1.9806968085106385,744.742,95.354,165.3672,0.2536010638297872,"[10, 10, 10]",-0.5,0.8,0.0
ris_optimized,376,500,90.98732217209196,56.02260624346192,7.164405348666419,2.0703252274258417,746.6560000000001,99.47059917790766,165.7486,0.2543351063829787,"[10, 10, 10]",-0.5,0.8,0.0
1hop_sort,376,500,86.232,55.110176,7.423622835246952,1.9821436170212765,745.286,95.496,165.39260000000002,0.2539787234042553,"[10, 10, 10]",-0.5,0.8,0.0
