method,seed_num,num_sims,E_activated_users,variance,std_deviation,avg_steps,total_steps,E_redemptions,comprehensive_score,usage_rate,random_dirichlet,degree_exponent_succ,degree_exponent_dis,degree_exponent_tran
random,352,500,80.93,49.2771,7.01976495332999,1.9252159090909091,677.676,88.516,152.49060000000003,0.2514659090909091,"[10, 10, 10]",-0.5,0.8,0.0
degreeTopM,352,500,78.614,51.297004,7.162192681016059,1.9087045454545453,671.864,86.28,149.6334,0.2451136363636363,"[10, 10, 10]",-0.5,0.8,0.0
pageRank,352,500,78.642,53.74183599999999,7.330882347985131,1.9113352272727275,672.79,86.298,149.749,0.2451647727272727,"[10, 10, 10]",-0.5,0.8,0.0
alpha_sort,352,500,84.288,55.457056,7.446949442556999,1.9348238636363635,681.058,92.464,156.48180000000002,0.2626818181818182,"[10, 10, 10]",-0.5,0.8,0.0
ris_optimized,352,500,88.67310404437892,61.220636684608706,7.478933346407094,2.0485683232229466,686.712,97.13984872680604,157.6452,0.2645284090909091,"[10, 10, 10]",-0.5,0.8,0.0
1hop_sort,352,500,84.264,56.026304,7.485072077141275,1.9252102272727272,677.674,92.516,156.1574,0.2628295454545454,"[10, 10, 10]",-0.5,0.8,0.0
