method,seed_num,num_sims,E_activated_users,variance,std_deviation,avg_steps,total_steps,E_redemptions,comprehensive_score,usage_rate,random_dirichlet,degree_exponent_succ,degree_exponent_dis,degree_exponent_tran
random,256,500,62.536,38.164704,6.177758816917345,1.9283671875,493.662,66.818,114.04319999999998,0.2610078125,"[10, 10, 10]",-0.5,0.8,0.0
degreeTopM,256,500,55.11,37.4819,6.12224631977512,1.8707109375,478.902,59.604,105.2472,0.232828125,"[10, 10, 10]",-0.5,0.8,0.0
pageRank,256,500,56.362,36.078956,6.006576062949673,1.8727109375,479.414,61.226,106.7354,0.2391640625,"[10, 10, 10]",-0.5,0.8,0.0
alpha_sort,256,500,72.546,40.807884,6.388104883296767,1.9370390625,495.882,78.078,124.9002,0.3049921875,"[10, 10, 10]",-0.5,0.8,0.0
ris_optimized,256,500,76.37730381458644,42.2556703155356,6.217226069558674,2.05098676274773,502.524,83.1295196455551,126.4934,0.309265625,"[10, 10, 10]",-0.5,0.8,0.0
1hop_sort,256,500,71.794,39.671564,6.298536655446247,1.9299296875,494.062,78.092,124.3492,0.305046875,"[10, 10, 10]",-0.5,0.8,0.0
