method,seed_num,num_sims,E_activated_users,variance,std_deviation,avg_steps,total_steps,E_redemptions,comprehensive_score,usage_rate,random_dirichlet,degree_exponent_succ,degree_exponent_dis,degree_exponent_tran
random,328,500,78.576,52.528224,7.24763575243679,1.9740853658536583,647.5,85.88,146.978,0.2618292682926829,"[10, 10, 10]",-0.5,0.8,0.0
degreeTopM,328,500,75.004,43.931984,6.628120698961358,1.9263353658536584,631.838,82.154,141.7628,0.2504695121951219,"[10, 10, 10]",-0.5,0.8,0.0
pageRank,328,500,74.416,45.086944,6.714681228472428,1.937256097560976,635.42,81.918,141.709,0.24975,"[10, 10, 10]",-0.5,0.8,0.0
alpha_sort,328,500,83.53,49.86509999999999,7.0615224987250444,1.9674329268292683,645.318,91.714,152.1538,0.2796158536585366,"[10, 10, 10]",-0.5,0.8,0.0
ris_optimized,328,500,87.00749085313049,55.681117890152876,7.109975808678958,2.07836007998058,650.5,97.83495366931325,152.998,0.2806646341463414,"[10, 10, 10]",-0.5,0.8,0.0
1hop_sort,328,500,82.89,49.6899,7.049106326336694,1.958390243902439,642.352,91.404,151.3822,0.278670731707317,"[10, 10, 10]",-0.5,0.8,0.0
