method,seed_num,num_sims,E_activated_users,variance,std_deviation,avg_steps,total_steps,E_redemptions,comprehensive_score,usage_rate,random_dirichlet,degree_exponent_succ,degree_exponent_dis,degree_exponent_tran
random,292,500,68.476,42.801424,6.542279724988837,1.9604246575342463,572.444,73.562,128.2634,0.2519246575342466,"[10, 10, 10]",-0.5,0.8,0.0
degreeTopM,292,500,63.264,35.374304,5.947630116273204,1.9138219178082192,558.836,68.692,121.8616,0.2352465753424657,"[10, 10, 10]",-0.5,0.8,0.0
pageRank,292,500,63.044,36.862064,6.071413673931303,1.9243150684931507,561.9,68.882,122.153,0.2358972602739726,"[10, 10, 10]",-0.5,0.8,0.0
alpha_sort,292,500,74.942,45.090636,6.714956142820293,1.9539794520547944,570.562,81.032,135.0432,0.2775068493150684,"[10, 10, 10]",-0.5,0.8,0.0
ris_optimized,292,500,79.25928958152164,48.379010266007015,6.613504668479489,2.107313339460685,580.254,85.30323764231944,136.6024,0.2802054794520547,"[10, 10, 10]",-0.5,0.8,0.0
1hop_sort,292,500,74.686,42.711404,6.535396238943742,1.942013698630137,567.068,81.252,134.67579999999998,0.2782602739726027,"[10, 10, 10]",-0.5,0.8,0.0
