method,seed_num,num_sims,E_activated_users,variance,std_deviation,avg_steps,total_steps,E_redemptions,comprehensive_score,usage_rate,random_dirichlet,degree_exponent_succ,degree_exponent_dis,degree_exponent_tran
random,340,500,82.526,47.925324,6.922811856464106,1.9465,661.81,90.73,152.809,0.2668529411764706,"[10, 10, 10]",-0.5,0.8,0.0
degreeTopM,340,500,78.42,45.9316,6.77728559232972,1.9276470588235293,655.4,86.126,147.813,0.2533117647058823,"[10, 10, 10]",-0.5,0.8,0.0
pageRank,340,500,79.128,54.72361599999999,7.397541213132914,1.9330823529411765,657.248,86.958,148.76780000000002,0.2557588235294117,"[10, 10, 10]",-0.5,0.8,0.0
alpha_sort,340,500,86.34,50.87640000000001,7.132769448117611,1.9541235294117647,664.402,94.982,157.1012,0.2793588235294117,"[10, 10, 10]",-0.5,0.8,0.0
ris_optimized,340,500,90.83012512176556,58.955748403958616,7.340374649839066,2.0548795092879706,670.7259999999999,100.6741670710501,158.40359999999998,0.2814470588235294,"[10, 10, 10]",-0.5,0.8,0.0
1hop_sort,340,500,86.586,52.746604,7.262685729122526,1.9518705882352936,663.6359999999999,95.686,157.4996,0.2814294117647059,"[10, 10, 10]",-0.5,0.8,0.0
