method,seed_num,num_sims,E_activated_users,variance,std_deviation,avg_steps,total_steps,E_redemptions,comprehensive_score,usage_rate,random_dirichlet,degree_exponent_succ,degree_exponent_dis,degree_exponent_tran
random,304,500,73.77,44.90910000000001,6.701425221548026,1.9306052631578945,586.9039999999999,80.012,135.58139999999997,0.2631973684210526,"[10, 10, 10]",-0.5,0.8,0.0
degreeTopM,304,500,67.332,47.77777600000001,6.9121469891778204,1.881118421052632,571.86,73.404,127.554,0.2414605263157894,"[10, 10, 10]",-0.5,0.8,0.0
pageRank,304,500,68.914,41.87060399999999,6.47074987926438,1.895440789473684,576.214,75.574,129.86540000000002,0.2485986842105263,"[10, 10, 10]",-0.5,0.8,0.0
alpha_sort,304,500,80.066,55.545644,7.452895007981798,1.9447894736842104,591.216,87.244,142.7766,0.2869868421052631,"[10, 10, 10]",-0.5,0.8,0.0
ris_optimized,304,500,84.88639030926815,57.02904043767748,7.164417352443952,2.0629067136860857,599.0559999999999,93.93726,144.4166,0.2901447368421052,"[10, 10, 10]",-0.5,0.8,0.0
1hop_sort,304,500,79.816,46.230144,6.799275255495986,1.9414013157894736,590.186,87.77,142.8116,0.2887171052631578,"[10, 10, 10]",-0.5,0.8,0.0
