method,seed_num,num_sims,E_activated_users,variance,std_deviation,avg_steps,total_steps,E_redemptions,comprehensive_score,usage_rate,random_dirichlet,degree_exponent_succ,degree_exponent_dis,degree_exponent_tran
random,316,500,72.476,40.38142400000001,6.35463799126276,1.971487341772152,622.99,78.784,137.929,0.2493164556962025,"[10, 10, 10]",-0.5,0.8,0.0
degreeTopM,316,500,69.22,44.5636,6.675597351548399,1.9528354430379744,617.096,75.918,134.2786,0.240246835443038,"[10, 10, 10]",-0.5,0.8,0.0
pageRank,316,500,69.896,41.309184,6.427222106011275,1.9557088607594937,618.004,76.774,135.1354,0.2429556962025316,"[10, 10, 10]",-0.5,0.8,0.0
alpha_sort,316,500,80.386,49.333004,7.023745724326871,1.9935822784810124,629.972,88.008,147.1942,0.278506329113924,"[10, 10, 10]",-0.5,0.8,0.0
ris_optimized,316,500,85.72610999999999,51.0669765681344,6.757659654051838,2.111927882389233,640.1919999999999,93.81797999999999,148.31220000000002,0.2787721518987341,"[10, 10, 10]",-0.5,0.8,0.0
1hop_sort,316,500,80.182,47.744876000000005,6.909766710967889,1.993854430379747,630.058,88.032,147.1128,0.2785822784810126,"[10, 10, 10]",-0.5,0.8,0.0
