method,seed_num,num_sims,E_activated_users,variance,std_deviation,avg_steps,total_steps,E_redemptions,comprehensive_score,usage_rate,random_dirichlet,degree_exponent_succ,degree_exponent_dis,degree_exponent_tran
random,124,500,30.492,19.213936,4.383370392745746,1.9598064516129032,243.016,31.306,55.2006,0.2524677419354839,"[10, 10, 10]",-0.5,0.8,0.0
degreeTopM,124,500,22.018,13.801676000000002,3.715060699369528,1.7880806451612905,221.722,22.938,44.650200000000005,0.1849838709677419,"[10, 10, 10]",-0.5,0.8,0.0
pageRank,124,500,23.806,16.120364000000002,4.015017310049859,1.8261129032258063,226.438,24.914,47.0038,0.2009193548387096,"[10, 10, 10]",-0.5,0.8,0.0
alpha_sort,124,500,41.74,25.416400000000003,5.041468040164492,1.9033064516129032,236.01,43.466,66.20400000000001,0.3505322580645161,"[10, 10, 10]",-0.5,0.8,0.0
ris_optimized,124,500,44.76612156473348,27.92271352238826,5.061807977393058,2.0758053020165796,247.494,46.22616733142569,68.2534,0.3580483870967742,"[10, 10, 10]",-0.5,0.8,0.0
1hop_sort,124,500,42.034,21.868844,4.676413583078382,1.9415967741935485,240.758,44.934,67.5598,0.3623709677419354,"[10, 10, 10]",-0.5,0.8,0.0
