method,seed_num,num_sims,E_activated_users,variance,std_deviation,avg_steps,total_steps,E_redemptions,comprehensive_score,usage_rate,random_dirichlet,degree_exponent_succ,degree_exponent_dis,degree_exponent_tran
random,364,500,85.604,50.90718400000001,7.134927049381795,1.9244945054945053,700.516,94.232,159.9696,0.2588791208791208,"[10, 10, 10]",-0.5,0.8,0.0
degreeTopM,364,500,84.552,53.535296,7.31678180623148,1.912978021978022,696.3240000000001,93.304,158.56040000000002,0.2563296703296703,"[10, 10, 10]",-0.5,0.8,0.0
pageRank,364,500,84.706,54.091564000000005,7.354696730661299,1.9217527472527471,699.5179999999999,93.562,159.0858,0.2570384615384615,"[10, 10, 10]",-0.5,0.8,0.0
alpha_sort,364,500,88.27,52.9051,7.273589210286762,1.933054945054945,703.632,97.244,163.1202,0.2671538461538461,"[10, 10, 10]",-0.5,0.8,0.0
ris_optimized,364,500,92.72208163413212,59.06311937171264,7.3446045502804305,1.9997337362637366,703.288,101.59122998084787,162.6848,0.2657692307692307,"[10, 10, 10]",-0.5,0.8,0.0
1hop_sort,364,500,87.676,54.371024000000006,7.373670998898717,1.9274065934065931,701.576,96.772,162.3816,0.2658571428571428,"[10, 10, 10]",-0.5,0.8,0.0
