method,seed_num,num_sims,E_activated_users,variance,std_deviation,avg_steps,total_steps,E_redemptions,comprehensive_score,usage_rate,random_dirichlet,degree_exponent_succ,degree_exponent_dis,degree_exponent_tran
random,172,500,42.704,23.864384,4.885118627014087,1.9740116279069768,339.53000000000003,44.83,77.72,0.2606395348837209,"[10, 10, 10]",-0.5,0.8,0.0
degreeTopM,172,500,34.812,20.456656,4.52290349222709,1.8128255813953489,311.806,37.006,67.08959999999999,0.2151511627906976,"[10, 10, 10]",-0.5,0.8,0.0
pageRank,172,500,36.942,25.162636000000003,5.016237235219244,1.8280348837209304,314.422,39.556,69.6912,0.2299767441860465,"[10, 10, 10]",-0.5,0.8,0.0
alpha_sort,172,500,56.142,29.957836,5.473375192694175,1.9481744186046512,335.086,59.828,91.4936,0.3478372093023256,"[10, 10, 10]",-0.5,0.8,0.0
ris_optimized,172,500,59.34181042017055,34.499482227104856,5.622979637167469,2.1001530395629433,346.004,63.8886357853339,93.5664,0.3548953488372093,"[10, 10, 10]",-0.5,0.8,0.0
1hop_sort,172,500,56.492,30.185936,5.494172913187208,1.966209302325581,338.188,61.504,92.8168,0.3575813953488372,"[10, 10, 10]",-0.5,0.8,0.0
