method,seed_num,num_sims,E_activated_users,variance,std_deviation,avg_steps,total_steps,E_redemptions,comprehensive_score,usage_rate,random_dirichlet,degree_exponent_succ,degree_exponent_dis,degree_exponent_tran
random,112,500,26.708,17.522736,4.186016722374625,1.987232142857143,222.57,27.514,49.368,0.2456607142857143,"[10, 10, 10]",-0.5,0.8,0.0
degreeTopM,112,500,19.12,12.9936,3.604663645889863,1.7775178571428571,199.082,19.864,39.4002,0.1773571428571428,"[10, 10, 10]",-0.5,0.8,0.0
pageRank,112,500,20.73,13.305099999999998,3.647615659578185,1.8387857142857145,205.944,21.444,41.6814,0.1914642857142857,"[10, 10, 10]",-0.5,0.8,0.0
alpha_sort,112,500,38.532,22.476976,4.740988926373906,1.9571964285714285,219.206,39.888,61.1306,0.3561428571428571,"[10, 10, 10]",-0.5,0.8,0.0
ris_optimized,112,500,40.55507556451157,24.70124541004357,4.741929986830257,2.1156340014844273,227.398,42.09092202059196,62.0518,0.3574464285714285,"[10, 10, 10]",-0.5,0.8,0.0
1hop_sort,112,500,37.552,21.531296,4.640182755021617,1.9759464285714283,221.306,40.158,60.985600000000005,0.3585535714285714,"[10, 10, 10]",-0.5,0.8,0.0
