method,seed_num,num_sims,E_activated_users,variance,std_deviation,avg_steps,total_steps,E_redemptions,comprehensive_score,usage_rate,random_dirichlet,degree_exponent_succ,degree_exponent_dis,degree_exponent_tran
random,280,500,66.786,39.424204,6.278869643494758,1.9397642857142856,543.134,71.874,123.6434,0.2566928571428571,"[10, 10, 10]",-0.5,0.8,0.0
degreeTopM,280,500,59.982,38.709676,6.221710054317865,1.8806928571428567,526.594,64.772,115.0364,0.2313285714285714,"[10, 10, 10]",-0.5,0.8,0.0
pageRank,280,500,61.084,41.020944,6.404759480261534,1.8944785714285712,530.454,66.438,116.8064,0.2372785714285714,"[10, 10, 10]",-0.5,0.8,0.0
alpha_sort,280,500,75.258,44.559436,6.67528546206078,1.9460428571428567,544.892,80.948,132.5922,0.2890999999999999,"[10, 10, 10]",-0.5,0.8,0.0
ris_optimized,280,500,80.02320597929145,53.45752479013235,6.934119698995684,2.0643829550901063,550.0379999999999,85.50124624859346,133.38379999999998,0.2910285714285714,"[10, 10, 10]",-0.5,0.8,0.0
1hop_sort,280,500,74.674,43.511724,6.596341713404484,1.945542857142857,544.752,81.13,132.37720000000002,0.28975,"[10, 10, 10]",-0.5,0.8,0.0
