method,seed_num,num_sims,E_activated_users,variance,std_deviation,avg_steps,total_steps,E_redemptions,comprehensive_score,usage_rate,random_dirichlet,degree_exponent_succ,degree_exponent_dis,degree_exponent_tran
random,244,500,61.202,35.62919599999999,5.96901968500691,1.9135,466.894,65.14,109.8604,0.2669672131147541,"[10, 10, 10]",-0.5,0.8,0.0
degreeTopM,244,500,51.838,31.063756,5.573486879862552,1.8408852459016396,449.176,55.884,98.7786,0.2290327868852459,"[10, 10, 10]",-0.5,0.8,0.0
pageRank,244,500,53.99,33.4539,5.783934646933695,1.8470163934426227,450.6719999999999,58.29,101.2072,0.2388934426229508,"[10, 10, 10]",-0.5,0.8,0.0
alpha_sort,244,500,72.168,44.823776,6.695056086396887,1.908967213114754,465.788,78.048,121.6868,0.3198688524590164,"[10, 10, 10]",-0.5,0.8,0.0
ris_optimized,244,500,76.93395857341167,46.81327824269349,6.510710867485977,2.024587254098361,477.294,83.64692979105465,123.5554,0.3234180327868852,"[10, 10, 10]",-0.5,0.8,0.0
1hop_sort,244,500,71.984,37.571744,6.129579430923462,1.9145409836065572,467.148,78.372,121.8928,0.3211967213114754,"[10, 10, 10]",-0.5,0.8,0.0
