method,seed_num,num_sims,E_activated_users,variance,std_deviation,avg_steps,total_steps,E_redemptions,comprehensive_score,usage_rate,random_dirichlet,degree_exponent_succ,degree_exponent_dis,degree_exponent_tran
random,136,500,32.958,18.896236,4.346980101173687,1.899823529411765,258.376,34.066,59.3496,0.2504852941176471,"[10, 10, 10]",-0.5,0.8,0.0
degreeTopM,136,500,24.712,15.229056,3.902442312193737,1.7703235294117647,240.764,25.848,49.35640000000001,0.1900588235294117,"[10, 10, 10]",-0.5,0.8,0.0
pageRank,136,500,26.07,17.4651,4.179126703032584,1.7960294117647058,244.26,27.102,51.012,0.1992794117647058,"[10, 10, 10]",-0.5,0.8,0.0
alpha_sort,136,500,46.22,25.3676,5.036625854676919,1.9283970588235293,262.262,48.46,73.56620000000001,0.3563235294117647,"[10, 10, 10]",-0.5,0.8,0.0
ris_optimized,136,500,49.26601213621197,28.28728358231859,5.064486548506176,2.0862689020919483,272.024,52.14752707197644,75.3214,0.3633382352941177,"[10, 10, 10]",-0.5,0.8,0.0
1hop_sort,136,500,46.632,24.608576000000003,4.9607031759620535,1.9697647058823529,267.888,49.868,75.0388,0.3666764705882353,"[10, 10, 10]",-0.5,0.8,0.0
