method,seed_num,num_sims,E_activated_users,variance,std_deviation,avg_steps,total_steps,E_redemptions,comprehensive_score,usage_rate,random_dirichlet,degree_exponent_succ,degree_exponent_dis,degree_exponent_tran
random,40,500,10.47,7.8571,2.803051908188644,1.9443,77.77199999999999,10.604,18.3142,0.2651,"[10, 10, 10]",-0.5,0.8,0.0
degreeTopM,40,500,6.138,5.502956,2.345838016573182,1.69525,67.81,6.202,12.951,0.15505,"[10, 10, 10]",-0.5,0.8,0.0
pageRank,40,500,6.994,6.029964,2.455598501384133,1.68705,67.482,7.068,13.7792,0.1767,"[10, 10, 10]",-0.5,0.8,0.0
alpha_sort,40,500,16.478,10.033516,3.167572572175734,1.89415,75.766,16.636,24.1336,0.4159,"[10, 10, 10]",-0.5,0.8,0.0
ris_optimized,40,500,17.716539807425782,10.962609685510893,3.162566046741159,2.082919294431676,79.854,18.326925134811127,24.8194,0.4223,"[10, 10, 10]",-0.5,0.8,0.0
1hop_sort,40,500,15.986,9.185804,3.030809132888444,1.82,72.8,16.594,23.57,0.41485,"[10, 10, 10]",-0.5,0.8,0.0
