method,seed_num,num_sims,E_activated_users,variance,std_deviation,avg_steps,total_steps,E_redemptions,comprehensive_score,usage_rate,random_dirichlet,degree_exponent_succ,degree_exponent_dis,degree_exponent_tran
random,224,500,66.23,45.24510000000001,6.7264477995447205,3.005464285714286,673.224,66.49,133.6824,0.2968303571428571,"[10, 10, 10]",-0.5,0.8,0.0
degreeTopM,224,500,33.572,27.536815999999998,5.247553334650349,2.3647410714285715,529.702,33.906,86.70920000000001,0.15136607142857142,"[10, 10, 10]",-0.5,0.8,0.0
pageRank,224,500,36.452,30.295695999999992,5.504152614163237,2.4312053571428573,544.59,36.728,91.049,0.16396428571428573,"[10, 10, 10]",-0.5,0.8,0.0
alpha_sort,224,500,117.572,58.412816,7.642827748942142,2.388276785714286,534.974,117.71,171.1384,0.5254910714285714,"[10, 10, 10]",-0.5,0.8,0.0
ris_path_aware,224,500,112.962,45.76855600000001,6.765246189164147,3.9439285714285717,883.44,113.788,201.719,0.5079821428571428,"[10, 10, 10]",-0.5,0.8,0.0
1hop_sort,224,500,123.398,50.78759600000001,7.126541657774829,2.5539375,572.082,127.896,182.8552,0.5709642857142857,"[10, 10, 10]",-0.5,0.8,0.0
