method,seed_num,num_sims,E_activated_users,variance,std_deviation,avg_steps,total_steps,log_alpha_slope,log_beta_slope,degree_power_h,E_redemptions,comprehensive_score
random,140,600,67.25833333333334,26.028263888888887,5.101790263122239,6.130940476190476,858.3316666666667,0.1,0.6,5.0,78.74166666666666,158.83316666666667
degreeTopM,140,600,63.25333333333333,26.555822222222226,5.153234151697575,6.141011904761905,859.7416666666667,0.1,0.6,5.0,74.99166666666666,155.0966666666667
pageRank,140,600,64.10166666666667,24.737997222222223,4.973730714687138,6.1977738095238095,867.6883333333333,0.1,0.6,5.0,75.475,156.55716666666666
alpha_sort,140,600,72.14666666666666,30.51848888888889,5.524354160342083,5.573285714285714,780.26,0.1,0.6,5.0,84.68333333333334,156.441
ris_path_aware,140,600,82.51272210776656,34.759464006869834,5.3352285695074855,7.2846257998049655,927.695,0.1,0.6,5.0,92.66862883580735,171.86783333333332
1hop_sort,140,600,71.17666666666666,26.31878888888889,5.130184098927532,5.518571428571428,772.5999999999999,0.1,0.6,5.0,86.51333333333334,156.105
