method,seed_num,num_sims,E_activated_users,variance,std_deviation,avg_steps,total_steps,log_alpha_slope,log_beta_slope,degree_power_h,E_redemptions,comprehensive_score
random,80,600,43.458333333333336,16.331597222222225,4.041237090572913,5.767520833333333,461.4016666666666,0.1,0.6,5.0,47.806666666666665,91.77266666666668
degreeTopM,80,600,37.03833333333333,15.010197222222224,3.874299578275049,5.439895833333333,435.1916666666666,0.1,0.6,5.0,40.641666666666666,82.35916666666667
pageRank,80,600,40.425,16.694374999999997,4.085875059274328,5.725979166666666,458.07833333333326,0.1,0.6,5.0,44.54166666666666,88.29116666666667
alpha_sort,80,600,47.97666666666667,15.839455555555556,3.979881349431859,5.122083333333333,409.76666666666665,0.1,0.6,5.0,52.678333333333335,91.30416666666667
ris_path_aware,80,600,54.68996812360285,19.593461724061743,3.9821978855903177,7.335653900866678,532.6266666666666,0.1,0.6,5.0,58.17753947465351,103.836
1hop_sort,80,600,47.181666666666665,14.978663888888889,3.870227885911744,5.004499999999999,400.36,0.1,0.6,5.0,55.306666666666665,91.28016666666667
