method,seed_num,num_sims,E_activated_users,variance,std_deviation,avg_steps,total_steps,log_alpha_slope,log_beta_slope,degree_power_h,E_redemptions,comprehensive_score
random,32,600,20.33333333333333,6.938888888888888,2.63417708001738,6.700885416666667,214.4283333333333,0.1,0.6,5.0,21.185,42.202
degreeTopM,32,600,14.715,7.007108333333334,2.647094318934128,5.378541666666667,172.11333333333334,0.1,0.6,5.0,15.391666666666667,32.26466666666667
pageRank,32,600,15.838333333333331,6.342197222222223,2.518371938817264,5.555260416666667,177.76833333333337,0.1,0.6,5.0,16.558333333333334,33.97516666666667
alpha_sort,32,600,20.841666666666665,5.803263888888888,2.40899644850068,5.330989583333333,170.59166666666667,0.1,0.6,5.0,21.655,38.307500000000005
ris_path_aware,32,600,24.105433992320314,8.027483762277013,2.5747405478783465,8.263632549576203,241.84666666666664,0.1,0.6,5.0,25.243893318470462,46.53383333333333
1hop_sort,32,600,21.035,5.500441666666666,2.345302041671108,5.294583333333334,169.42666666666668,0.1,0.6,5.0,22.551666666666662,38.736
