method,seed_num,num_sims,E_activated_users,variance,std_deviation,avg_steps,total_steps,log_alpha_slope,log_beta_slope,degree_power_h,E_redemptions,comprehensive_score
random,8,600,4.2683333333333335,1.6529972222222222,1.285689395702641,5.850625,46.805,0.1,0.6,5.0,4.275,8.952166666666667
degreeTopM,8,600,1.913333333333333,1.2691555555555556,1.1265680430207292,3.370833333333333,26.966666666666665,0.1,0.6,5.0,1.9216666666666664,4.614166666666667
pageRank,8,600,2.3583333333333334,1.3165972222222222,1.1474307047583403,4.04875,32.39,0.1,0.6,5.0,2.3666666666666667,5.6015
alpha_sort,8,600,5.883333333333334,1.339722222222222,1.1574637023346444,4.881666666666667,39.053333333333335,0.1,0.6,5.0,5.903333333333333,9.798666666666668
ris_path_aware,8,600,6.9050802403784735,1.6720150004732748,1.1718349807981592,9.625752544791672,71.05166666666666,0.1,0.6,5.0,7.086568632359504,13.3885
1hop_sort,8,600,6.14,1.3137333333333334,1.1461820681433352,5.142083333333333,41.13666666666666,0.1,0.6,5.0,6.321666666666666,10.3445
