method,seed_num,num_sims,E_activated_users,variance,std_deviation,avg_steps,total_steps,log_alpha_slope,log_beta_slope,degree_power_h,E_redemptions,comprehensive_score
random,128,600,68.145,21.067308333333333,4.589913760990868,6.3138671875,808.175,0.1,0.6,5.0,80.97833333333334,155.37916666666666
degreeTopM,128,600,60.8,22.86,4.7812132351527685,5.937174479166667,759.9583333333334,0.1,0.6,5.0,72.78166666666667,142.78666666666666
pageRank,128,600,62.461666666666666,23.58853055555556,4.85680250324795,6.2195442708333335,796.1016666666667,0.1,0.6,5.0,75.035,148.3585
alpha_sort,128,600,70.33833333333334,24.623863888888888,4.962243836097627,5.708072916666667,730.6333333333333,0.1,0.6,5.0,83.09833333333333,149.78166666666667
ris_path_aware,128,600,79.02361622625206,28.435187781882895,4.829147325241682,7.604455413739969,870.3816666666667,0.1,0.6,5.0,91.12912082368503,164.58233333333334
1hop_sort,128,600,69.97833333333334,21.53453055555556,4.640531279450183,5.685677083333333,727.7666666666667,0.1,0.6,5.0,86.575,151.05333333333334
