method,seed_num,num_sims,E_activated_users,variance,std_deviation,avg_steps,total_steps,log_alpha_slope,log_beta_slope,degree_power_h,E_redemptions,comprehensive_score
random,116,600,59.82333333333333,23.23212222222222,4.819971184791691,6.325689655172414,733.78,0.1,0.6,5.0,68.64666666666666,137.613
degreeTopM,116,600,54.46666666666667,20.905555555555555,4.572259349113472,5.975387931034483,693.145,0.1,0.6,5.0,63.973333333333336,128.53449999999998
pageRank,116,600,56.88166666666667,20.067663888888887,4.479694620048211,6.008433908045976,696.9783333333332,0.1,0.6,5.0,65.78833333333333,131.03283333333331
alpha_sort,116,600,63.905,22.312641666666664,4.723625902489174,5.515977011494253,639.8533333333334,0.1,0.6,5.0,73.77666666666667,132.8261666666667
ris_path_aware,116,600,73.06845496976395,27.341544258938157,4.733140841156348,7.408459243447736,789.6033333333334,0.1,0.6,5.0,83.7528319116861,149.39033333333333
1hop_sort,116,600,64.045,20.462975,4.5236019939866505,5.577902298850575,647.0366666666667,0.1,0.6,5.0,77.18666666666667,135.3195
