method,seed_num,num_sims,E_activated_users,variance,std_deviation,avg_steps,total_steps,log_alpha_slope,log_beta_slope,degree_power_h,E_redemptions,comprehensive_score
random,200,600,98.32333333333334,32.02545555555557,5.659103776708426,6.291358333333333,1258.2716666666663,0.1,0.6,5.0,122.52333333333333,236.2505
degreeTopM,200,600,94.105,34.57730833333333,5.880247302055699,6.288016666666667,1257.6033333333332,0.1,0.6,5.0,122.945,234.2853333333333
pageRank,200,600,97.94,32.05306666666667,5.661542781492221,6.560716666666667,1312.1433333333334,0.1,0.6,5.0,128.24166666666667,244.30516666666668
alpha_sort,200,600,102.03,30.0791,5.484441630649377,5.912624999999999,1182.525,0.1,0.6,5.0,128.13666666666666,233.3358333333333
ris_path_aware,200,600,113.06192709874064,39.68701489960277,5.706194489811538,7.258718531819579,1304.55,0.1,0.6,5.0,138.17038544502608,244.6825
1hop_sort,200,600,101.17666666666666,34.49545555555555,5.873283200694102,5.880091666666666,1176.0183333333332,0.1,0.6,5.0,131.43833333333333,233.9093333333333
