method,seed_num,num_sims,E_activated_users,variance,std_deviation,avg_steps,total_steps,E_redemptions,comprehensive_score,usage_rate,random_dirichlet,degree_exponent_succ,degree_exponent_dis,degree_exponent_tran
random,130,500,60.718,30.690476,5.539899,1.6712,217.256,61.642,82.9056,0.47417,"[10, 10, 10]",-0.5,0.8,0.0
degreeTopM,130,500,40.912,23.416256,4.839035,1.51077,196.4001,41.81,61.00101,0.32162,"[10, 10, 10]",-0.5,0.8,0.0
pageRank,130,500,41.924,25.922224,5.091387,1.52657,198.4541,42.604,62.10941,0.32772,"[10, 10, 10]",-0.5,0.8,0.0
alpha_sort,130,500,70.014,19.329428,4.396525,1.28913,167.5869,70.57,87.05069,0.54285,"[10, 10, 10]",-0.5,0.8,0.0
ris_optimized,130,500,80.798,32.085196,5.66438,1.66592,216.5696,81.648,102.87996,0.62806,"[10, 10, 10]",-0.5,0.8,0.0
1hop_sort,130,500,76.105,25.306098,5.030517,1.48428,192.95696,80.955,97.82593,0.62273,"[10, 10, 10]",-0.5,0.8,0.0
monterCarlo_CELF,130,500,81.381,33.685155,5.803891,1.6878,219.414,81.603,103.4334,0.62772,"[10, 10, 10]",-0.5,0.8,0.0
