method,seed_num,num_sims,E_activated_users,variance,std_deviation,avg_steps,total_steps,E_redemptions,comprehensive_score,usage_rate,random_dirichlet,degree_exponent_succ,degree_exponent_dis,degree_exponent_tran
random,50,500,22.74,12.3924,3.520284,1.6798,83.99,22.856,31.197,0.45712,"[10, 10, 10]",-0.5,0.8,0.0
degreeTopM,50,500,14.61,10.4819,3.237576,1.44992,72.496,14.712,21.9106,0.29424,"[10, 10, 10]",-0.5,0.8,0.0
pageRank,50,500,14.746,10.585484,3.253534,1.45324,72.662,14.858,22.0682,0.29716,"[10, 10, 10]",-0.5,0.8,0.0
alpha_sort,50,500,28.681,7.686183,2.772397,1.24868,62.434,28.732,34.9499,0.57464,"[10, 10, 10]",-0.5,0.8,0.0
ris_optimized,50,500,32.412,11.422256,3.379683,1.65256,82.628,32.492,40.7148,0.64984,"[10, 10, 10]",-0.5,0.8,0.0
1hop_sort,50,500,31.344,9.333338,3.055051,1.43119,71.55932,32.481,39.06845,0.64963,"[10, 10, 10]",-0.5,0.8,0.0
monterCarlo_CELF,50,500,32.337,11.323093,3.36498,1.64943,82.4715,33.016,40.92365,0.66032,"[10, 10, 10]",-0.5,0.8,0.0
