method,seed_num,num_sims,E_activated_users,variance,std_deviation,avg_steps,total_steps,E_redemptions,comprehensive_score,usage_rate,random_dirichlet,degree_exponent_succ,degree_exponent_dis,degree_exponent_tran
random,140,500,66.466,33.276844,5.768608,1.6925,236.95,67.416,90.636,0.48154,"[10, 10, 10]",-0.5,0.8,0.0
degreeTopM,140,500,46.392,26.990336,5.195222,1.52784,213.8976,47.376,68.27376,0.3384,"[10, 10, 10]",-0.5,0.8,0.0
pageRank,140,500,47.552,29.219296,5.405488,1.5484,216.776,48.342,69.6246,0.3453,"[10, 10, 10]",-0.5,0.8,0.0
alpha_sort,140,500,74.306,22.802716,4.775219,1.29673,181.5422,75.17,92.89222,0.53693,"[10, 10, 10]",-0.5,0.8,0.0
ris_optimized,140,500,86.03,32.5771,5.707635,1.6922,236.908,86.67,110.0408,0.61907,"[10, 10, 10]",-0.5,0.8,0.0
1hop_sort,140,500,79.592,25.203875,5.020346,1.48164,207.42907,84.499,102.78842,0.60356,"[10, 10, 10]",-0.5,0.8,0.0
monterCarlo_CELF,140,500,87.105,31.149089,5.581137,1.70536,238.7504,87.522,111.18854,0.62516,"[10, 10, 10]",-0.5,0.8,0.0
