method,seed_num,num_sims,E_activated_users,variance,std_deviation,avg_steps,total_steps,E_redemptions,comprehensive_score,usage_rate,random_dirichlet,degree_exponent_succ,degree_exponent_dis,degree_exponent_tran
random,100,500,45.02,23.8556,4.884219,1.69112,169.112,45.384,62.1132,0.45384,"[10, 10, 10]",-0.5,0.8,0.0
degreeTopM,100,500,31.168,19.371776,4.401338,1.4892,148.92,31.638,46.295,0.31638,"[10, 10, 10]",-0.5,0.8,0.0
pageRank,100,500,31.572,21.156816,4.599654,1.5317,153.17,31.928,47.067,0.31928,"[10, 10, 10]",-0.5,0.8,0.0
alpha_sort,100,500,54.508,16.700553,4.086631,1.28221,128.221,54.841,67.4966,0.54841,"[10, 10, 10]",-0.5,0.8,0.0
ris_optimized,100,500,62.634,22.348044,4.727372,1.66214,166.214,62.832,79.3544,0.62832,"[10, 10, 10]",-0.5,0.8,0.0
1hop_sort,100,500,58.791,18.70601,4.325045,1.49599,149.59922,62.389,75.55,0.62389,"[10, 10, 10]",-0.5,0.8,0.0
monterCarlo_CELF,100,500,63.745,21.276779,4.612676,1.6918,169.18,66.011,81.796,0.66011,"[10, 10, 10]",-0.5,0.8,0.0
