method,seed_num,num_sims,E_activated_users,variance,std_deviation,avg_steps,total_steps,E_redemptions,comprehensive_score,usage_rate,random_dirichlet,degree_exponent_succ,degree_exponent_dis,degree_exponent_tran
random,40,500,18.61,9.7299,3.119279,1.67095,66.838,18.792,25.3848,0.4698,"[10, 10, 10]",-0.5,0.8,0.0
degreeTopM,40,500,9.516,6.893744,2.625594,1.4234,56.936,9.568,15.2356,0.2392,"[10, 10, 10]",-0.5,0.8,0.0
pageRank,40,500,10.322,7.702316,2.775305,1.4545,58.18,10.352,16.155,0.2588,"[10, 10, 10]",-0.5,0.8,0.0
alpha_sort,40,500,23.43,5.938093,2.43682,1.21115,48.446,23.44,28.2796,0.586,"[10, 10, 10]",-0.5,0.8,0.0
ris_optimized,40,500,25.634,9.712044,3.116415,1.6161,64.644,25.648,32.1054,0.6412,"[10, 10, 10]",-0.5,0.8,0.0
1hop_sort,40,500,25.788,7.264302,2.695237,1.4487,57.94819,26.271,31.82477,0.65679,"[10, 10, 10]",-0.5,0.8,0.0
monterCarlo_CELF,40,500,25.606,9.873107,3.14215,1.63959,65.5836,25.774,32.24836,0.64435,"[10, 10, 10]",-0.5,0.8,0.0
