method,seed_num,num_sims,E_activated_users,variance,std_deviation,avg_steps,total_steps,E_redemptions,comprehensive_score,usage_rate,random_dirichlet,degree_exponent_succ,degree_exponent_dis,degree_exponent_tran
random,30,500,15.75,6.5915,2.567392,1.66067,49.8201,15.8,20.75701,0.52667,"[10, 10, 10]",-0.5,0.8,0.0
degreeTopM,30,500,7.642,5.041836,2.245403,1.4228,42.684,7.668,11.9234,0.2556,"[10, 10, 10]",-0.5,0.8,0.0
pageRank,30,500,7.72,5.4696,2.338718,1.4258,42.774,7.736,12.0054,0.25787,"[10, 10, 10]",-0.5,0.8,0.0
alpha_sort,30,500,17.8,4.571375,2.138077,1.24596,37.3788,17.803,21.53938,0.59343,"[10, 10, 10]",-0.5,0.8,0.0
ris_optimized,30,500,19.19,6.9699,2.640057,1.6228,48.684,19.208,24.0674,0.64027,"[10, 10, 10]",-0.5,0.8,0.0
1hop_sort,30,500,19.245,5.424972,2.329157,1.41587,42.47611,19.663,23.70145,0.65543,"[10, 10, 10]",-0.5,0.8,0.0
monterCarlo_CELF,30,500,19.435,7.106214,2.665748,1.65142,49.5426,20.06,24.70176,0.66867,"[10, 10, 10]",-0.5,0.8,0.0
