method,seed_num,num_sims,E_activated_users,variance,std_deviation,avg_steps,total_steps,E_redemptions,comprehensive_score,usage_rate,random_dirichlet,degree_exponent_succ,degree_exponent_dis,degree_exponent_tran
random,80,500,38.47,21.0531,4.588366,1.75607,140.4856,38.7,52.63356,0.48375,"[10, 10, 10]",-0.5,0.8,0.0
degreeTopM,80,500,24.296,16.112384,4.014023,1.4727,117.816,24.574,36.2166,0.30718,"[10, 10, 10]",-0.5,0.8,0.0
pageRank,80,500,24.19,15.3059,3.912276,1.49905,119.924,24.4,36.2874,0.305,"[10, 10, 10]",-0.5,0.8,0.0
alpha_sort,80,500,44.448,14.268974,3.77743,1.26981,101.5848,44.629,54.69698,0.55786,"[10, 10, 10]",-0.5,0.8,0.0
ris_optimized,80,500,50.898,18.295596,4.277335,1.67948,134.3584,51.026,64.39784,0.63783,"[10, 10, 10]",-0.5,0.8,0.0
1hop_sort,80,500,48.633,15.179812,3.896128,1.46042,116.83378,50.581,61.29015,0.63226,"[10, 10, 10]",-0.5,0.8,0.0
monterCarlo_CELF,80,500,51.32,18.665149,4.320318,1.66389,133.1112,51.788,64.86512,0.64735,"[10, 10, 10]",-0.5,0.8,0.0
