method,seed_num,num_sims,E_activated_users,variance,std_deviation,avg_steps,total_steps,E_redemptions,comprehensive_score,usage_rate,random_dirichlet,degree_exponent_succ,degree_exponent_dis,degree_exponent_tran
random,110,500,50.342,24.625036,4.962362,1.68407,185.2477,50.76,69.07577,0.46145,"[10, 10, 10]",-0.5,0.8,0.0
degreeTopM,110,500,35.364,23.195504,4.816171,1.50973,166.0703,36.006,52.29203,0.32733,"[10, 10, 10]",-0.5,0.8,0.0
pageRank,110,500,36.77,23.1171,4.808025,1.52307,167.5377,37.206,53.74177,0.33824,"[10, 10, 10]",-0.5,0.8,0.0
alpha_sort,110,500,59.426,20.025977,4.475039,1.27994,140.7934,60.237,73.91084,0.54761,"[10, 10, 10]",-0.5,0.8,0.0
ris_optimized,110,500,68.298,27.753196,5.26813,1.65153,181.6683,68.774,86.70283,0.62522,"[10, 10, 10]",-0.5,0.8,0.0
1hop_sort,110,500,64.004,20.017731,4.474118,1.46977,161.67504,67.726,82.03244,0.61569,"[10, 10, 10]",-0.5,0.8,0.0
monterCarlo_CELF,110,500,68.102,26.624834,5.159926,1.6808,184.888,68.886,86.9828,0.62624,"[10, 10, 10]",-0.5,0.8,0.0
