method,seed_num,num_sims,E_activated_users,variance,std_deviation,avg_steps,total_steps,E_redemptions,comprehensive_score,usage_rate,random_dirichlet,degree_exponent_succ,degree_exponent_dis,degree_exponent_tran
random,150,500,69.356,37.469264,6.121214,1.72145,258.2175,70.204,95.60175,0.46803,"[10, 10, 10]",-0.5,0.8,0.0
degreeTopM,150,500,48.684,30.720144,5.542576,1.52527,228.7905,49.878,72.16005,0.33252,"[10, 10, 10]",-0.5,0.8,0.0
pageRank,150,500,50.368,32.784576,5.725782,1.55531,233.2965,51.204,74.11565,0.34136,"[10, 10, 10]",-0.5,0.8,0.0
alpha_sort,150,500,78.959,25.67628,5.067177,1.31733,197.5995,79.824,99.15145,0.53216,"[10, 10, 10]",-0.5,0.8,0.0
ris_optimized,150,500,89.748,38.704496,6.221294,1.70181,255.2715,90.32,115.56115,0.60213,"[10, 10, 10]",-0.5,0.8,0.0
1hop_sort,150,500,85.042,29.11245,5.395595,1.49735,224.60253,90.709,110.33546,0.60472,"[10, 10, 10]",-0.5,0.8,0.0
monterCarlo_CELF,150,500,91.093,38.500759,6.204898,1.69562,254.343,91.373,116.6673,0.60915,"[10, 10, 10]",-0.5,0.8,0.0
