method,seed_num,num_sims,E_activated_users,variance,std_deviation,avg_steps,total_steps,E_redemptions,comprehensive_score,usage_rate,random_dirichlet,degree_exponent_succ,degree_exponent_dis,degree_exponent_tran
random,70,500,31.378,17.555116,4.189883,1.67846,117.4922,31.446,43.16122,0.44923,"[10, 10, 10]",-0.5,0.8,0.0
degreeTopM,70,500,19.986,14.421804,3.797605,1.50646,105.4522,20.164,30.62022,0.28806,"[10, 10, 10]",-0.5,0.8,0.0
pageRank,70,500,20.378,13.015116,3.607647,1.493,104.51,20.58,30.93,0.294,"[10, 10, 10]",-0.5,0.8,0.0
alpha_sort,70,500,38.828,11.337724,3.367154,1.2539,87.773,39.055,47.7188,0.55793,"[10, 10, 10]",-0.5,0.8,0.0
ris_optimized,70,500,44.784,16.081344,4.010155,1.65954,116.1678,44.972,56.49478,0.64246,"[10, 10, 10]",-0.5,0.8,0.0
1hop_sort,70,500,43.033,14.478348,3.805042,1.45071,101.54988,44.717,54.03003,0.63881,"[10, 10, 10]",-0.5,0.8,0.0
monterCarlo_CELF,70,500,45.151,15.966247,3.995779,1.6596,116.172,45.526,56.9557,0.65037,"[10, 10, 10]",-0.5,0.8,0.0
