method,seed_num,num_sims,E_activated_users,variance,std_deviation,avg_steps,total_steps,E_redemptions,comprehensive_score,usage_rate,random_dirichlet,degree_exponent_succ,degree_exponent_dis,degree_exponent_tran
random,60,500,27.498,13.641996,3.693507,1.6525,99.15,27.67,37.499,0.46117,"[10, 10, 10]",-0.5,0.8,0.0
degreeTopM,60,500,17.152,10.808896,3.287689,1.4303,85.818,17.294,25.8048,0.28823,"[10, 10, 10]",-0.5,0.8,0.0
pageRank,60,500,17.182,13.272876,3.643196,1.4396,86.376,17.294,25.8756,0.28823,"[10, 10, 10]",-0.5,0.8,0.0
alpha_sort,60,500,34.136,9.901339,3.146639,1.25984,75.5904,34.418,41.83604,0.57363,"[10, 10, 10]",-0.5,0.8,0.0
ris_optimized,60,500,38.498,15.697996,3.96207,1.6655,99.93,38.612,48.548,0.64353,"[10, 10, 10]",-0.5,0.8,0.0
1hop_sort,60,500,36.033,10.485748,3.23817,1.43281,85.96838,38.731,45.9787,0.64552,"[10, 10, 10]",-0.5,0.8,0.0
monterCarlo_CELF,60,500,39.096,15.668891,3.958395,1.6914,101.484,39.145,49.2689,0.65242,"[10, 10, 10]",-0.5,0.8,0.0
