method,seed_num,num_sims,E_activated_users,variance,std_deviation,avg_steps,total_steps,E_redemptions,comprehensive_score,usage_rate,random_dirichlet,degree_exponent_succ,degree_exponent_dis,degree_exponent_tran
random,120,500,55.554,26.707084,5.16789,1.68663,202.3956,56.216,76.12456,0.46847,"[10, 10, 10]",-0.5,0.8,0.0
degreeTopM,120,500,38.28,24.8536,4.985339,1.53033,183.6396,39.096,57.05196,0.3258,"[10, 10, 10]",-0.5,0.8,0.0
pageRank,120,500,38.74,24.0364,4.902693,1.53147,183.7764,39.268,57.38164,0.32723,"[10, 10, 10]",-0.5,0.8,0.0
alpha_sort,120,500,64.028,19.127761,4.37353,1.28648,154.3776,64.613,79.75826,0.53844,"[10, 10, 10]",-0.5,0.8,0.0
ris_optimized,120,500,73.678,27.734316,5.266338,1.6617,199.404,74.144,93.8514,0.61787,"[10, 10, 10]",-0.5,0.8,0.0
1hop_sort,120,500,69.186,22.607702,4.754756,1.47644,177.17244,73.086,88.85316,0.60905,"[10, 10, 10]",-0.5,0.8,0.0
monterCarlo_CELF,120,500,74.701,28.614441,5.349247,1.69312,203.1744,75.625,95.48044,0.63021,"[10, 10, 10]",-0.5,0.8,0.0
