method,seed_num,num_sims,E_activated_users,variance,std_deviation,avg_steps,total_steps,E_redemptions,comprehensive_score,usage_rate,random_dirichlet,degree_exponent_succ,degree_exponent_dis,degree_exponent_tran
random,20,500,8.534,4.720844,2.17275,1.6579,33.158,8.544,11.8548,0.4272,"[10, 10, 10]",-0.5,0.8,0.0
degreeTopM,20,500,4.072,3.218816,1.794106,1.3856,27.712,4.074,6.8442,0.2037,"[10, 10, 10]",-0.5,0.8,0.0
pageRank,20,500,4.012,3.011856,1.73547,1.3907,27.814,4.014,6.7944,0.2007,"[10, 10, 10]",-0.5,0.8,0.0
alpha_sort,20,500,11.733,2.71868,1.648842,1.19503,23.9006,11.738,14.12556,0.5869,"[10, 10, 10]",-0.5,0.8,0.0
ris_optimized,20,500,13.438,4.210156,2.051866,1.6092,32.184,13.438,16.6564,0.6719,"[10, 10, 10]",-0.5,0.8,0.0
1hop_sort,20,500,13.079,3.075508,1.753713,1.44136,28.82724,13.479,16.16154,0.67396,"[10, 10, 10]",-0.5,0.8,0.0
monterCarlo_CELF,20,500,13.671,4.064094,2.01596,1.61414,32.2828,13.995,17.06128,0.69975,"[10, 10, 10]",-0.5,0.8,0.0
