method,seed_num,num_sims,E_activated_users,variance,std_deviation,avg_steps,total_steps,E_redemptions,comprehensive_score,usage_rate,random_dirichlet,degree_exponent_succ,degree_exponent_dis,degree_exponent_tran
random,113,500,53.092,23.151536,4.811604306257945,1.7186017699115044,194.202,53.148,72.5402,0.47033628318584075,"[10, 10, 10]",-0.5,0.8,0.0
degreeTopM,113,500,20.186,16.647403999999998,4.080123037360515,1.3428141592920355,151.738,20.238,35.3858,0.17909734513274336,"[10, 10, 10]",-0.5,0.8,0.0
pageRank,113,500,22.316,17.476144,4.180447822901274,1.366371681415929,154.39999999999998,22.35,37.772999999999996,0.19778761061946903,"[10, 10, 10]",-0.5,0.8,0.0
alpha_sort,113,500,84.8,20.975999999999996,4.57995633166955,1.3684601769911506,154.63600000000002,84.948,100.3376,0.7517522123893805,"[10, 10, 10]",-0.5,0.8,0.0
ris_optimized,113,500,66.16,27.4264,5.23702205456498,1.6603716814159293,187.622,66.192,84.9382,0.5857699115044247,"[10, 10, 10]",-0.5,0.8,0.0
1hop_sort,113,500,86.084,18.532944,4.3049905923242155,1.5062300884955753,170.204,87.354,103.73939999999999,0.7730442477876106,"[10, 10, 10]",-0.5,0.8,0.0
