method,seed_num,num_sims,E_activated_users,variance,std_deviation,avg_steps,total_steps,E_redemptions,comprehensive_score,usage_rate,random_dirichlet,degree_exponent_succ,degree_exponent_dis,degree_exponent_tran
random,100,500,46.89,22.4939,4.7427734502082215,1.6828800000000002,168.288,46.928,63.7378,0.46928,"[10, 10, 10]",-0.5,0.8,0.0
degreeTopM,100,500,16.818,13.588876,3.6863092653764147,1.32402,132.402,16.858,30.078200000000002,0.16858,"[10, 10, 10]",-0.5,0.8,0.0
pageRank,100,500,18.458,12.972236,3.601699043507106,1.352,135.20000000000002,18.488,31.993000000000002,0.18488,"[10, 10, 10]",-0.5,0.8,0.0
alpha_sort,100,500,74.198,19.746796,4.443736715873253,1.3648799999999999,136.488,74.23,87.8628,0.7423000000000001,"[10, 10, 10]",-0.5,0.8,0.0
ris_optimized,100,500,58.982,24.253676,4.924802128004738,1.67042,167.042,59.066,75.7282,0.5906600000000001,"[10, 10, 10]",-0.5,0.8,0.0
1hop_sort,100,500,73.732,17.920175999999998,4.233222885698319,1.4744000000000002,147.44000000000003,75.76,89.49000000000001,0.7576,"[10, 10, 10]",-0.5,0.8,0.0
