method,seed_num,num_sims,E_activated_users,variance,std_deviation,avg_steps,total_steps,E_redemptions,comprehensive_score,usage_rate,random_dirichlet,degree_exponent_succ,degree_exponent_dis,degree_exponent_tran
random,101,500,47.414,27.698604,5.262946323115979,1.7257821782178218,174.304,47.45,64.86240000000001,0.46980198019801983,"[10, 10, 10]",-0.5,0.8,0.0
degreeTopM,101,500,17.164,13.033103999999998,3.610139055493569,1.3203168316831684,133.352,17.196,30.5152,0.17025742574257427,"[10, 10, 10]",-0.5,0.8,0.0
pageRank,101,500,18.934,16.021644000000002,4.002704585652056,1.3466336633663363,136.00999999999996,18.976,32.556,0.18788118811881188,"[10, 10, 10]",-0.5,0.8,0.0
alpha_sort,101,500,75.394,17.530763999999994,4.186975519393443,1.363227722772277,137.68599999999998,75.424,89.17760000000001,0.7467722772277229,"[10, 10, 10]",-0.5,0.8,0.0
ris_optimized,101,500,61.576,23.696224,4.8678767445365745,1.6514257425742576,166.794,61.648,78.29140000000001,0.6103762376237624,"[10, 10, 10]",-0.5,0.8,0.0
1hop_sort,101,500,74.568,16.665375999999995,4.082324827840136,1.463069306930693,147.77,76.612,90.367,0.7585346534653464,"[10, 10, 10]",-0.5,0.8,0.0
