method,seed_num,num_sims,E_activated_users,variance,std_deviation,avg_steps,total_steps,E_redemptions,comprehensive_score,usage_rate,random_dirichlet,degree_exponent_succ,degree_exponent_dis,degree_exponent_tran
random,100,500,74.076,10.914224,3.3036682642178223,3.79702,379.70200000000006,75.062,112.5392,0.75062,"[10, 10, 10]",0.1,0.1,0.1
degreeTopM,100,500,82.834,12.070444000000004,3.4742544523969463,4.403560000000001,440.3560000000001,88.052,129.47860000000003,0.8805200000000001,"[10, 10, 10]",0.1,0.1,0.1
pageRank,100,500,81.834,13.294444000000004,3.646154686789907,4.2954,429.54,86.1,126.921,0.861,"[10, 10, 10]",0.1,0.1,0.1
alpha_sort,100,500,42.274,21.246924,4.609438577527636,1.5987,159.87,42.846,58.547,0.4284599999999999,"[10, 10, 10]",0.1,0.1,0.1
ris_optimized,100,500,86.878,11.067116,3.326727521153483,4.465619999999999,446.56199999999984,89.184,132.6872,0.89184,"[10, 10, 10]",0.1,0.1,0.1
monterCarlo_CELF,100,500,90.67284,10.536608,3.246014,4.545311,454.53105,93.89508,137.73706,0.938951,"[10, 10, 10]",0.1,0.1,0.1
