method,seed_num,num_sims,E_activated_users,variance,std_deviation,avg_steps,total_steps,E_redemptions,comprehensive_score,usage_rate,random_dirichlet,degree_exponent_succ,degree_exponent_dis,degree_exponent_tran
random,250,500,179.494,34.325964,5.858836403245955,3.717096,929.274,185.858,275.6034,0.743432,"[10, 10, 10]",0.1,0.1,0.1
degreeTopM,250,500,195.096,38.282784,6.187308300060698,4.318943999999999,1079.736,215.94,313.4916,0.86376,"[10, 10, 10]",0.1,0.1,0.1
pageRank,250,500,195.39,36.9619,6.079629922947613,4.253912000000001,1063.478,212.91,310.4978,0.85164,"[10, 10, 10]",0.1,0.1,0.1
alpha_sort,250,500,102.52,59.94160000000001,7.742196070883248,1.55264,388.16,104.722,142.437,0.418888,"[10, 10, 10]",0.1,0.1,0.1
ris_optimized,250,500,211.886,28.281003999999992,5.3179887175510245,4.448688,1112.172,222.542,328.4312,0.890168,"[10, 10, 10]",0.1,0.1,0.1
monterCarlo_CELF,250,500,222.36833,29.25103,5.408422,4.469879,1117.46971,224.85283,335.35755,0.899411,"[10, 10, 10]",0.1,0.1,0.1
