method,seed_num,num_sims,E_activated_users,variance,std_deviation,avg_steps,total_steps,E_redemptions,comprehensive_score,usage_rate,random_dirichlet,degree_exponent_succ,degree_exponent_dis,degree_exponent_tran
random,225,500,162.19,28.377899999999997,5.327091138698492,3.725244444444445,838.18,167.008,248.417,0.7422577777777778,"[10, 10, 10]",0.1,0.1,0.1
degreeTopM,225,500,177.006,31.609964000000005,5.62227391719756,4.324311111111111,972.97,194.798,283.199,0.8657688888888889,"[10, 10, 10]",0.1,0.1,0.1
pageRank,225,500,176.882,32.324076,5.685426633068094,4.260435555555556,958.598,191.798,280.1998,0.8524355555555556,"[10, 10, 10]",0.1,0.1,0.1
alpha_sort,225,500,92.524,54.141424000000015,7.358085620594531,1.5525066666666667,349.314,94.388,128.3874,0.4195022222222222,"[10, 10, 10]",0.1,0.1,0.1
ris_optimized,225,500,190.778,25.224716,5.022421328403263,4.454266666666666,1002.21,200.668,295.944,0.8918577777777779,"[10, 10, 10]",0.1,0.1,0.1
monterCarlo_CELF,225,500,198.84477,24.187915,4.918121,4.472352,1006.27928,207.73422,303.91742,0.923263,"[10, 10, 10]",0.1,0.1,0.1
