method,seed_num,num_sims,E_activated_users,variance,std_deviation,avg_steps,total_steps,E_redemptions,comprehensive_score,usage_rate,random_dirichlet,degree_exponent_succ,degree_exponent_dis,degree_exponent_tran
random,50,500,34.932,6.163376000000001,2.482614750620805,3.47572,173.786,35.104,52.39660000000001,0.70208,"[10, 10, 10]",0.1,0.1,0.1
degreeTopM,50,500,42.574,6.280524000000001,2.506097364429403,4.407439999999999,220.372,44.18,65.4142,0.8835999999999999,"[10, 10, 10]",0.1,0.1,0.1
pageRank,50,500,42.2,5.804,2.4091492274244866,4.331639999999999,216.582,43.49,64.50319999999999,0.8698,"[10, 10, 10]",0.1,0.1,0.1
alpha_sort,50,500,20.826,11.247723999999998,3.353762663039828,1.5678800000000002,78.394,21.086,28.7954,0.42172,"[10, 10, 10]",0.1,0.1,0.1
ris_optimized,50,500,43.722,5.796716,2.4076370158310825,4.39888,219.944,44.196,65.9534,0.8839199999999999,"[10, 10, 10]",0.1,0.1,0.1
monterCarlo_CELF,50,500,43.17495,5.746392,2.397163,4.39056,219.52798,45.92801,66.50428,0.91856,"[10, 10, 10]",0.1,0.1,0.1
