method,seed_num,num_sims,E_activated_users,variance,std_deviation,avg_steps,total_steps,E_redemptions,comprehensive_score,usage_rate,random_dirichlet,degree_exponent_succ,degree_exponent_dis,degree_exponent_tran
random,125,500,95.092,16.155536,4.019394979347016,3.870992,483.874,96.69,144.2784,0.77352,"[10, 10, 10]",0.1,0.1,0.1
degreeTopM,125,500,101.346,16.562284,4.069678611389357,4.343232,542.904,108.672,159.2994,0.8693759999999999,"[10, 10, 10]",0.1,0.1,0.1
pageRank,125,500,100.246,14.973484,3.869558631161957,4.244896,530.612,106.21,156.2892,0.84968,"[10, 10, 10]",0.1,0.1,0.1
alpha_sort,125,500,52.544,28.992064,5.384427917615761,1.5869919999999995,198.374,53.312,72.7654,0.426496,"[10, 10, 10]",0.1,0.1,0.1
ris_optimized,125,500,108.232,11.738176,3.4261021584301887,4.459312,557.414,111.526,165.6204,0.892208,"[10, 10, 10]",0.1,0.1,0.1
monterCarlo_CELF,125,500,106.16717,11.240072,3.352622,4.446908,555.86356,110.88582,164.11285,0.887087,"[10, 10, 10]",0.1,0.1,0.1
