method,seed_num,num_sims,E_activated_users,variance,std_deviation,avg_steps,total_steps,E_redemptions,comprehensive_score,usage_rate,random_dirichlet,degree_exponent_succ,degree_exponent_dis,degree_exponent_tran
random,75,500,53.09,9.5339,3.087701410434629,3.58792,269.094,53.524,80.21640000000001,0.7136533333333334,"[10, 10, 10]",0.1,0.1,0.1
degreeTopM,75,500,62.694,10.236364000000002,3.1994318245588547,4.3884,329.13,65.994,97.257,0.87992,"[10, 10, 10]",0.1,0.1,0.1
pageRank,75,500,61.904,10.562784,3.250043692014001,4.287893333333334,321.59200000000004,64.574,95.3982,0.8609866666666667,"[10, 10, 10]",0.1,0.1,0.1
alpha_sort,75,500,31.936,17.675904000000003,4.204272112982222,1.608693333333333,120.652,32.27,44.1682,0.4302666666666667,"[10, 10, 10]",0.1,0.1,0.1
ris_optimized,75,500,65.758,8.383436,2.895416377656243,4.461946666666667,334.646,66.896,99.7916,0.8919466666666667,"[10, 10, 10]",0.1,0.1,0.1
monterCarlo_CELF,75,500,68.69729,8.115093,2.8487,4.540645,340.54838,71.98852,104.39774,0.959847,"[10, 10, 10]",0.1,0.1,0.1
