method,seed_num,num_sims,E_activated_users,variance,std_deviation,avg_steps,total_steps,E_redemptions,comprehensive_score,usage_rate,random_dirichlet,degree_exponent_succ,degree_exponent_dis,degree_exponent_tran
random,200,500,146.56,23.8024,4.878770336877931,3.7687,753.74,150.712,224.01,0.7535599999999999,"[10, 10, 10]",0.1,0.1,0.1
degreeTopM,200,500,158.244,28.716464,5.358774486764674,4.32685,865.3700000000001,173.408,252.363,0.8670399999999999,"[10, 10, 10]",0.1,0.1,0.1
pageRank,200,500,157.828,29.086416,5.39318236294676,4.25183,850.366,170.19,249.04560000000004,0.85095,"[10, 10, 10]",0.1,0.1,0.1
alpha_sort,200,500,82.426,45.596524,6.752519825961268,1.5584699999999998,311.694,84.166,114.4654,0.42083,"[10, 10, 10]",0.1,0.1,0.1
ris_optimized,200,500,170.504,22.921983999999995,4.787690883923062,4.446689999999999,889.3379999999999,177.962,263.1668,0.88981,"[10, 10, 10]",0.1,0.1,0.1
monterCarlo_CELF,200,500,178.66495,23.464945,4.844063,4.496446,899.28925,184.29666,271.40973,0.921483,"[10, 10, 10]",0.1,0.1,0.1
