method,seed_num,num_sims,E_activated_users,variance,std_deviation,avg_steps,total_steps,E_redemptions,comprehensive_score,usage_rate,random_dirichlet,degree_exponent_succ,degree_exponent_dis,degree_exponent_tran
random,150,500,107.956,20.978064000000003,4.580181655786155,3.6817733333333336,552.2660000000001,109.972,164.19060000000002,0.7331466666666666,"[10, 10, 10]",0.1,0.1,0.1
degreeTopM,150,500,120.84,20.9464,4.576723718993752,4.344200000000001,651.6300000000001,130.436,190.801,0.8695733333333334,"[10, 10, 10]",0.1,0.1,0.1
pageRank,150,500,120.258,20.035436,4.476096066886858,4.266693333333333,640.0039999999999,128.25,188.2544,0.855,"[10, 10, 10]",0.1,0.1,0.1
alpha_sort,150,500,62.472,38.337216,6.191705419349341,1.5771066666666669,236.566,63.4,86.5926,0.4226666666666666,"[10, 10, 10]",0.1,0.1,0.1
ris_optimized,150,500,129.366,17.448044,4.17708558686556,4.474253333333333,671.138,134.138,198.86580000000004,0.8942533333333333,"[10, 10, 10]",0.1,0.1,0.1
monterCarlo_CELF,150,500,134.01797,17.356199,4.166077,4.45798,668.69693,137.71162,202.73449,0.918077,"[10, 10, 10]",0.1,0.1,0.1
