method,seed_num,num_sims,E_activated_users,variance,std_deviation,avg_steps,total_steps,E_redemptions,comprehensive_score,usage_rate,random_dirichlet,degree_exponent_succ,degree_exponent_dis,degree_exponent_tran
random,175,500,125.624,23.742624,4.872640352006291,3.676297142857143,643.352,128.446,191.3702,0.7339771428571429,"[10, 10, 10]",0.1,0.1,0.1
degreeTopM,175,500,139.17,22.5051,4.743954046994975,4.324765714285714,756.8340000000001,151.51,221.0234,0.8657714285714285,"[10, 10, 10]",0.1,0.1,0.1
pageRank,175,500,139.406,24.401164,4.9397534351422845,4.252365714285713,744.1639999999999,149.184,218.71140000000003,0.85248,"[10, 10, 10]",0.1,0.1,0.1
alpha_sort,175,500,72.758,44.395436,6.6629900195032565,1.5742857142857145,275.5,73.998,100.928,0.4228457142857143,"[10, 10, 10]",0.1,0.1,0.1
ris_optimized,175,500,150.012,19.963856,4.4680931055652815,4.454548571428571,779.5459999999999,155.97,230.9456,0.8912571428571429,"[10, 10, 10]",0.1,0.1,0.1
monterCarlo_CELF,175,500,154.31144,20.563426,4.534691,4.472006,782.60103,156.35477,233.59321,0.893456,"[10, 10, 10]",0.1,0.1,0.1
