method,seed_num,num_sims,E_activated_users,variance,std_deviation,avg_steps,total_steps,E_redemptions,comprehensive_score,usage_rate,random_dirichlet,degree_exponent_succ,degree_exponent_dis,degree_exponent_tran
random,376,500,85.618,52.336076,7.234367698700419,1.9795106382978724,744.296,94.52,164.4986,0.25138297872340426,"[10, 10, 10]",-0.5,0.8,0.0
degreeTopM,376,500,85.084,50.668944,7.118212135079988,1.9760904255319147,743.01,93.982,163.834,0.24995212765957447,"[10, 10, 10]",-0.5,0.8,0.0
pageRank,376,500,86.408,53.169536,7.291744372919281,1.9830212765957445,745.6159999999999,95.552,165.5416,0.2541276595744681,"[10, 10, 10]",-0.5,0.8,0.0
alpha_sort,376,500,86.432,48.109376,6.936092271589241,1.9806968085106382,744.742,95.354,165.3672,0.25360106382978725,"[10, 10, 10]",-0.5,0.8,0.0
ris_optimized,376,500,86.536,51.328703999999995,7.164405348666419,1.9857872340425533,746.6560000000001,95.63,165.7486,0.25433510638297874,"[10, 10, 10]",-0.5,0.8,0.0
1hop_sort,376,500,86.232,55.110176,7.423622835246952,1.9821436170212765,745.286,95.496,165.39260000000002,0.2539787234042553,"[10, 10, 10]",-0.5,0.8,0.0
