method,seed_num,num_sims,E_activated_users,variance,std_deviation,avg_steps,total_steps,E_redemptions,comprehensive_score,usage_rate,random_dirichlet,degree_exponent_succ,degree_exponent_dis,degree_exponent_tran
random,160,500,39.448,24.827295999999997,4.982699669857697,1.9467875,311.486,41.428,71.5866,0.25892499999999996,"[10, 10, 10]",-0.5,0.8,0.0
degreeTopM,160,500,33.33,20.3051,4.506118063255777,1.76985,283.176,35.436,62.700599999999994,0.221475,"[10, 10, 10]",-0.5,0.8,0.0
pageRank,160,500,34.922,21.631915999999997,4.651012362916271,1.8187125000000002,290.994,37.02,65.0704,0.23137500000000003,"[10, 10, 10]",-0.5,0.8,0.0
alpha_sort,160,500,54.594,28.073164,5.298411460051022,1.913125,306.1,57.728,86.771,0.3608,"[10, 10, 10]",-0.5,0.8,0.0
ris_optimized,160,500,55.42,30.639599999999998,5.535304869652619,1.9711750000000001,315.38800000000003,58.528,88.51280000000001,0.3658,"[10, 10, 10]",-0.5,0.8,0.0
1hop_sort,160,500,54.692,30.597136,5.5314677979718905,1.9331500000000001,309.30400000000003,58.988,87.77040000000001,0.368675,"[10, 10, 10]",-0.5,0.8,0.0
