method,seed_num,num_sims,E_activated_users,variance,std_deviation,avg_steps,total_steps,E_redemptions,comprehensive_score,usage_rate,random_dirichlet,degree_exponent_succ,degree_exponent_dis,degree_exponent_tran
random,112,500,26.708,17.522736,4.186016722374625,1.9872321428571427,222.57,27.514,49.367999999999995,0.2456607142857143,"[10, 10, 10]",-0.5,0.8,0.0
degreeTopM,112,500,19.12,12.993599999999999,3.604663645889863,1.7775178571428571,199.082,19.864,39.4002,0.17735714285714285,"[10, 10, 10]",-0.5,0.8,0.0
pageRank,112,500,20.73,13.305099999999998,3.647615659578185,1.8387857142857142,205.944,21.444,41.6814,0.1914642857142857,"[10, 10, 10]",-0.5,0.8,0.0
alpha_sort,112,500,38.532,22.476976,4.740988926373906,1.9571964285714285,219.206,39.888,61.130599999999994,0.35614285714285715,"[10, 10, 10]",-0.5,0.8,0.0
ris_optimized,112,500,38.59,22.4859,4.741929986830257,2.0303392857142857,227.398,40.034,62.0518,0.35744642857142855,"[10, 10, 10]",-0.5,0.8,0.0
1hop_sort,112,500,37.552,21.531296,4.640182755021617,1.9759464285714285,221.30599999999998,40.158,60.985600000000005,0.3585535714285714,"[10, 10, 10]",-0.5,0.8,0.0
