method,seed_num,num_sims,E_activated_users,variance,std_deviation,avg_steps,total_steps,E_redemptions,comprehensive_score,usage_rate,random_dirichlet,degree_exponent_succ,degree_exponent_dis,degree_exponent_tran
random,196,500,46.826,31.271724,5.59211265980935,1.969530612244898,386.02799999999996,49.376,86.7038,0.2519183673469388,"[10, 10, 10]",-0.5,0.8,0.0
degreeTopM,196,500,38.51,23.629900000000003,4.861059555282162,1.823530612244898,357.412,40.944,75.4682,0.2088979591836735,"[10, 10, 10]",-0.5,0.8,0.0
pageRank,196,500,40.824,24.429024000000002,4.942572609481828,1.8496326530612246,362.528,43.514,78.42179999999999,0.22201020408163266,"[10, 10, 10]",-0.5,0.8,0.0
alpha_sort,196,500,58.652,34.622896,5.884122364465239,1.9346122448979592,379.184,62.12,98.3044,0.31693877551020405,"[10, 10, 10]",-0.5,0.8,0.0
ris_optimized,196,500,59.658,32.505036,5.701318794805286,1.9987551020408163,391.756,63.59,100.7996,0.3244387755102041,"[10, 10, 10]",-0.5,0.8,0.0
1hop_sort,196,500,58.642,33.521836,5.789804487199891,1.963673469387755,384.88,63.442,99.53,0.32368367346938776,"[10, 10, 10]",-0.5,0.8,0.0
