method,seed_num,num_sims,E_activated_users,variance,std_deviation,avg_steps,total_steps,E_redemptions,comprehensive_score,usage_rate,random_dirichlet,degree_exponent_succ,degree_exponent_dis,degree_exponent_tran
random,208,500,49.456,32.656064,5.714548451102677,1.9300961538461539,401.46,52.216,90.982,0.25103846153846154,"[10, 10, 10]",-0.5,0.8,0.0
degreeTopM,208,500,40.594,27.305164,5.225434336014567,1.8137788461538462,377.266,43.232,79.6396,0.20784615384615385,"[10, 10, 10]",-0.5,0.8,0.0
pageRank,208,500,41.074,26.040523999999998,5.102991671558949,1.8394326923076925,382.60200000000003,43.738,80.6662,0.21027884615384615,"[10, 10, 10]",-0.5,0.8,0.0
alpha_sort,208,500,59.818,34.300876,5.856694972422587,1.9053173076923076,396.306,63.482,101.28059999999999,0.30520192307692307,"[10, 10, 10]",-0.5,0.8,0.0
ris_optimized,208,500,59.878,30.935116,5.561934555530117,1.9422115384615386,403.98,63.678,102.176,0.30614423076923075,"[10, 10, 10]",-0.5,0.8,0.0
1hop_sort,208,500,58.524,35.581424000000005,5.965016680613727,1.8951826923076924,394.19800000000004,63.024,100.19380000000001,0.303,"[10, 10, 10]",-0.5,0.8,0.0
