method,seed_num,num_sims,E_activated_users,variance,std_deviation,avg_steps,total_steps,E_redemptions,comprehensive_score,usage_rate,random_dirichlet,degree_exponent_succ,degree_exponent_dis,degree_exponent_tran
random,52,500,12.996,8.683984,2.9468600238219667,1.9384230769230768,100.79799999999999,13.246,23.2008,0.25473076923076926,"[10, 10, 10]",-0.5,0.8,0.0
degreeTopM,52,500,8.432,7.349376,2.7109732569687957,1.6573076923076924,86.18,8.576,17.122,0.16492307692307692,"[10, 10, 10]",-0.5,0.8,0.0
pageRank,52,500,8.634,6.868044,2.620695327580068,1.7026153846153849,88.53600000000002,8.712,17.526600000000002,0.16753846153846153,"[10, 10, 10]",-0.5,0.8,0.0
alpha_sort,52,500,21.53,12.8811,3.5890249372218075,1.8668846153846153,97.07799999999999,21.874,31.409799999999997,0.42065384615384616,"[10, 10, 10]",-0.5,0.8,0.0
ris_optimized,52,500,21.962,12.844556,3.583930244856895,2.015269230769231,104.794,22.236,32.5784,0.4276153846153846,"[10, 10, 10]",-0.5,0.8,0.0
1hop_sort,52,500,21.318,10.900876,3.3016474675531304,1.9228461538461539,99.988,22.678,31.9968,0.4361153846153846,"[10, 10, 10]",-0.5,0.8,0.0
