method,seed_num,num_sims,E_activated_users,variance,std_deviation,avg_steps,total_steps,E_redemptions,comprehensive_score,usage_rate,random_dirichlet,degree_exponent_succ,degree_exponent_dis,degree_exponent_tran
random,220,500,50.118,35.38807599999999,5.948787775673292,1.9467454545454546,428.284,52.74,94.2574,0.23972727272727273,"[10, 10, 10]",-0.5,0.8,0.0
degreeTopM,220,500,44.36,26.286399999999997,5.12702642864263,1.8716454545454544,411.76199999999994,47.408,87.0602,0.2154909090909091,"[10, 10, 10]",-0.5,0.8,0.0
pageRank,220,500,45.256,28.946464000000002,5.380191818141803,1.8854545454545455,414.8,48.222,88.21900000000001,0.2191909090909091,"[10, 10, 10]",-0.5,0.8,0.0
alpha_sort,220,500,62.374,36.022124,6.001843383494774,1.9488181818181818,428.74,66.014,107.06800000000001,0.30006363636363637,"[10, 10, 10]",-0.5,0.8,0.0
ris_optimized,220,500,62.708,37.514736,6.124927428141496,2.0062727272727274,441.38000000000005,66.886,108.935,0.3040272727272727,"[10, 10, 10]",-0.5,0.8,0.0
1hop_sort,220,500,61.952,38.033696,6.167146503854112,1.9450999999999998,427.92199999999997,67.02,107.2782,0.3046363636363636,"[10, 10, 10]",-0.5,0.8,0.0
