method,seed_num,num_sims,E_activated_users,variance,std_deviation,avg_steps,total_steps,E_redemptions,comprehensive_score,usage_rate,random_dirichlet,degree_exponent_succ,degree_exponent_dis,degree_exponent_tran
random,248,500,76.83,45.545100000000005,6.748710988033197,3.0272580645161287,750.7599999999999,77.058,152.01999999999998,0.3107177419354839,"[10, 10, 10]",-0.5,0.8,0.0
degreeTopM,248,500,35.968,27.614976,5.254995337771481,2.377645161290323,589.6560000000002,36.24,95.06960000000002,0.14612903225806453,"[10, 10, 10]",-0.5,0.8,0.0
pageRank,248,500,39.376,31.738624000000005,5.633704287589118,2.409524193548387,597.5619999999999,39.628,99.25819999999999,0.15979032258064516,"[10, 10, 10]",-0.5,0.8,0.0
alpha_sort,248,500,128.686,65.315404,8.081794602685719,2.3721774193548386,588.3,128.986,187.666,0.5201048387096774,"[10, 10, 10]",-0.5,0.8,0.0
ris_path_aware,248,500,120.644,56.569264000000004,7.521254150738426,3.815548387096775,946.2560000000002,121.28,215.5876,0.4890322580645161,"[10, 10, 10]",-0.5,0.8,0.0
1hop_sort,248,500,136.924,55.486224,7.448907570912664,2.563064516129032,635.64,141.874,202.963,0.5720725806451613,"[10, 10, 10]",-0.5,0.8,0.0
