method,seed_num,num_sims,E_activated_users,variance,std_deviation,avg_steps,total_steps,E_redemptions,comprehensive_score,usage_rate,random_dirichlet,degree_exponent_succ,degree_exponent_dis,degree_exponent_tran
random,200,500,59.574,40.288523999999995,6.347324160620757,3.02935,605.87,59.738,120.243,0.29869,"[10, 10, 10]",-0.5,0.8,0.0
degreeTopM,200,500,29.656,24.937664,4.993762509371066,2.36442,472.884,29.896,77.0644,0.14948,"[10, 10, 10]",-0.5,0.8,0.0
pageRank,200,500,32.848,25.416896,5.0415172319451615,2.43557,487.114,33.084,81.6774,0.16542,"[10, 10, 10]",-0.5,0.8,0.0
alpha_sort,200,500,106.754,49.513484,7.036581840638251,2.4006800000000004,480.1360000000001,106.87,154.8256,0.53435,"[10, 10, 10]",-0.5,0.8,0.0
ris_path_aware,200,500,100.206,48.443563999999995,6.960141090523956,3.85413,770.826,100.958,177.6646,0.50479,"[10, 10, 10]",-0.5,0.8,0.0
1hop_sort,200,500,112.092,50.767536,7.125134104001131,2.5434099999999997,508.68199999999996,115.444,164.6362,0.5772200000000001,"[10, 10, 10]",-0.5,0.8,0.0
