method,seed_num,num_sims,E_activated_users,variance,std_deviation,avg_steps,total_steps,E_redemptions,comprehensive_score,usage_rate,random_dirichlet,degree_exponent_succ,degree_exponent_dis,degree_exponent_tran
random,212,500,62.064,37.327904,6.109656618828917,2.965745283018868,628.738,62.2,125.00580000000002,0.29339622641509433,"[10, 10, 10]",-0.5,0.8,0.0
degreeTopM,212,500,30.136,25.153504,5.015326908587316,2.3471509433962265,497.596,30.34,79.9976,0.1431132075471698,"[10, 10, 10]",-0.5,0.8,0.0
pageRank,212,500,32.724,26.779824,5.174922608116956,2.4111226415094342,511.1580000000001,32.892,83.9238,0.15515094339622643,"[10, 10, 10]",-0.5,0.8,0.0
alpha_sort,212,500,112.528,50.509216,7.106983607691803,2.3598113207547167,500.2799999999999,112.926,162.755,0.5326698113207547,"[10, 10, 10]",-0.5,0.8,0.0
ris_path_aware,212,500,107.036,49.370704,7.026428964986411,3.8285566037735848,811.654,107.886,188.6264,0.5088962264150944,"[10, 10, 10]",-0.5,0.8,0.0
1hop_sort,212,500,118.226,51.62692399999999,7.185187819396233,2.5505188679245285,540.71,123.528,174.948,0.5826792452830188,"[10, 10, 10]",-0.5,0.8,0.0
