method,seed_num,num_sims,E_activated_users,variance,std_deviation,avg_steps,total_steps,E_redemptions,comprehensive_score,usage_rate,random_dirichlet,degree_exponent_succ,degree_exponent_dis,degree_exponent_tran
random,224,500,66.33,45.7731,6.765582014874995,3.059910714285714,685.42,66.774,135.094,0.2980982142857143,"[10, 10, 10]",-0.5,0.8,0.0
degreeTopM,224,500,33.378,29.335116000000003,5.416190173913764,2.351089285714286,526.644,33.67,86.1884,0.15031250000000002,"[10, 10, 10]",-0.5,0.8,0.0
pageRank,224,500,35.338,29.335756,5.416249255711927,2.402125,538.076,35.594,89.27360000000002,0.15890178571428573,"[10, 10, 10]",-0.5,0.8,0.0
alpha_sort,224,500,116.604,55.007184,7.416682816461818,2.367580357142857,530.338,117.062,169.8668,0.5225982142857143,"[10, 10, 10]",-0.5,0.8,0.0
ris_path_aware,224,500,110.526,52.477324,7.244123411428053,3.9344285714285716,881.312,111.352,199.0702,0.49710714285714286,"[10, 10, 10]",-0.5,0.8,0.0
1hop_sort,224,500,121.056,45.452864,6.741873923472612,2.5759375,577.01,131.184,183.821,0.5856428571428571,"[10, 10, 10]",-0.5,0.8,0.0
