method,seed_num,num_sims,E_activated_users,variance,std_deviation,avg_steps,total_steps,E_redemptions,comprehensive_score,usage_rate,random_dirichlet,degree_exponent_succ,degree_exponent_dis,degree_exponent_tran
random,140,500,87.768,30.674917,5.538494,1.10375,154.525,88.249,103.461,0.63035,"[10, 10, 10]",-0.5,0.8,0.0
degreeTopM,140,500,57.336,35.799104,5.983235,1.09769,153.6766,57.88,72.97566,0.41343,"[10, 10, 10]",-0.5,0.8,0.0
pageRank,140,500,59.15,30.1395,5.489945,1.09783,153.6962,59.518,74.70362,0.42513,"[10, 10, 10]",-0.5,0.8,0.0
alpha_sort,140,500,105.673,15.028129,3.876613,0.96892,135.6488,105.714,119.25838,0.7551,"[10, 10, 10]",-0.5,0.8,0.0
ris_optimized,140,500,109.14,23.6564,4.863785,1.14919,160.8866,109.246,125.28166,0.78033,"[10, 10, 10]",-0.5,0.8,0.0
1hop_sort,140,500,104.608,18.008906,4.24369,1.04096,145.73377,106.638,120.19619,0.7617,"[10, 10, 10]",-0.5,0.8,0.0
monterCarlo_CELF,140,500,110.503,22.619426,4.755988,1.15812,162.1368,115.657,129.29368,0.82612,"[10, 10, 10]",-0.5,0.8,0.0
