method,seed_num,num_sims,E_activated_users,variance,std_deviation,avg_steps,total_steps,E_redemptions,comprehensive_score,usage_rate,random_dirichlet,degree_exponent_succ,degree_exponent_dis,degree_exponent_tran
random,120,500,76.514,23.512715,4.848991,1.09916,131.8992,76.95,89.92192,0.64125,"[10, 10, 10]",-0.5,0.8,0.0
degreeTopM,120,500,49.62,26.8236,5.179151,1.0994,131.928,50.04,63.0228,0.417,"[10, 10, 10]",-0.5,0.8,0.0
pageRank,120,500,51.742,26.643436,5.161728,1.09973,131.9676,52.032,65.08376,0.4336,"[10, 10, 10]",-0.5,0.8,0.0
alpha_sort,120,500,91.469,11.023458,3.320159,0.96385,115.662,91.507,103.0542,0.76256,"[10, 10, 10]",-0.5,0.8,0.0
ris_optimized,120,500,94.816,18.230144,4.269677,1.14583,137.4996,94.932,108.62396,0.7911,"[10, 10, 10]",-0.5,0.8,0.0
1hop_sort,120,500,90.092,16.228745,4.028492,1.03751,124.50144,92.074,103.53314,0.76729,"[10, 10, 10]",-0.5,0.8,0.0
monterCarlo_CELF,120,500,96.132,18.808662,4.336895,1.1675,140.1,96.828,110.49,0.8069,"[10, 10, 10]",-0.5,0.8,0.0
