method,seed_num,num_sims,E_activated_users,variance,std_deviation,avg_steps,total_steps,E_redemptions,comprehensive_score,usage_rate,random_dirichlet,degree_exponent_succ,degree_exponent_dis,degree_exponent_tran
random,80,500,51.581,15.849483,3.981141,1.09423,87.5384,51.637,60.36284,0.64546,"[10, 10, 10]",-0.5,0.8,0.0
degreeTopM,80,500,29.748,16.684496,4.084666,1.10053,88.0424,29.906,38.63124,0.37382,"[10, 10, 10]",-0.5,0.8,0.0
pageRank,80,500,30.538,17.608556,4.196255,1.09388,87.5104,30.632,39.33604,0.3829,"[10, 10, 10]",-0.5,0.8,0.0
alpha_sort,80,500,61.851,7.222458,2.687463,0.95531,76.4248,61.856,69.49598,0.7732,"[10, 10, 10]",-0.5,0.8,0.0
ris_optimized,80,500,62.798,12.545196,3.54192,1.13422,90.7376,62.832,71.88876,0.7854,"[10, 10, 10]",-0.5,0.8,0.0
1hop_sort,80,500,61.194,10.03263,3.167433,1.03118,82.49423,62.129,69.91135,0.77662,"[10, 10, 10]",-0.5,0.8,0.0
monterCarlo_CELF,80,500,63.318,12.798596,3.577513,1.1237,89.896,63.77,72.5336,0.79713,"[10, 10, 10]",-0.5,0.8,0.0
