method,seed_num,num_sims,E_activated_users,variance,std_deviation,avg_steps,total_steps,E_redemptions,comprehensive_score,usage_rate,random_dirichlet,degree_exponent_succ,degree_exponent_dis,degree_exponent_tran
random,200,500,123.237,36.651533,6.054051,1.0892,217.84,123.733,145.269,0.61866,"[10, 10, 10]",-0.5,0.8,0.0
degreeTopM,200,500,85.896,43.349184,6.58401,1.10465,220.93,87.116,108.599,0.43558,"[10, 10, 10]",-0.5,0.8,0.0
pageRank,200,500,88.146,44.592684,6.677775,1.10464,220.928,89.156,110.7438,0.44578,"[10, 10, 10]",-0.5,0.8,0.0
alpha_sort,200,500,148.883,21.966045,4.686795,0.96737,193.474,149.284,168.4309,0.74642,"[10, 10, 10]",-0.5,0.8,0.0
ris_optimized,200,500,156.248,38.510496,6.205683,1.12934,225.868,156.474,178.9478,0.78237,"[10, 10, 10]",-0.5,0.8,0.0
1hop_sort,200,500,146.92,31.511197,5.613484,1.04112,208.22408,150.07,169.31728,0.75035,"[10, 10, 10]",-0.5,0.8,0.0
monterCarlo_CELF,200,500,159.254,39.422707,6.27875,1.14198,228.396,164.274,184.6036,0.82137,"[10, 10, 10]",-0.5,0.8,0.0
