method,seed_num,num_sims,E_activated_users,variance,std_deviation,avg_steps,total_steps,E_redemptions,comprehensive_score,usage_rate,random_dirichlet,degree_exponent_succ,degree_exponent_dis,degree_exponent_tran
random,100,500,62.385,20.29277,4.50475,1.09635,109.635,62.639,73.4755,0.62639,"[10, 10, 10]",-0.5,0.8,0.0
degreeTopM,100,500,38.568,21.065376,4.589703,1.11222,111.222,38.814,49.8132,0.38814,"[10, 10, 10]",-0.5,0.8,0.0
pageRank,100,500,39.84,20.8264,4.563595,1.11464,111.464,40.026,51.0794,0.40026,"[10, 10, 10]",-0.5,0.8,0.0
alpha_sort,100,500,76.359,8.965337,2.994217,0.95821,95.821,76.397,85.9601,0.76397,"[10, 10, 10]",-0.5,0.8,0.0
ris_optimized,100,500,77.618,16.364076,4.045254,1.14688,114.688,77.706,89.1308,0.77706,"[10, 10, 10]",-0.5,0.8,0.0
1hop_sort,100,500,75.84,13.512387,3.67592,1.04291,104.29149,77.358,87.02859,0.77358,"[10, 10, 10]",-0.5,0.8,0.0
monterCarlo_CELF,100,500,78.995,15.579656,3.947107,1.16735,116.735,81.802,92.072,0.81802,"[10, 10, 10]",-0.5,0.8,0.0
