method,seed_num,num_sims,E_activated_users,variance,std_deviation,avg_steps,total_steps,E_redemptions,comprehensive_score,usage_rate,random_dirichlet,degree_exponent_succ,degree_exponent_dis,degree_exponent_tran
random,20,500,12.305,4.24478,2.060286,1.12404,22.4808,12.305,14.55308,0.61525,"[10, 10, 10]",-0.5,0.8,0.0
degreeTopM,20,500,4.876,3.476624,1.864571,1.09,21.8,4.88,7.058,0.244,"[10, 10, 10]",-0.5,0.8,0.0
pageRank,20,500,4.994,3.377964,1.837924,1.0921,21.842,4.994,7.1782,0.2497,"[10, 10, 10]",-0.5,0.8,0.0
alpha_sort,20,500,15.896,1.593278,1.262251,0.94496,18.8992,15.898,17.78692,0.7949,"[10, 10, 10]",-0.5,0.8,0.0
ris_optimized,20,500,16.104,3.097184,1.759882,1.1245,22.49,16.106,18.354,0.8053,"[10, 10, 10]",-0.5,0.8,0.0
1hop_sort,20,500,15.794,2.340895,1.529998,1.02097,20.41947,15.867,17.87235,0.79336,"[10, 10, 10]",-0.5,0.8,0.0
monterCarlo_CELF,20,500,16.384,2.989734,1.729085,1.12795,22.559,16.771,18.8334,0.83855,"[10, 10, 10]",-0.5,0.8,0.0
