method,seed_num,num_sims,E_activated_users,variance,std_deviation,avg_steps,total_steps,E_redemptions,comprehensive_score,usage_rate,random_dirichlet,degree_exponent_succ,degree_exponent_dis,degree_exponent_tran
random,160,500,102.411,31.553943,5.61729,1.09666,175.4656,102.803,120.15356,0.64252,"[10, 10, 10]",-0.5,0.8,0.0
degreeTopM,160,500,69.966,37.680844,6.138472,1.10815,177.304,70.796,88.1114,0.44248,"[10, 10, 10]",-0.5,0.8,0.0
pageRank,160,500,72.574,41.352524,6.430593,1.10804,177.2864,73.156,90.59364,0.45723,"[10, 10, 10]",-0.5,0.8,0.0
alpha_sort,160,500,119.813,18.071723,4.251085,0.96774,154.8384,119.924,135.35234,0.74952,"[10, 10, 10]",-0.5,0.8,0.0
ris_optimized,160,500,124.966,25.528844,5.052608,1.1222,179.552,125.19,143.0332,0.78244,"[10, 10, 10]",-0.5,0.8,0.0
1hop_sort,160,500,118.521,25.150145,5.014992,1.04142,166.62738,120.832,136.3394,0.7552,"[10, 10, 10]",-0.5,0.8,0.0
monterCarlo_CELF,160,500,125.373,25.082428,5.008236,1.1248,179.968,130.241,145.8038,0.81401,"[10, 10, 10]",-0.5,0.8,0.0
