method,seed_num,num_sims,E_activated_users,variance,std_deviation,avg_steps,total_steps,E_redemptions,comprehensive_score,usage_rate,random_dirichlet,degree_exponent_succ,degree_exponent_dis,degree_exponent_tran
random,60,500,38.383,10.979456,3.313526,1.09836,65.9016,38.46,45.01166,0.641,"[10, 10, 10]",-0.5,0.8,0.0
degreeTopM,60,500,21.506,13.573964,3.684286,1.0884,65.304,21.604,28.0854,0.36007,"[10, 10, 10]",-0.5,0.8,0.0
pageRank,60,500,22.344,13.337664,3.652077,1.08217,64.9302,22.374,28.85202,0.3729,"[10, 10, 10]",-0.5,0.8,0.0
alpha_sort,60,500,47.069,4.713333,2.171021,0.9488,56.928,47.079,52.7668,0.78465,"[10, 10, 10]",-0.5,0.8,0.0
ris_optimized,60,500,48.082,8.571276,2.927674,1.1274,67.644,48.096,54.8534,0.8016,"[10, 10, 10]",-0.5,0.8,0.0
1hop_sort,60,500,46.9,6.893142,2.625479,1.01345,60.80678,47.147,53.10434,0.78578,"[10, 10, 10]",-0.5,0.8,0.0
monterCarlo_CELF,60,500,48.828,8.555384,2.924959,1.14493,68.6958,50.786,56.67658,0.84643,"[10, 10, 10]",-0.5,0.8,0.0
