method,seed_num,num_sims,E_activated_users,variance,std_deviation,avg_steps,total_steps,E_redemptions,comprehensive_score,usage_rate,random_dirichlet,degree_exponent_succ,degree_exponent_dis,degree_exponent_tran
random,180,500,114.999,34.834813,5.902102,1.1022,198.396,115.589,135.1336,0.64216,"[10, 10, 10]",-0.5,0.8,0.0
degreeTopM,180,500,77.492,42.865936,6.547208,1.11757,201.1626,78.52,98.12226,0.43622,"[10, 10, 10]",-0.5,0.8,0.0
pageRank,180,500,80.678,41.886316,6.471964,1.11437,200.5866,81.492,101.14366,0.45273,"[10, 10, 10]",-0.5,0.8,0.0
alpha_sort,180,500,134.834,18.94705,4.352821,0.96946,174.5028,134.944,152.33928,0.74969,"[10, 10, 10]",-0.5,0.8,0.0
ris_optimized,180,500,141.232,28.438176,5.332746,1.1485,206.73,141.328,161.953,0.78516,"[10, 10, 10]",-0.5,0.8,0.0
1hop_sort,180,500,132.202,25.310489,5.030953,1.04471,188.04769,135.192,152.50181,0.75107,"[10, 10, 10]",-0.5,0.8,0.0
monterCarlo_CELF,180,500,142.341,27.302888,5.225217,1.14279,205.7022,143.078,163.27972,0.79488,"[10, 10, 10]",-0.5,0.8,0.0
