method,seed_num,num_sims,E_activated_users,variance,std_deviation,avg_steps,total_steps,E_redemptions,comprehensive_score,usage_rate,random_dirichlet,degree_exponent_succ,degree_exponent_dis,degree_exponent_tran
random,100,500,68.052,16.281295999999998,4.035008798007756,6.529280000000001,652.9280000000001,69.328,133.9828,0.69328,"[10, 10, 10]",0.1,0.1,0.1
degreeTopM,100,500,1.02,1.0876,1.0428806259586951,1.0,100.0,1.02,11.02,0.0102,"[10, 10, 10]",0.1,0.1,0.1
pageRank,100,500,80.594,14.885164000000001,3.8581295986526944,8.3495,834.95,83.19,165.387,0.8319,"[10, 10, 10]",0.1,0.1,0.1
alpha_sort,100,500,40.282,24.550476,4.954843690773706,1.0,100.0,40.282,50.282,0.40281999999999996,"[10, 10, 10]",0.1,0.1,0.1
ris_optimized,100,500,80.356,14.257264,3.775879235356978,8.348279999999999,834.8279999999999,82.758,165.03979999999999,0.82758,"[10, 10, 10]",0.1,0.1,0.1
ris_naive,100,500,80.752,14.646495999999999,3.8270740781960306,8.398639999999999,839.8639999999998,83.204,165.96439999999998,0.8320399999999999,"[10, 10, 10]",0.1,0.1,0.1
monterCarlo_CELF,100,500,80.784,13.389343999999998,3.6591452553841037,8.42068,842.0680000000001,83.178,166.1878,0.83178,"[10, 10, 10]",0.1,0.1,0.1
