method,seed_num,num_sims,E_activated_users,variance,std_deviation,avg_steps,total_steps,E_redemptions,comprehensive_score,usage_rate,random_dirichlet,degree_exponent_succ,degree_exponent_dis,degree_exponent_tran
random,200,500,108.304,44.127584000000006,6.642859625191549,6.08626,1217.252,112.632,232.1932,0.56316,"[10, 10, 10]",0.1,0.1,0.1
degreeTopM,200,500,120.85,41.3995,6.434244322373841,7.86141,1572.2820000000002,128.084,281.6952,0.64042,"[10, 10, 10]",0.1,0.1,0.1
pageRank,200,500,120.694,41.400364,6.434311462775175,7.87276,1574.5520000000001,127.978,281.7912,0.63989,"[10, 10, 10]",0.1,0.1,0.1
alpha_sort,200,500,79.638,49.270956,7.0193273181979485,1.0,200.0,79.638,99.638,0.39819000000000004,"[10, 10, 10]",0.1,0.1,0.1
ris_optimized,200,500,123.556,39.918864000000006,6.318137700303786,7.83582,1567.164,129.982,283.4854,0.64991,"[10, 10, 10]",0.1,0.1,0.1
ris_naive,200,500,122.986,42.177804,6.4944440870639575,7.71639,1543.278,129.278,280.45980000000003,0.6463899999999999,"[10, 10, 10]",0.1,0.1,0.1
monterCarlo_CELF,200,500,119.68,42.65759999999999,6.531278588454177,7.31386,1462.772,125.522,268.8782,0.62761,"[10, 10, 10]",0.1,0.1,0.1
