method,seed_num,num_sims,E_activated_users,variance,std_deviation,avg_steps,total_steps,E_redemptions,comprehensive_score,usage_rate,random_dirichlet,degree_exponent_succ,degree_exponent_dis,degree_exponent_tran
random,100,500,54.47,19.6491,4.432730535460057,5.8645,586.4499999999999,55.638,113.699,0.55638,"[10, 10, 10]",0.1,0.1,0.1
degreeTopM,100,500,60.674,23.359724,4.833189836950335,8.00846,800.846,62.238,141.5406,0.62238,"[10, 10, 10]",0.1,0.1,0.1
pageRank,100,500,60.64,20.910400000000003,4.572789083261987,8.039399999999999,803.9399999999998,62.356,141.892,0.62356,"[10, 10, 10]",0.1,0.1,0.1
alpha_sort,100,500,40.254,23.809484,4.879496285478656,1.0,100.0,40.254,50.254,0.40253999999999995,"[10, 10, 10]",0.1,0.1,0.1
ris_optimized,100,500,63.526,22.897324,4.785114836657528,7.904,790.4,65.142,143.37400000000002,0.65142,"[10, 10, 10]",0.1,0.1,0.1
ris_naive,100,500,62.708,20.742735999999997,4.554419392194794,7.62692,762.692,64.256,139.75119999999998,0.64256,"[10, 10, 10]",0.1,0.1,0.1
monterCarlo_CELF,100,500,62.892,24.140335999999998,4.913281591767359,7.734559999999999,773.4559999999999,64.372,140.9776,0.64372,"[10, 10, 10]",0.1,0.1,0.1
