method,seed_num,num_sims,E_activated_users,variance,std_deviation,avg_steps,total_steps,E_redemptions,comprehensive_score,usage_rate,random_dirichlet,degree_exponent_succ,degree_exponent_dis,degree_exponent_tran
random,150,500,84.326,34.527724,5.876029611906326,6.292933333333333,943.9399999999999,86.902,180.008,0.5793466666666667,"[10, 10, 10]",0.1,0.1,0.1
degreeTopM,150,500,90.758,33.475436,5.7857960558595565,7.904773333333335,1185.7160000000001,94.864,211.38260000000002,0.6324266666666667,"[10, 10, 10]",0.1,0.1,0.1
pageRank,150,500,90.832,33.259776,5.767128921742604,7.878293333333333,1181.744,94.966,211.0734,0.6331066666666666,"[10, 10, 10]",0.1,0.1,0.1
alpha_sort,150,500,59.886,34.713004,5.8917742658727175,1.0,150.0,59.886,74.886,0.39924000000000004,"[10, 10, 10]",0.1,0.1,0.1
ris_optimized,150,500,94.442,31.958636,5.653196971625878,7.915666666666667,1187.35,98.088,215.0,0.65392,"[10, 10, 10]",0.1,0.1,0.1
ris_naive,150,500,93.844,30.423664000000002,5.515765042131509,7.804426666666666,1170.664,97.344,212.66039999999998,0.64896,"[10, 10, 10]",0.1,0.1,0.1
monterCarlo_CELF,150,500,92.96,32.9264,5.738153012947633,7.56904,1135.356,96.252,208.14159999999998,0.6416799999999999,"[10, 10, 10]",0.1,0.1,0.1
