method,seed_num,num_sims,E_activated_users,variance,std_deviation,avg_steps,total_steps,E_redemptions,comprehensive_score,usage_rate,random_dirichlet,degree_exponent_succ,degree_exponent_dis,degree_exponent_tran
random,80,500,45.42,16.439600000000002,4.05457765988025,6.350725000000001,508.05800000000005,46.252,96.6418,0.57815,"[10, 10, 10]",0.1,0.1,0.1
degreeTopM,80,500,48.632,18.692576000000003,4.32349118190381,8.112599999999999,649.0079999999999,49.8,114.11679999999998,0.6224999999999999,"[10, 10, 10]",0.1,0.1,0.1
pageRank,80,500,48.574,17.856523999999997,4.225698048843528,8.07,645.6,49.736,113.715,0.6216999999999999,"[10, 10, 10]",0.1,0.1,0.1
alpha_sort,80,500,31.832,17.775775999999997,4.216132825232146,1.0,80.0,31.832,39.832,0.39790000000000003,"[10, 10, 10]",0.1,0.1,0.1
ris_optimized,80,500,51.14,17.784399999999998,4.217155439392767,7.929925,634.394,52.108,115.0634,0.65135,"[10, 10, 10]",0.1,0.1,0.1
ris_naive,80,500,51.03,18.625100000000003,4.315680711081393,7.857075000000001,628.566,52.12,114.4316,0.6515,"[10, 10, 10]",0.1,0.1,0.1
monterCarlo_CELF,80,500,48.944,18.308864,4.278885836289629,7.232725,578.618,49.92,107.2938,0.624,"[10, 10, 10]",0.1,0.1,0.1
