method,seed_num,num_sims,E_activated_users,variance,std_deviation,avg_steps,total_steps,E_redemptions,comprehensive_score,usage_rate,random_dirichlet,degree_exponent_succ,degree_exponent_dis,degree_exponent_tran
random,30,500,26.856,2.5792640000000002,1.6060087172864288,4.539466666666667,136.184,26.952,40.522400000000005,0.8984000000000001,"[10, 10, 10]",0.1,0.1,0.1
degreeTopM,30,500,26.816,2.7061439999999997,1.64503616981512,4.621199999999999,138.63599999999997,27.568,41.0556,0.9189333333333334,"[10, 10, 10]",0.1,0.1,0.1
pageRank,30,500,26.772,2.9160159999999995,1.707634621340291,4.5928,137.78400000000002,27.322,40.8254,0.9107333333333333,"[10, 10, 10]",0.1,0.1,0.1
alpha_sort,30,500,26.488,2.5618559999999997,1.6005798949130905,4.7252,141.756,28.342,41.5906,0.9447333333333333,"[10, 10, 10]",0.1,0.1,0.1
ris_optimized,30,500,27.328,2.2604159999999998,1.5034679910127784,4.624666666666666,138.73999999999998,27.56,41.318,0.9186666666666666,"[10, 10, 10]",0.1,0.1,0.1
1hop_sort,30,500,26.808,2.7271360000000002,1.6514042509331264,4.5936,137.80800000000002,27.294,40.8318,0.9098,"[10, 10, 10]",0.1,0.1,0.1
