method,seed_num,num_sims,E_activated_users,variance,std_deviation,avg_steps,total_steps,E_redemptions,comprehensive_score,usage_rate,random_dirichlet,degree_exponent_succ,degree_exponent_dis,degree_exponent_tran
random,10,500,9.134,0.824044,0.9077686930049967,4.5772,45.772000000000006,9.144,13.7162,0.9144,"[10, 10, 10]",0.1,0.1,0.1
degreeTopM,10,500,9.14,0.7644000000000001,0.8742997197757758,4.6148,46.147999999999996,9.23,13.799800000000001,0.923,"[10, 10, 10]",0.1,0.1,0.1
pageRank,10,500,9.004,0.8959840000000001,0.9465643137156609,4.5428000000000015,45.42800000000001,9.046,13.5678,0.9046,"[10, 10, 10]",0.1,0.1,0.1
alpha_sort,10,500,9.26,0.5963999999999999,0.7722693830523129,4.6674,46.674,9.348,13.9714,0.9348000000000001,"[10, 10, 10]",0.1,0.1,0.1
ris_optimized,10,500,9.224,0.7938240000000002,0.8909680128938413,4.6182,46.182,9.236,13.848200000000002,0.9236000000000001,"[10, 10, 10]",0.1,0.1,0.1
1hop_sort,10,500,8.962,0.9125559999999999,0.9552779700171045,4.5214,45.214,8.968,13.4864,0.8968,"[10, 10, 10]",0.1,0.1,0.1
