method,seed_num,num_sims,E_activated_users,variance,std_deviation,avg_steps,total_steps,E_redemptions,comprehensive_score,usage_rate,random_dirichlet,degree_exponent_succ,degree_exponent_dis,degree_exponent_tran
random,90,500,71.542,8.864236,2.9772866842143366,4.112777777777778,370.15,72.452,109.012,0.8050222222222222,"[10, 10, 10]",0.1,0.1,0.1
degreeTopM,90,500,77.468,9.900975999999998,3.1465816372692443,4.594177777777778,413.47600000000006,82.246,121.2046,0.9138444444444443,"[10, 10, 10]",0.1,0.1,0.1
pageRank,90,500,77.808,11.367136,3.371518352315467,4.563977777777778,410.758,81.572,120.7658,0.9063555555555556,"[10, 10, 10]",0.1,0.1,0.1
alpha_sort,90,500,74.152,11.296896,3.36108553892935,4.735711111111111,426.21399999999994,85.236,122.3154,0.9470666666666667,"[10, 10, 10]",0.1,0.1,0.1
ris_optimized,90,500,80.332,8.941775999999999,2.9902802544243237,4.594844444444444,413.53599999999994,82.26,122.64959999999999,0.914,"[10, 10, 10]",0.1,0.1,0.1
1hop_sort,90,500,78.67,9.753100000000002,3.1229953570250473,4.586,412.74,82.094,121.656,0.9121555555555555,"[10, 10, 10]",0.1,0.1,0.1
