method,seed_num,num_sims,E_activated_users,variance,std_deviation,avg_steps,total_steps,E_redemptions,comprehensive_score,usage_rate,random_dirichlet,degree_exponent_succ,degree_exponent_dis,degree_exponent_tran
random,100,500,80.98,9.443599999999998,3.0730440934031518,4.196,419.59999999999997,82.13,123.51500000000001,0.8212999999999999,"[10, 10, 10]",0.1,0.1,0.1
degreeTopM,100,500,85.96,11.0544,3.3248157843706165,4.5868400000000005,458.684,91.438,134.56740000000002,0.91438,"[10, 10, 10]",0.1,0.1,0.1
pageRank,100,500,85.75,12.2835,3.504782446885969,4.5399400000000005,453.994,90.26,133.4044,0.9026000000000001,"[10, 10, 10]",0.1,0.1,0.1
alpha_sort,100,500,81.458,12.812236,3.5794183885095077,4.73212,473.212,94.76,135.4302,0.9476,"[10, 10, 10]",0.1,0.1,0.1
ris_optimized,100,500,89.414,9.694604,3.1136159043787015,4.60634,460.634,91.836,136.6884,0.91836,"[10, 10, 10]",0.1,0.1,0.1
1hop_sort,100,500,87.098,9.912396,3.1483957819816744,4.595899999999999,459.5899999999999,91.576,135.296,0.9157599999999999,"[10, 10, 10]",0.1,0.1,0.1
