method,seed_num,num_sims,E_activated_users,variance,std_deviation,avg_steps,total_steps,E_redemptions,comprehensive_score,usage_rate,random_dirichlet,degree_exponent_succ,degree_exponent_dis,degree_exponent_tran
random,60,500,50.368,5.456575999999999,2.335931505845152,4.309,258.54,50.894,76.485,0.8482333333333333,"[10, 10, 10]",0.1,0.1,0.1
degreeTopM,60,500,52.42,6.2436,2.4987196721521205,4.599733333333334,275.98400000000004,54.954,81.28540000000001,0.9159,"[10, 10, 10]",0.1,0.1,0.1
pageRank,60,500,52.57,6.3290999999999995,2.515770259781286,4.559366666666667,273.562,54.366,80.8242,0.9061,"[10, 10, 10]",0.1,0.1,0.1
alpha_sort,60,500,50.614,6.845004000000001,2.616295854829878,4.726566666666667,283.594,56.834,82.08340000000001,0.9472333333333334,"[10, 10, 10]",0.1,0.1,0.1
ris_optimized,60,500,54.492,4.9459360000000006,2.223946042510924,4.6353,278.118,55.394,82.7548,0.9232333333333334,"[10, 10, 10]",0.1,0.1,0.1
1hop_sort,60,500,53.484,5.6537440000000005,2.3777602906937445,4.614466666666666,276.86799999999994,55.152,82.00479999999999,0.9192,"[10, 10, 10]",0.1,0.1,0.1
