method,seed_num,num_sims,E_activated_users,variance,std_deviation,avg_steps,total_steps,E_redemptions,comprehensive_score,usage_rate,random_dirichlet,degree_exponent_succ,degree_exponent_dis,degree_exponent_tran
random,70,500,55.79,6.3259,2.515134191251035,4.103114285714286,287.218,56.196,84.7148,0.8028,"[10, 10, 10]",0.1,0.1,0.1
degreeTopM,70,500,60.978,7.821516000000001,2.7966973379327267,4.591714285714286,321.42,64.142,94.702,0.9163142857142856,"[10, 10, 10]",0.1,0.1,0.1
pageRank,70,500,61.028,6.523216,2.554058730726449,4.549428571428572,318.46000000000004,63.458,94.089,0.9065428571428571,"[10, 10, 10]",0.1,0.1,0.1
alpha_sort,70,500,58.86,8.252399999999998,2.872699079263263,4.725428571428571,330.78,66.31,95.663,0.9472857142857143,"[10, 10, 10]",0.1,0.1,0.1
ris_optimized,70,500,63.568,5.773375999999998,2.402785050727592,4.6291714285714285,324.042,64.73,96.5532,0.9247142857142858,"[10, 10, 10]",0.1,0.1,0.1
1hop_sort,70,500,61.864,7.221503999999999,2.687285619356454,4.5726571428571425,320.08599999999996,63.876,94.87859999999999,0.9125142857142857,"[10, 10, 10]",0.1,0.1,0.1
