method,seed_num,num_sims,E_activated_users,variance,std_deviation,avg_steps,total_steps,E_redemptions,comprehensive_score,usage_rate,random_dirichlet,degree_exponent_succ,degree_exponent_dis,degree_exponent_tran
random,20,500,17.21,1.8258999999999999,1.3512586724976088,4.356700000000001,87.13400000000001,17.232,25.934400000000004,0.8615999999999999,"[10, 10, 10]",0.1,0.1,0.1
degreeTopM,20,500,18.042,1.7002360000000003,1.3039309797684846,4.603200000000001,92.06400000000002,18.356,27.405400000000004,0.9178000000000001,"[10, 10, 10]",0.1,0.1,0.1
pageRank,20,500,17.838,1.7157559999999998,1.309868695709612,4.551,91.02000000000001,18.092,27.067,0.9046,"[10, 10, 10]",0.1,0.1,0.1
alpha_sort,20,500,18.24,1.4264000000000001,1.1943198901466894,4.713700000000001,94.27400000000003,18.864,27.979400000000005,0.9432,"[10, 10, 10]",0.1,0.1,0.1
ris_optimized,20,500,18.358,1.513836,1.230380428973088,4.618,92.36000000000001,18.444,27.637,0.9221999999999999,"[10, 10, 10]",0.1,0.1,0.1
1hop_sort,20,500,17.932,1.7993759999999996,1.3414082152722935,4.536199999999999,90.72399999999999,18.052,27.0644,0.9026,"[10, 10, 10]",0.1,0.1,0.1
