method,seed_num,num_sims,E_activated_users,variance,std_deviation,avg_steps,total_steps,E_redemptions,comprehensive_score,usage_rate,random_dirichlet,degree_exponent_succ,degree_exponent_dis,degree_exponent_tran
random,328,600,95.55,73.59416666666667,8.578704253362897,2.976493902439024,976.2899999999998,96.10166666666667,193.45483333333334,0.2929928861788618,"[10, 10, 10]",-0.5,0.8,0.0
degreeTopM,328,600,50.43,40.72176666666666,6.381360878893049,2.3778201219512196,779.9250000000001,50.958333333333336,128.68666666666667,0.15536077235772358,"[10, 10, 10]",-0.5,0.8,0.0
pageRank,328,600,52.78,41.41160000000001,6.435184535038603,2.4210010162601625,794.0883333333333,53.27333333333333,132.4355,0.16241869918699187,"[10, 10, 10]",-0.5,0.8,0.0
alpha_sort,328,600,166.26333333333332,76.50732222222223,8.746846415835952,2.3979928861788617,786.5416666666666,167.26333333333332,245.4175,0.5099491869918699,"[10, 10, 10]",-0.5,0.8,0.0
ris_path_aware,328,600,161.13166666666666,82.19099722222221,9.065925061582089,3.839654471544715,1259.4066666666665,162.48333333333332,287.74816666666663,0.4953760162601626,"[10, 10, 10]",-0.5,0.8,0.0
1hop_sort,328,600,171.245,71.59497499999999,8.46138138840225,2.5815345528455285,846.7433333333333,185.96833333333333,263.281,0.5669766260162602,"[10, 10, 10]",-0.5,0.8,0.0
