method,seed_num,num_sims,E_activated_users,variance,std_deviation,avg_steps,total_steps,E_redemptions,comprehensive_score,usage_rate,random_dirichlet,degree_exponent_succ,degree_exponent_dis,degree_exponent_tran
random,112,500,33.552,22.079296,4.698861138616462,3.0680714285714283,343.62399999999997,33.61,67.9434,0.3000892857142857,"[10, 10, 10]",-0.5,0.8,0.0
degreeTopM,112,500,15.04,12.4984,3.535307624521521,2.317660714285714,259.578,15.066,41.0108,0.13451785714285716,"[10, 10, 10]",-0.5,0.8,0.0
pageRank,112,500,17.024,13.623423999999998,3.6909922785072307,2.383321428571429,266.9320000000001,17.086,43.74820000000001,0.15255357142857143,"[10, 10, 10]",-0.5,0.8,0.0
alpha_sort,112,500,61.666,27.538444000000002,5.247708452267523,2.2884821428571427,256.31,61.806,87.36699999999999,0.5518392857142856,"[10, 10, 10]",-0.5,0.8,0.0
ris_path_aware,112,500,57.944,29.264864000000003,5.4097009159472025,3.899607142857143,436.75600000000003,58.22,101.7576,0.5198214285714285,"[10, 10, 10]",-0.5,0.8,0.0
1hop_sort,112,500,64.884,24.886544,4.988641498444241,2.53575,284.004,67.922,94.8034,0.6064464285714285,"[10, 10, 10]",-0.5,0.8,0.0
