method,seed_num,num_sims,E_activated_users,variance,std_deviation,avg_steps,total_steps,E_redemptions,comprehensive_score,usage_rate,random_dirichlet,degree_exponent_succ,degree_exponent_dis,degree_exponent_tran
random,352,600,103.16,68.5344,8.278550597779784,3.0093513257575757,1059.2916666666667,103.61166666666666,209.315,0.2943513257575758,"[10, 10, 10]",-0.5,0.8,0.0
degreeTopM,352,600,52.09166666666667,49.076597222222226,7.005469093659769,2.3907433712121207,841.5416666666665,52.74666666666667,136.57333333333332,0.14984848484848487,"[10, 10, 10]",-0.5,0.8,0.0
pageRank,352,600,56.846666666666664,46.75982222222222,6.8381153998906905,2.4349621212121213,857.1066666666667,57.388333333333335,142.82816666666668,0.1630350378787879,"[10, 10, 10]",-0.5,0.8,0.0
alpha_sort,352,600,178.09833333333333,79.35533055555555,8.908160896366631,2.404649621212121,846.4366666666665,178.645,263.01533333333333,0.5075142045454546,"[10, 10, 10]",-0.5,0.8,0.0
ris_path_aware,352,600,169.90666666666667,84.09462222222221,9.170312002446929,3.7893986742424244,1333.8683333333333,171.16666666666666,303.9235,0.4862689393939394,"[10, 10, 10]",-0.5,0.8,0.0
1hop_sort,352,600,187.86833333333334,80.59766388888889,8.977620168446029,2.5828125,909.1500000000001,195.54333333333332,282.62083333333334,0.5555208333333334,"[10, 10, 10]",-0.5,0.8,0.0
