method,seed_num,num_sims,E_activated_users,variance,std_deviation,avg_steps,total_steps,E_redemptions,comprehensive_score,usage_rate,random_dirichlet,degree_exponent_succ,degree_exponent_dis,degree_exponent_tran
random,100,500,29.116,5.810544000000001,2.410507000612112,2.0236799999999997,202.36799999999997,29.124,49.35679999999999,0.29124,"[10, 10, 10]",0.1,0.1,0.1
degreeTopM,100,500,0.12,0.10559999999999999,0.3249615361854384,1.0235999999999998,102.35999999999999,0.12,10.355999999999998,0.0012,"[10, 10, 10]",0.1,0.1,0.1
pageRank,100,500,0.124,0.10862399999999997,0.3295815528818322,1.02338,102.338,0.124,10.357800000000001,0.00124,"[10, 10, 10]",0.1,0.1,0.1
alpha_sort,100,500,98.996,1.031984,1.0158661329131904,1.0,100.0,98.996,108.996,0.98996,"[10, 10, 10]",0.1,0.1,0.1
ris_optimized,100,500,98.996,1.031984,1.0158661329131904,1.0,100.0,98.996,108.996,0.98996,"[10, 10, 10]",0.1,0.1,0.1
ris_naive,100,500,98.996,1.031984,1.0158661329131904,1.0,100.0,98.996,108.996,0.98996,"[10, 10, 10]",0.1,0.1,0.1
monterCarlo_CELF,100,500,98.996,1.031984,1.0158661329131904,1.0,100.0,98.996,108.996,0.98996,"[10, 10, 10]",0.1,0.1,0.1
