method,seed_num,num_sims,E_activated_users,variance,std_deviation,avg_steps,total_steps,E_redemptions,comprehensive_score,usage_rate,random_dirichlet,degree_exponent_succ,degree_exponent_dis,degree_exponent_tran
random,150,500,28.182,8.292876,2.8797354045120187,2.2012666666666663,330.18999999999994,28.208,61.214,0.18805333333333332,"[10, 10, 10]",0.1,0.1,0.1
degreeTopM,150,500,5.31,4.4979,2.12082531105228,1.67224,250.83599999999998,5.334,30.4056,0.035559999999999994,"[10, 10, 10]",0.1,0.1,0.1
pageRank,150,500,5.312,4.354656,2.0867812535098165,1.6784666666666668,251.77,5.328,30.497000000000003,0.03552,"[10, 10, 10]",0.1,0.1,0.1
alpha_sort,150,500,148.57,1.3131000000000002,1.1459057552870568,1.0,150.0,148.57,163.57,0.9904666666666666,"[10, 10, 10]",0.1,0.1,0.1
ris_optimized,150,500,148.57,1.3131000000000002,1.1459057552870568,1.0,150.0,148.57,163.57,0.9904666666666666,"[10, 10, 10]",0.1,0.1,0.1
ris_naive,150,500,148.57,1.3131000000000002,1.1459057552870568,1.0,150.0,148.57,163.57,0.9904666666666666,"[10, 10, 10]",0.1,0.1,0.1
monterCarlo_CELF,150,500,148.57,1.3131000000000002,1.1459057552870568,1.0,150.0,148.57,163.57,0.9904666666666666,"[10, 10, 10]",0.1,0.1,0.1
