method,seed_num,num_sims,E_activated_users,variance,std_deviation,avg_steps,total_steps,E_redemptions,comprehensive_score,usage_rate,random_dirichlet,degree_exponent_succ,degree_exponent_dis,degree_exponent_tran
random,200,500,41.806,11.524363999999998,3.394755366738522,2.16162,432.324,41.844,85.0574,0.20922000000000002,"[10, 10, 10]",0.1,0.1,0.1
degreeTopM,200,500,10.02,10.487600000000002,3.238456422433379,1.94619,389.238,10.094,48.9808,0.050469999999999994,"[10, 10, 10]",0.1,0.1,0.1
pageRank,200,500,10.026,9.665324,3.108910420066812,1.9581399999999998,391.62799999999993,10.1,49.22579999999999,0.050499999999999996,"[10, 10, 10]",0.1,0.1,0.1
alpha_sort,200,500,198.172,1.7824160000000007,1.3350715336640209,1.0,200.0,198.172,218.172,0.99086,"[10, 10, 10]",0.1,0.1,0.1
ris_optimized,200,500,198.172,1.7824160000000007,1.3350715336640209,1.0,200.0,198.172,218.172,0.99086,"[10, 10, 10]",0.1,0.1,0.1
ris_naive,200,500,198.172,1.7824160000000007,1.3350715336640209,1.0,200.0,198.172,218.172,0.99086,"[10, 10, 10]",0.1,0.1,0.1
monterCarlo_CELF,200,500,198.172,1.7824160000000007,1.3350715336640209,1.0,200.0,198.172,218.172,0.99086,"[10, 10, 10]",0.1,0.1,0.1
