method,seed_num,num_sims,E_activated_users,variance,std_deviation,avg_steps,total_steps,E_redemptions,comprehensive_score,usage_rate,random_dirichlet,degree_exponent_succ,degree_exponent_dis,degree_exponent_tran
random,50,500,33.195,5.781563,2.404488,3.66082,183.04094,35.463,52.63336,0.70926,"[10, 10, 10]",0.1,0.1,0.1
degreeTopM,50,500,38.62,6.03249,2.456113,4.3108,215.53982,42.946,62.33666,0.85892,"[10, 10, 10]",0.1,0.1,0.1
pageRank,50,500,38.763,5.819049,2.41227,4.25415,212.70742,42.331,61.81771,0.84662,"[10, 10, 10]",0.1,0.1,0.1
alpha_sort,50,500,30.34,6.568156,2.562841,4.33186,216.59324,43.159,58.40874,0.86318,"[10, 10, 10]",0.1,0.1,0.1
ris_optimized,50,500,43.02,4.9316,2.220721,4.625,231.25,46.298,67.784,0.92596,"[10, 10, 10]",0.1,0.1,0.1
1hop_sort,50,500,37.534,7.564844,2.750426,4.62168,231.084,46.262,65.0064,0.92524,"[10, 10, 10]",0.1,0.1,0.1
monterCarlo_CELF,50,500,42.728,4.888786,2.21106,4.61625,230.8126,47.009,67.94992,0.94019,"[10, 10, 10]",0.1,0.1,0.1
