method,seed_num,num_sims,E_activated_users,variance,std_deviation,avg_steps,total_steps,E_redemptions,comprehensive_score,usage_rate,random_dirichlet,degree_exponent_succ,degree_exponent_dis,degree_exponent_tran
random,90,500,65.277,10.606186,3.256714,4.13548,372.19288,73.518,106.61697,0.81687,"[10, 10, 10]",0.1,0.1,0.1
degreeTopM,90,500,62.829,10.553149,3.248561,4.20016,378.01482,74.909,106.67051,0.83232,"[10, 10, 10]",0.1,0.1,0.1
pageRank,90,500,64.798,10.646092,3.262835,4.21706,379.53578,75.251,107.97788,0.83612,"[10, 10, 10]",0.1,0.1,0.1
alpha_sort,90,500,54.962,13.503567,3.67472,4.35379,391.8412,78.023,105.67665,0.86692,"[10, 10, 10]",0.1,0.1,0.1
ris_optimized,90,500,73.544,12.992064,3.604451,4.64411,417.97,83.554,120.346,0.92838,"[10, 10, 10]",0.1,0.1,0.1
1hop_sort,90,500,66.962,13.080556,3.616705,4.61604,415.444,82.976,116.5134,0.92196,"[10, 10, 10]",0.1,0.1,0.1
monterCarlo_CELF,90,500,73.527,13.300015,3.646919,4.68388,421.54884,83.568,120.70258,0.92854,"[10, 10, 10]",0.1,0.1,0.1
