method,seed_num,num_sims,E_activated_users,variance,std_deviation,avg_steps,total_steps,E_redemptions,comprehensive_score,usage_rate,random_dirichlet,degree_exponent_succ,degree_exponent_dis,degree_exponent_tran
random,60,500,43.256,7.200862,2.683442,3.94826,236.89534,46.376,68.50547,0.77293,"[10, 10, 10]",0.1,0.1,0.1
degreeTopM,60,500,44.731,7.866869,2.804794,4.27136,256.28176,50.78,73.38322,0.84632,"[10, 10, 10]",0.1,0.1,0.1
pageRank,60,500,45.718,7.503279,2.739211,4.25258,255.15462,50.545,73.64686,0.84241,"[10, 10, 10]",0.1,0.1,0.1
alpha_sort,60,500,37.285,9.158867,3.026362,4.36474,261.88448,52.103,70.88217,0.86838,"[10, 10, 10]",0.1,0.1,0.1
ris_optimized,60,500,51.096,6.310784,2.512127,4.62873,277.724,55.496,81.0684,0.92493,"[10, 10, 10]",0.1,0.1,0.1
1hop_sort,60,500,44.882,8.456076,2.907933,4.6427,278.562,55.696,78.1452,0.92827,"[10, 10, 10]",0.1,0.1,0.1
monterCarlo_CELF,60,500,51.843,6.299083,2.509797,4.70071,282.04248,56.193,82.22247,0.93655,"[10, 10, 10]",0.1,0.1,0.1
