method,seed_num,num_sims,E_activated_users,variance,std_deviation,avg_steps,total_steps,E_redemptions,comprehensive_score,usage_rate,random_dirichlet,degree_exponent_succ,degree_exponent_dis,degree_exponent_tran
random,20,500,16.118,1.773167,1.331603,4.15325,83.06498,16.57,24.65003,0.82848,"[10, 10, 10]",0.1,0.1,0.1
degreeTopM,20,500,16.707,2.049115,1.431473,4.35268,87.05362,17.505,25.81131,0.87523,"[10, 10, 10]",0.1,0.1,0.1
pageRank,20,500,16.655,2.259195,1.503062,4.36839,87.3679,17.565,25.84662,0.87824,"[10, 10, 10]",0.1,0.1,0.1
alpha_sort,20,500,15.095,2.459659,1.56833,4.46811,89.36222,18.058,25.51255,0.90288,"[10, 10, 10]",0.1,0.1,0.1
ris_optimized,20,500,18.006,1.749964,1.322862,4.6254,92.508,18.712,27.6098,0.9356,"[10, 10, 10]",0.1,0.1,0.1
1hop_sort,20,500,15.854,2.536684,1.592697,4.5153,90.306,18.158,26.0366,0.9079,"[10, 10, 10]",0.1,0.1,0.1
monterCarlo_CELF,20,500,18.309,1.689253,1.299713,4.63959,92.79172,18.859,27.86362,0.94297,"[10, 10, 10]",0.1,0.1,0.1
