method,seed_num,num_sims,E_activated_users,variance,std_deviation,avg_steps,total_steps,E_redemptions,comprehensive_score,usage_rate,random_dirichlet,degree_exponent_succ,degree_exponent_dis,degree_exponent_tran
random,30,500,24.417,2.817446,1.678525,4.20223,126.06702,25.148,37.38923,0.83827,"[10, 10, 10]",0.1,0.1,0.1
degreeTopM,30,500,24.588,2.923278,1.70976,4.39132,131.73958,26.378,38.65683,0.87927,"[10, 10, 10]",0.1,0.1,0.1
pageRank,30,500,24.494,3.188236,1.785563,4.35103,130.53096,26.13,38.36525,0.871,"[10, 10, 10]",0.1,0.1,0.1
alpha_sort,30,500,20.725,4.343236,2.084043,4.51218,135.36544,27.197,37.49748,0.90656,"[10, 10, 10]",0.1,0.1,0.1
ris_optimized,30,500,26.768,2.778176,1.666786,4.64173,139.252,27.984,41.3012,0.9328,"[10, 10, 10]",0.1,0.1,0.1
1hop_sort,30,500,23.046,4.419884,2.102352,4.60487,138.146,27.692,39.1836,0.92307,"[10, 10, 10]",0.1,0.1,0.1
monterCarlo_CELF,30,500,27.071,2.83251,1.683006,4.7236,141.70812,27.929,41.67074,0.93097,"[10, 10, 10]",0.1,0.1,0.1
