method,seed_num,num_sims,E_activated_users,variance,std_deviation,avg_steps,total_steps,E_redemptions,comprehensive_score,usage_rate,random_dirichlet,degree_exponent_succ,degree_exponent_dis,degree_exponent_tran
random,10,500,7.756,0.876904,0.936431,3.94344,39.43438,7.799,11.7209,0.77988,"[10, 10, 10]",0.1,0.1,0.1
degreeTopM,10,500,8.687,0.837461,0.915129,4.42766,44.27662,8.94,13.24108,0.89395,"[10, 10, 10]",0.1,0.1,0.1
pageRank,10,500,8.804,0.76234,0.873121,4.4651,44.65104,9.021,13.37746,0.9021,"[10, 10, 10]",0.1,0.1,0.1
alpha_sort,10,500,8.103,1.201232,1.096007,4.46375,44.63746,9.035,13.03273,0.90346,"[10, 10, 10]",0.1,0.1,0.1
ris_optimized,10,500,9.282,0.674476,0.821265,4.6452,46.452,9.422,13.9972,0.9422,"[10, 10, 10]",0.1,0.1,0.1
1hop_sort,10,500,8.354,1.276684,1.129904,4.6018,46.018,9.314,13.4358,0.9314,"[10, 10, 10]",0.1,0.1,0.1
monterCarlo_CELF,10,500,9.425,0.656932,0.810513,4.6035,46.03498,9.844,14.23801,0.98444,"[10, 10, 10]",0.1,0.1,0.1
