method,seed_num,num_sims,E_activated_users,variance,std_deviation,avg_steps,total_steps,E_redemptions,comprehensive_score,usage_rate,random_dirichlet,degree_exponent_succ,degree_exponent_dis,degree_exponent_tran
random,100,500,67.97,11.090215,3.330197,3.95003,395.0034,77.272,112.12133,0.77272,"[10, 10, 10]",0.1,0.1,0.1
degreeTopM,100,500,68.738,13.572957,3.684149,4.23215,423.21488,83.878,118.62945,0.83878,"[10, 10, 10]",0.1,0.1,0.1
pageRank,100,500,71.239,12.520214,3.538391,4.24943,424.94342,84.231,120.22917,0.84231,"[10, 10, 10]",0.1,0.1,0.1
alpha_sort,100,500,62.167,14.329813,3.785474,4.3786,437.85994,86.984,118.36153,0.86984,"[10, 10, 10]",0.1,0.1,0.1
ris_optimized,100,500,80.918,12.447276,3.52807,4.6429,464.29,92.646,133.211,0.92646,"[10, 10, 10]",0.1,0.1,0.1
1hop_sort,100,500,73.164,13.365104,3.655832,4.62972,462.972,92.322,129.0402,0.92322,"[10, 10, 10]",0.1,0.1,0.1
monterCarlo_CELF,100,500,82.317,11.850609,3.442471,4.72575,472.5754,91.896,134.36399,0.91896,"[10, 10, 10]",0.1,0.1,0.1
