method,seed_num,num_sims,E_activated_users,variance,std_deviation,avg_steps,total_steps,E_redemptions,comprehensive_score,usage_rate,random_dirichlet,degree_exponent_succ,degree_exponent_dis,degree_exponent_tran
random,70,500,51.536,7.592216,2.755398,4.09576,286.7029,56.516,82.69638,0.80737,"[10, 10, 10]",0.1,0.1,0.1
degreeTopM,70,500,50.824,9.09209,3.015309,4.26016,298.21098,59.147,84.80652,0.84495,"[10, 10, 10]",0.1,0.1,0.1
pageRank,70,500,53.183,9.140294,3.023292,4.28438,299.90654,59.612,86.38839,0.8516,"[10, 10, 10]",0.1,0.1,0.1
alpha_sort,70,500,44.005,10.259615,3.203063,4.38756,307.12916,61.242,83.33639,0.87488,"[10, 10, 10]",0.1,0.1,0.1
ris_optimized,70,500,58.762,8.625356,2.936896,4.6376,324.632,64.976,94.3322,0.92823,"[10, 10, 10]",0.1,0.1,0.1
1hop_sort,70,500,52.194,9.100364,3.016681,4.59449,321.614,64.314,90.4154,0.91877,"[10, 10, 10]",0.1,0.1,0.1
monterCarlo_CELF,70,500,59.105,8.563623,2.926367,4.63776,324.64348,65.677,94.85551,0.93824,"[10, 10, 10]",0.1,0.1,0.1
