method,seed_num,num_sims,E_activated_users,variance,std_deviation,avg_steps,total_steps,E_redemptions,comprehensive_score,usage_rate,random_dirichlet,degree_exponent_succ,degree_exponent_dis,degree_exponent_tran
random,40,500,29.271,4.024252,2.006054,3.91448,156.57934,30.803,45.69495,0.77008,"[10, 10, 10]",0.1,0.1,0.1
degreeTopM,40,500,31.797,4.515944,2.125075,4.35001,174.00054,34.848,50.72246,0.87121,"[10, 10, 10]",0.1,0.1,0.1
pageRank,40,500,32.0,4.698761,2.167662,4.32353,172.9413,34.563,50.5758,0.86408,"[10, 10, 10]",0.1,0.1,0.1
alpha_sort,40,500,25.433,4.636379,2.153225,4.50618,180.24734,36.23,48.85618,0.90574,"[10, 10, 10]",0.1,0.1,0.1
ris_optimized,40,500,35.026,4.225324,2.055559,4.63035,185.214,37.24,54.6544,0.931,"[10, 10, 10]",0.1,0.1,0.1
1hop_sort,40,500,30.016,5.631744,2.37313,4.6053,184.212,37.01,51.9342,0.92525,"[10, 10, 10]",0.1,0.1,0.1
monterCarlo_CELF,40,500,34.84,4.295396,2.072534,4.69766,187.90628,37.31,54.86561,0.93275,"[10, 10, 10]",0.1,0.1,0.1
