method,seed_num,num_sims,E_activated_users,variance,std_deviation,avg_steps,total_steps,E_redemptions,comprehensive_score,usage_rate,random_dirichlet,degree_exponent_succ,degree_exponent_dis,degree_exponent_tran
random,80,500,57.837,9.087329,3.01452,4.07735,326.18772,64.224,93.64923,0.8028,"[10, 10, 10]",0.1,0.1,0.1
degreeTopM,80,500,57.007,10.994511,3.315797,4.24358,339.48642,67.31,96.10721,0.84138,"[10, 10, 10]",0.1,0.1,0.1
pageRank,80,500,58.487,9.695395,3.113743,4.19324,335.45898,66.449,96.0139,0.83061,"[10, 10, 10]",0.1,0.1,0.1
alpha_sort,80,500,50.572,11.593303,3.404894,4.40506,352.40488,70.395,95.72387,0.87994,"[10, 10, 10]",0.1,0.1,0.1
ris_optimized,80,500,66.184,9.874144,3.142315,4.61382,369.106,73.956,106.9806,0.92445,"[10, 10, 10]",0.1,0.1,0.1
1hop_sort,80,500,59.734,10.807244,3.287437,4.60025,368.02,73.688,103.513,0.9211,"[10, 10, 10]",0.1,0.1,0.1
monterCarlo_CELF,80,500,66.577,10.073592,3.173892,4.571,365.68016,74.985,107.34897,0.93731,"[10, 10, 10]",0.1,0.1,0.1
