method,seed_num,num_sims,E_activated_users,variance,std_deviation,avg_steps,total_steps,E_redemptions,comprehensive_score,usage_rate,random_dirichlet,degree_exponent_succ,degree_exponent_dis,degree_exponent_tran
random,50,500,32.306,7.8443640000000014,2.8007791773004884,3.2846400000000004,164.23200000000003,32.412,48.7822,0.6482399999999999,"[10, 10, 10]",0.1,0.1,0.1
degreeTopM,50,500,38.08,8.345600000000001,2.888875213642846,3.8258,191.29,38.434,57.385999999999996,0.7686799999999999,"[10, 10, 10]",0.1,0.1,0.1
pageRank,50,500,38.002,8.557996,2.9254052710692924,3.81544,190.77200000000002,38.396,57.2762,0.76792,"[10, 10, 10]",0.1,0.1,0.1
alpha_sort,50,500,21.79,13.221900000000002,3.6361930641812736,1.6847599999999998,84.23799999999999,21.846,30.241799999999998,0.43692,"[10, 10, 10]",0.1,0.1,0.1
ris_optimized,50,500,39.856,7.131263999999999,2.6704426599348654,3.9788799999999998,198.944,40.14,59.89240000000001,0.8028,"[10, 10, 10]",0.1,0.1,0.1
