method,seed_num,num_sims,E_activated_users,variance,std_deviation,avg_steps,total_steps,E_redemptions,comprehensive_score,usage_rate,random_dirichlet,degree_exponent_succ,degree_exponent_dis,degree_exponent_tran
random,90,500,59.86,16.284399999999998,4.035393413286987,3.287688888888889,295.892,60.24,89.6392,0.6693333333333333,"[10, 10, 10]",0.1,0.1,0.1
degreeTopM,90,500,68.408,15.261536,3.9066015921770165,3.8416666666666663,345.74999999999994,69.664,103.61099999999999,0.7740444444444444,"[10, 10, 10]",0.1,0.1,0.1
pageRank,90,500,68.114,13.913003999999997,3.730013940992714,3.818822222222222,343.69399999999996,69.318,103.0854,0.7702,"[10, 10, 10]",0.1,0.1,0.1
alpha_sort,90,500,39.206,21.879564,4.67755962014382,1.6843777777777778,151.594,39.338,54.431400000000004,0.4370888888888889,"[10, 10, 10]",0.1,0.1,0.1
ris_optimized,90,500,70.746,13.821483999999998,3.717725648834244,3.9423555555555554,354.812,71.404,106.55619999999999,0.7933777777777777,"[10, 10, 10]",0.1,0.1,0.1
