method,seed_num,num_sims,E_activated_users,variance,std_deviation,avg_steps,total_steps,E_redemptions,comprehensive_score,usage_rate,random_dirichlet,degree_exponent_succ,degree_exponent_dis,degree_exponent_tran
random,60,500,39.042,10.760235999999999,3.280279866108988,3.2483666666666666,194.902,39.222,58.62220000000001,0.6537000000000001,"[10, 10, 10]",0.1,0.1,0.1
degreeTopM,60,500,45.568,8.869375999999999,2.978149761177231,3.8238333333333334,229.43,46.11,68.782,0.7685,"[10, 10, 10]",0.1,0.1,0.1
pageRank,60,500,45.514,9.869804,3.1416244205824477,3.8217666666666665,229.30599999999998,46.056,68.7156,0.7676,"[10, 10, 10]",0.1,0.1,0.1
alpha_sort,60,500,26.064,14.955904,3.8672863871195267,1.6751666666666667,100.51,26.132,36.149,0.4355333333333334,"[10, 10, 10]",0.1,0.1,0.1
ris_optimized,60,500,47.896,9.541184000000001,3.0888807034264048,4.005400000000001,240.32400000000004,48.186,72.0734,0.8031,"[10, 10, 10]",0.1,0.1,0.1
