method,seed_num,num_sims,E_activated_users,variance,std_deviation,avg_steps,total_steps,E_redemptions,comprehensive_score,usage_rate,random_dirichlet,degree_exponent_succ,degree_exponent_dis,degree_exponent_tran
random,80,500,56.064,14.235903999999998,3.773049694875486,3.4888000000000003,279.10400000000004,56.46,84.17240000000001,0.70575,"[10, 10, 10]",0.1,0.1,0.1
degreeTopM,80,500,60.782,13.258476,3.6412190266447855,3.824025,305.92199999999997,61.714,91.8402,0.771425,"[10, 10, 10]",0.1,0.1,0.1
pageRank,80,500,60.58,12.183599999999998,3.490501396647765,3.81465,305.17199999999997,61.626,91.6202,0.7703249999999999,"[10, 10, 10]",0.1,0.1,0.1
alpha_sort,80,500,35.18,19.079600000000003,4.368020146473686,1.69645,135.716,35.296,48.8096,0.4412,"[10, 10, 10]",0.1,0.1,0.1
ris_optimized,80,500,63.742,12.423436000000002,3.5246894898699948,3.9905,319.24,64.262,95.926,0.803275,"[10, 10, 10]",0.1,0.1,0.1
