method,seed_num,num_sims,E_activated_users,variance,std_deviation,avg_steps,total_steps,E_redemptions,comprehensive_score,usage_rate,random_dirichlet,degree_exponent_succ,degree_exponent_dis,degree_exponent_tran
random,20,500,14.056,4.164864,2.0407998431987395,3.4652,69.304,14.076,20.9964,0.7038,"[10, 10, 10]",0.1,0.1,0.1
degreeTopM,20,500,15.258,3.503436,1.8717467777453232,3.8604000000000003,77.208,15.33,23.0148,0.7665,"[10, 10, 10]",0.1,0.1,0.1
pageRank,20,500,15.482,3.9616759999999993,1.9903959405103295,3.8935,77.87,15.546,23.301000000000002,0.7773,"[10, 10, 10]",0.1,0.1,0.1
alpha_sort,20,500,8.68,5.1816,2.2763128080296875,1.6965999999999999,33.931999999999995,8.686,12.0762,0.4343,"[10, 10, 10]",0.1,0.1,0.1
ris_optimized,20,500,15.758,3.519436,1.8760159914030583,3.9562000000000004,79.12400000000001,15.796,23.6894,0.7898,"[10, 10, 10]",0.1,0.1,0.1
