method,seed_num,num_sims,E_activated_users,variance,std_deviation,avg_steps,total_steps,E_redemptions,comprehensive_score,usage_rate,random_dirichlet,degree_exponent_succ,degree_exponent_dis,degree_exponent_tran
random,40,500,26.83,6.6371,2.576256974760088,3.3241500000000004,132.966,26.954,40.1886,0.6738500000000001,"[10, 10, 10]",0.1,0.1,0.1
degreeTopM,40,500,30.444,7.278864,2.6979369896274448,3.8366,153.464,30.74,45.9384,0.7685,"[10, 10, 10]",0.1,0.1,0.1
pageRank,40,500,30.154,6.750284,2.598130866603913,3.78445,151.37800000000001,30.388,45.4088,0.7597,"[10, 10, 10]",0.1,0.1,0.1
alpha_sort,40,500,17.37,11.4531,3.3842428990839295,1.68905,67.562,17.408,24.145200000000003,0.43520000000000003,"[10, 10, 10]",0.1,0.1,0.1
ris_optimized,40,500,32.184,5.5981440000000005,2.3660397291677078,4.02,160.79999999999998,32.3,48.321999999999996,0.8074999999999999,"[10, 10, 10]",0.1,0.1,0.1
