method,seed_num,num_sims,E_activated_users,variance,std_deviation,avg_steps,total_steps,E_redemptions,comprehensive_score,usage_rate,random_dirichlet,degree_exponent_succ,degree_exponent_dis,degree_exponent_tran
random,70,500,45.392,13.386336,3.6587342073454856,3.265342857142857,228.57399999999998,45.646,68.3764,0.6520857142857143,"[10, 10, 10]",0.1,0.1,0.1
degreeTopM,70,500,53.428,11.268816000000001,3.3569057180683526,3.8444,269.108,54.166,80.70779999999999,0.7737999999999999,"[10, 10, 10]",0.1,0.1,0.1
pageRank,70,500,53.032,10.226976,3.1979643525217725,3.8202285714285718,267.416,53.808,80.1616,0.7686857142857143,"[10, 10, 10]",0.1,0.1,0.1
alpha_sort,70,500,30.56,17.0744,4.132118100925965,1.685942857142857,118.01599999999999,30.654,42.4086,0.4379142857142857,"[10, 10, 10]",0.1,0.1,0.1
ris_optimized,70,500,55.894,9.422763999999999,3.0696520975511215,3.9907714285714286,279.354,56.376,84.0704,0.8053714285714285,"[10, 10, 10]",0.1,0.1,0.1
