method,seed_num,num_sims,E_activated_users,variance,std_deviation,avg_steps,total_steps,E_redemptions,comprehensive_score,usage_rate,random_dirichlet,degree_exponent_succ,degree_exponent_dis,degree_exponent_tran
random,100,500,67.356,18.029263999999994,4.246088081987937,3.35134,335.134,67.906,101.1444,0.6790600000000001,"[10, 10, 10]",0.1,0.1,0.1
degreeTopM,100,500,75.67,18.089100000000002,4.253128260468993,3.82516,382.51599999999996,77.12,114.6466,0.7712,"[10, 10, 10]",0.1,0.1,0.1
pageRank,100,500,75.736,17.858303999999997,4.22590865968492,3.83196,383.196,77.24,114.80760000000001,0.7724,"[10, 10, 10]",0.1,0.1,0.1
alpha_sort,100,500,43.814,24.627404000000002,4.962600527949031,1.67468,167.468,44.006,60.6568,0.44006,"[10, 10, 10]",0.1,0.1,0.1
ris_optimized,100,500,79.414,17.986604,4.241061659537621,3.99792,399.79200000000003,80.376,119.87420000000002,0.80376,"[10, 10, 10]",0.1,0.1,0.1
monterCarlo_CELF,100,500,78.392,15.302335999999997,3.911820036760382,3.93968,393.968,79.294,118.2398,0.79294,"[10, 10, 10]",0.1,0.1,0.1
