method,seed_num,num_sims,E_activated_users,variance,std_deviation,avg_steps,total_steps,log_alpha_slope,log_beta_slope,degree_power_h,E_redemptions,comprehensive_score
random,104,600,30.643333333333334,18.862788888888886,4.343131230908051,3.763990384615384,391.4549999999999,0.1,0.6,2.0,32.575,70.75466666666667
degreeTopM,104,600,22.941666666666666,14.691597222222223,3.832961938530335,3.4419070512820515,357.95833333333337,0.1,0.6,2.0,24.44,59.48666666666668
pageRank,104,600,24.628333333333334,15.583530555555557,3.9475980742162133,3.5102083333333334,365.06166666666667,0.1,0.6,2.0,26.116666666666667,61.87866666666667
alpha_sort,104,600,37.67,20.467766666666673,4.524131592545322,3.4910737179487175,363.0716666666666,0.1,0.6,2.0,40.596666666666664,75.44049999999999
ris_path_aware,104,600,37.07833333333333,21.035530555555553,4.586450757999649,4.298365384615384,447.03,0.1,0.6,2.0,39.781666666666666,83.13300000000001
1hop_sort,104,600,38.23166666666667,17.68466388888889,4.205313768185305,3.5494871794871794,369.14666666666665,0.1,0.6,2.0,42.483333333333334,77.27216666666666
