method,seed_num,num_sims,E_activated_users,variance,std_deviation,avg_steps,total_steps,log_alpha_slope,log_beta_slope,degree_power_h,E_redemptions,comprehensive_score
random,80,600,20.878333333333334,12.190197222222222,3.4914462937616872,3.803187499999999,304.25499999999994,0.1,0.6,2.0,21.89666666666667,51.813
degreeTopM,80,600,18.16,11.661066666666665,3.4148304008642456,3.209791666666667,256.78333333333336,0.1,0.6,2.0,19.283333333333335,44.400000000000006
pageRank,80,600,19.168333333333333,11.843330555555555,3.441414034311413,3.4111666666666665,272.8933333333333,0.1,0.6,2.0,19.953333333333333,46.85016666666667
alpha_sort,80,600,30.248333333333335,16.206663888888887,4.025750102637878,3.517770833333333,281.4216666666666,0.1,0.6,2.0,32.056666666666665,59.294666666666664
ris_path_aware,80,600,30.18,16.280933333333337,4.034963857748089,4.279083333333333,342.32666666666665,0.1,0.6,2.0,32.26833333333333,65.45683333333334
1hop_sort,80,600,30.665,14.279441666666669,3.7788148494821323,3.5670416666666673,285.3633333333334,0.1,0.6,2.0,33.995,60.866333333333344
