method,seed_num,num_sims,E_activated_users,variance,std_deviation,avg_steps,total_steps,log_alpha_slope,log_beta_slope,degree_power_h,E_redemptions,comprehensive_score
random,140,600,38.74333333333333,21.270788888888887,4.612026549022554,3.733261904761905,522.6566666666668,0.1,0.6,2.0,42.22666666666667,92.75066666666667
degreeTopM,140,600,32.05833333333333,21.044930555555553,4.587475401084517,3.4683809523809526,485.5733333333334,0.1,0.6,2.0,34.815,81.994
pageRank,140,600,33.48,22.826266666666665,4.777684236810409,3.593452380952381,503.0833333333333,0.1,0.6,2.0,36.36333333333334,85.23
alpha_sort,140,600,45.46,23.2284,4.819585044378821,3.6100238095238093,505.4033333333333,0.1,0.6,2.0,49.44833333333333,97.9945
ris_path_aware,140,600,46.75,24.194166666666668,4.91875661795404,4.2862857142857145,600.08,0.1,0.6,2.0,51.233333333333334,108.99966666666668
1hop_sort,140,600,45.81333333333333,24.00848888888889,4.899845802562453,3.585095238095238,501.91333333333336,0.1,0.6,2.0,51.013333333333335,98.60466666666667
