method,seed_num,num_sims,E_activated_users,variance,std_deviation,avg_steps,total_steps,log_alpha_slope,log_beta_slope,degree_power_h,E_redemptions,comprehensive_score
random,56,600,15.551666666666666,10.823997222222221,3.2899843802398547,3.599464285714286,201.57,0.1,0.6,2.0,16.171666666666667,36.01866666666667
degreeTopM,56,600,11.596666666666666,8.660655555555556,2.9428991752276454,3.144017857142857,176.065,0.1,0.6,2.0,11.93,29.369833333333332
pageRank,56,600,13.105,9.297308333333334,3.049148788323281,3.3404464285714286,187.065,0.1,0.6,2.0,13.496666666666666,32.007333333333335
alpha_sort,56,600,22.045,11.822975000000001,3.4384553217978566,3.5955654761904765,201.3516666666667,0.1,0.6,2.0,22.865,42.59016666666667
ris_path_aware,56,600,22.611666666666668,12.04086388888889,3.4699947966659677,4.583452380952381,256.67333333333335,0.1,0.6,2.0,23.825,48.885666666666665
1hop_sort,56,600,22.073333333333334,11.54128888888889,3.3972472516566836,3.562886904761905,199.5216666666667,0.1,0.6,2.0,24.14666666666667,43.06216666666667
