method,seed_num,num_sims,E_activated_users,variance,std_deviation,avg_steps,total_steps,log_alpha_slope,log_beta_slope,degree_power_h,E_redemptions,comprehensive_score
random,44,600,13.261666666666667,9.279863888888888,3.0462869019330547,3.5486742424242426,156.14166666666668,0.1,0.6,2.0,13.535,29.012500000000003
degreeTopM,44,600,9.223333333333333,6.633455555555555,2.575549563793241,3.004583333333333,132.20166666666665,0.1,0.6,2.0,9.485,22.574333333333332
pageRank,44,600,10.086666666666666,6.809155555555557,2.6094358692168615,3.0308333333333333,133.35666666666665,0.1,0.6,2.0,10.366666666666667,23.562333333333335
alpha_sort,44,600,17.953333333333333,9.024488888888888,3.0040787088371848,3.217462121212121,141.56833333333333,0.1,0.6,2.0,18.933333333333334,32.60016666666667
ris_path_aware,44,600,18.941666666666666,9.644930555555556,3.1056288502581175,4.381287878787879,192.7766666666667,0.1,0.6,2.0,19.741666666666667,38.619333333333344
1hop_sort,44,600,18.523333333333333,8.459455555555556,2.9085143210160673,3.275340909090909,144.115,0.1,0.6,2.0,20.788333333333334,34.06733333333334
