method,seed_num,num_sims,E_activated_users,variance,std_deviation,avg_steps,total_steps,log_alpha_slope,log_beta_slope,degree_power_h,E_redemptions,comprehensive_score
random,164,600,42.59,27.055233333333334,5.201464537352277,3.7710772357723576,618.4566666666667,0.1,0.6,2.0,45.928333333333335,106.10483333333335
degreeTopM,164,600,36.156666666666666,23.355455555555558,4.83274824044824,3.3835772357723575,554.9066666666666,0.1,0.6,2.0,39.67,93.404
pageRank,164,600,38.20333333333333,24.018655555555554,4.900883140369249,3.5272865853658533,578.4749999999999,0.1,0.6,2.0,41.943333333333335,97.92083333333333
alpha_sort,164,600,51.721666666666664,27.23753055555555,5.218958761626264,3.6385365853658533,596.7199999999999,0.1,0.6,2.0,56.77,113.91783333333333
ris_path_aware,164,600,51.69,30.6039,5.532079175138404,4.105193089430895,673.2516666666667,0.1,0.6,2.0,56.835,121.58766666666668
1hop_sort,164,600,52.815,27.57744166666666,5.2514228230705875,3.684075203252032,604.1883333333333,0.1,0.6,2.0,59.471666666666664,116.56216666666666
