method,seed_num,num_sims,E_activated_users,variance,std_deviation,avg_steps,total_steps,log_alpha_slope,log_beta_slope,degree_power_h,E_redemptions,comprehensive_score
random,152,600,45.516666666666666,26.57638888888889,5.155229276073848,3.695515350877193,561.7183333333334,0.1,0.6,2.0,49.903333333333336,103.88183333333333
degreeTopM,152,600,37.568333333333335,21.57866388888889,4.645284048246015,3.4034758771929825,517.3283333333334,0.1,0.6,2.0,42.40833333333333,91.72116666666668
pageRank,152,600,39.15,21.960833333333333,4.686238719200435,3.498190789473684,531.7249999999999,0.1,0.6,2.0,43.553333333333335,94.52416666666666
alpha_sort,152,600,52.17333333333333,26.11995555555556,5.110768587556627,3.5021052631578953,532.32,0.1,0.6,2.0,57.888333333333335,108.26283333333333
ris_path_aware,152,600,52.13166666666667,25.21099722222222,5.021055389280447,4.0239144736842105,611.635,0.1,0.6,2.0,57.58,116.01933333333334
1hop_sort,152,600,53.125,27.229375,5.218177363792841,3.5665241228070172,542.1116666666667,0.1,0.6,2.0,61.663333333333334,111.60533333333333
