method,seed_num,num_sims,E_activated_users,variance,std_deviation,avg_steps,total_steps,E_redemptions,comprehensive_score,usage_rate,random_dirichlet,degree_exponent_succ,degree_exponent_dis,degree_exponent_tran
random,400,500,141.174,85.271724,9.234269001929714,2.199215,879.686,147.756,232.4336,0.36939,"[10, 10, 10]",0.1,0.1,0.1
degreeTopM,400,500,128.968,71.97897599999999,8.484042432708597,2.11227,844.908,136.934,217.4418,0.342335,"[10, 10, 10]",0.1,0.1,0.1
pageRank,400,500,129.396,68.25118400000001,8.26142747955824,2.117565,847.026,137.306,218.05360000000002,0.34326500000000004,"[10, 10, 10]",0.1,0.1,0.1
alpha_sort,400,500,149.49,89.53389999999999,9.462235465258724,2.086205,834.4820000000001,156.2,236.2932,0.39049999999999996,"[10, 10, 10]",0.1,0.1,0.1
ris_optimized,400,500,150.546,83.85588399999999,9.157285842431696,2.32966,931.864,158.036,247.4774,0.39509,"[10, 10, 10]",0.1,0.1,0.1
ris_naive,400,500,150.12,85.2616,9.233720810160984,2.32275,929.1,157.87,246.90500000000003,0.394675,"[10, 10, 10]",0.1,0.1,0.1
monterCarlo_CELF,400,500,142.414,82.80260399999999,9.09959361729962,2.177945,871.1779999999999,148.518,232.5838,0.371295,"[10, 10, 10]",0.1,0.1,0.1
