method,seed_num,num_sims,E_activated_users,variance,std_deviation,avg_steps,total_steps,E_redemptions,comprehensive_score,usage_rate,random_dirichlet,degree_exponent_succ,degree_exponent_dis,degree_exponent_tran
random,50,500,18.668,12.125776,3.4822084946194707,2.21712,110.856,18.78,29.8096,0.37560000000000004,"[10, 10, 10]",0.1,0.1,0.1
degreeTopM,50,500,6.848,6.484896000000001,2.5465458959147,1.22496,61.248000000000005,6.87,12.9838,0.1374,"[10, 10, 10]",0.1,0.1,0.1
pageRank,50,500,6.846,6.326283999999999,2.515210527967788,1.2253200000000002,61.26600000000001,6.862,12.980600000000003,0.13724,"[10, 10, 10]",0.1,0.1,0.1
alpha_sort,50,500,14.798,10.757196,3.2798164582793348,1.0,50.0,14.798,19.798000000000002,0.29596,"[10, 10, 10]",0.1,0.1,0.1
ris_optimized,50,500,19.94,11.7804,3.43225873150612,2.37904,118.952,20.102,31.916200000000003,0.40204,"[10, 10, 10]",0.1,0.1,0.1
ris_naive,50,500,20.526,10.685324000000001,3.268841384955838,2.42616,121.30799999999999,20.682,32.7348,0.41363999999999995,"[10, 10, 10]",0.1,0.1,0.1
monterCarlo_CELF,50,500,19.512,11.349856000000003,3.368954734038438,2.33944,116.97200000000001,19.682,31.294200000000004,0.39364,"[10, 10, 10]",0.1,0.1,0.1
