method,seed_num,num_sims,E_activated_users,variance,std_deviation,avg_steps,total_steps,E_redemptions,comprehensive_score,usage_rate,random_dirichlet,degree_exponent_succ,degree_exponent_dis,degree_exponent_tran
random,200,500,71.464,39.488704,6.284003819222264,2.1481999999999997,429.63999999999993,73.122,115.257,0.36561,"[10, 10, 10]",0.1,0.1,0.1
degreeTopM,200,500,56.64,33.2344,5.764928447084144,1.89239,378.478,58.564,95.44980000000001,0.29282,"[10, 10, 10]",0.1,0.1,0.1
pageRank,200,500,56.378,32.175116,5.672311345474612,1.88867,377.73400000000004,58.322,95.1234,0.29161000000000004,"[10, 10, 10]",0.1,0.1,0.1
alpha_sort,200,500,73.85,40.2435,6.343776477777255,1.7833800000000002,356.67600000000004,75.06,110.1226,0.3753,"[10, 10, 10]",0.1,0.1,0.1
ris_optimized,200,500,78.324,43.671023999999996,6.608405556562036,2.3607799999999997,472.15599999999995,80.534,126.6446,0.40267000000000003,"[10, 10, 10]",0.1,0.1,0.1
ris_naive,200,500,78.758,44.087436,6.639837046193227,2.3733500000000003,474.6700000000001,80.918,127.305,0.40459,"[10, 10, 10]",0.1,0.1,0.1
monterCarlo_CELF,200,500,76.268,44.820176,6.694787225894487,2.3168100000000003,463.3620000000001,78.332,123.6362,0.39165999999999995,"[10, 10, 10]",0.1,0.1,0.1
