method,seed_num,num_sims,E_activated_users,variance,std_deviation,avg_steps,total_steps,E_redemptions,comprehensive_score,usage_rate,random_dirichlet,degree_exponent_succ,degree_exponent_dis,degree_exponent_tran
random,300,500,105.228,67.140016,8.193901146584574,2.1151133333333334,634.534,108.52,170.3274,0.3617333333333333,"[10, 10, 10]",0.1,0.1,0.1
degreeTopM,300,500,94.05,55.8155,7.47097717838838,2.041186666666667,612.3560000000001,98.674,157.5976,0.32891333333333334,"[10, 10, 10]",0.1,0.1,0.1
pageRank,300,500,94.334,51.170443999999996,7.1533519415725655,2.04586,613.7579999999999,99.066,158.07580000000002,0.33022,"[10, 10, 10]",0.1,0.1,0.1
alpha_sort,300,500,113.23,63.46510000000001,7.966498603527149,1.98788,596.364,116.726,174.61440000000002,0.38908666666666664,"[10, 10, 10]",0.1,0.1,0.1
ris_optimized,300,500,115.98,65.3756,8.08551791785783,2.3496666666666663,704.8999999999999,120.72,188.83999999999997,0.4024,"[10, 10, 10]",0.1,0.1,0.1
ris_naive,300,500,115.082,62.327276,7.894762567677383,2.321873333333333,696.5619999999999,119.622,187.0082,0.39874,"[10, 10, 10]",0.1,0.1,0.1
monterCarlo_CELF,300,500,109.506,59.29396400000001,7.700257398295203,2.20852,662.556,113.196,177.60660000000001,0.37732,"[10, 10, 10]",0.1,0.1,0.1
