method,seed_num,num_sims,E_activated_users,variance,std_deviation,avg_steps,total_steps,E_redemptions,comprehensive_score,usage_rate,random_dirichlet,degree_exponent_succ,degree_exponent_dis,degree_exponent_tran
random,350,500,123.238,75.349356,8.680400681996195,2.1577200000000003,755.2020000000001,127.846,201.06220000000002,0.3652742857142857,"[10, 10, 10]",0.1,0.1,0.1
degreeTopM,350,500,110.342,57.321036,7.571065710981513,2.0785200000000006,727.4820000000002,116.744,186.29120000000003,0.3335542857142857,"[10, 10, 10]",0.1,0.1,0.1
pageRank,350,500,111.874,66.634124,8.162972742818635,2.0931314285714286,732.596,118.186,188.2896,0.33767428571428576,"[10, 10, 10]",0.1,0.1,0.1
alpha_sort,350,500,131.176,70.481024,8.395297731468492,2.051102857142857,717.886,136.02,205.38660000000002,0.38862857142857143,"[10, 10, 10]",0.1,0.1,0.1
ris_optimized,350,500,133.256,73.77846400000001,8.58943909693759,2.348097142857143,821.8340000000001,139.72,218.6714,0.3992,"[10, 10, 10]",0.1,0.1,0.1
ris_naive,350,500,133.418,72.643276,8.523102486770883,2.3253028571428573,813.8560000000001,139.278,217.73360000000002,0.3979371428571428,"[10, 10, 10]",0.1,0.1,0.1
monterCarlo_CELF,350,500,127.892,74.388336,8.624867303327049,2.227268571428571,779.5439999999999,132.852,208.3264,0.3795771428571429,"[10, 10, 10]",0.1,0.1,0.1
