method,seed_num,num_sims,E_activated_users,variance,std_deviation,avg_steps,total_steps,E_redemptions,comprehensive_score,usage_rate,random_dirichlet,degree_exponent_succ,degree_exponent_dis,degree_exponent_tran
random,328,500,78.576,52.528224,7.24763575243679,1.9740853658536586,647.5,85.88,146.978,0.26182926829268294,"[10, 10, 10]",-0.5,0.8,0.0
degreeTopM,328,500,75.004,43.931984,6.628120698961358,1.9263353658536584,631.838,82.154,141.7628,0.2504695121951219,"[10, 10, 10]",-0.5,0.8,0.0
pageRank,328,500,74.416,45.086944,6.714681228472428,1.9372560975609756,635.42,81.918,141.709,0.24975000000000003,"[10, 10, 10]",-0.5,0.8,0.0
alpha_sort,328,500,83.53,49.86509999999999,7.0615224987250444,1.9674329268292683,645.318,91.714,152.1538,0.2796158536585366,"[10, 10, 10]",-0.5,0.8,0.0
ris_optimized,328,500,83.838,50.551756000000005,7.109975808678958,1.9832317073170733,650.5,92.058,152.998,0.28066463414634146,"[10, 10, 10]",-0.5,0.8,0.0
1hop_sort,328,500,82.89,49.6899,7.049106326336694,1.958390243902439,642.352,91.404,151.3822,0.27867073170731704,"[10, 10, 10]",-0.5,0.8,0.0
