method,seed_num,num_sims,E_activated_users,variance,std_deviation,avg_steps,total_steps,E_redemptions,comprehensive_score,usage_rate,random_dirichlet,degree_exponent_succ,degree_exponent_dis,degree_exponent_tran
random,316,500,72.476,40.38142400000001,6.35463799126276,1.971487341772152,622.99,78.784,137.929,0.24931645569620256,"[10, 10, 10]",-0.5,0.8,0.0
degreeTopM,316,500,69.22,44.5636,6.675597351548399,1.9528354430379746,617.096,75.918,134.2786,0.240246835443038,"[10, 10, 10]",-0.5,0.8,0.0
pageRank,316,500,69.896,41.309184,6.427222106011275,1.9557088607594937,618.004,76.774,135.1354,0.24295569620253166,"[10, 10, 10]",-0.5,0.8,0.0
alpha_sort,316,500,80.386,49.333004,7.023745724326871,1.9935822784810124,629.972,88.008,147.1942,0.27850632911392403,"[10, 10, 10]",-0.5,0.8,0.0
ris_optimized,316,500,80.494,45.665964,6.757659654051838,2.025924050632911,640.1919999999999,88.092,148.31220000000002,0.27877215189873417,"[10, 10, 10]",-0.5,0.8,0.0
1hop_sort,316,500,80.182,47.744876000000005,6.909766710967889,1.993854430379747,630.058,88.032,147.1128,0.27858227848101264,"[10, 10, 10]",-0.5,0.8,0.0
