method,seed_num,num_sims,E_activated_users,variance,std_deviation,avg_steps,total_steps,E_redemptions,comprehensive_score,usage_rate,random_dirichlet,degree_exponent_succ,degree_exponent_dis,degree_exponent_tran
random,184,500,44.908,27.883536,5.280486341237897,1.9390217391304347,356.78,47.272,81.768,0.2569130434782609,"[10, 10, 10]",-0.5,0.8,0.0
degreeTopM,184,500,38.084,21.808944000000004,4.670004710918395,1.8135760869565218,333.69800000000004,40.604,72.7138,0.22067391304347825,"[10, 10, 10]",-0.5,0.8,0.0
pageRank,184,500,39.22,24.859600000000004,4.985940232293204,1.8404347826086955,338.64,41.864,74.406,0.22752173913043477,"[10, 10, 10]",-0.5,0.8,0.0
alpha_sort,184,500,58.206,34.659563999999996,5.887237382677888,1.9320652173913044,355.5,61.424,95.36500000000001,0.3338260869565217,"[10, 10, 10]",-0.5,0.8,0.0
ris_optimized,184,500,58.962,32.520556,5.70267972097329,2.013434782608696,370.47200000000004,62.366,97.7112,0.33894565217391304,"[10, 10, 10]",-0.5,0.8,0.0
1hop_sort,184,500,58.356,32.541264000000005,5.7044950696797,1.9573369565217393,360.15000000000003,62.66,96.523,0.34054347826086956,"[10, 10, 10]",-0.5,0.8,0.0
