method,seed_num,num_sims,E_activated_users,variance,std_deviation,avg_steps,total_steps,E_redemptions,comprehensive_score,usage_rate,random_dirichlet,degree_exponent_succ,degree_exponent_dis,degree_exponent_tran
random,28,500,7.53,5.4251000000000005,2.329184406611035,2.018928571428571,56.52999999999999,7.592,13.213999999999999,0.27114285714285713,"[10, 10, 10]",-0.5,0.8,0.0
degreeTopM,28,500,3.45,3.0915,1.7582661914511124,1.6679285714285716,46.702000000000005,3.47,8.1302,0.12392857142857143,"[10, 10, 10]",-0.5,0.8,0.0
pageRank,28,500,3.744,3.202464,1.7895429584114486,1.711142857142857,47.912,3.764,8.5452,0.13442857142857143,"[10, 10, 10]",-0.5,0.8,0.0
alpha_sort,28,500,12.188,5.900655999999999,2.4291265920079175,1.811,50.708,12.262,17.2958,0.43792857142857144,"[10, 10, 10]",-0.5,0.8,0.0
ris_optimized,28,500,12.568,6.609376,2.5708706696370394,2.0019285714285715,56.054,12.652,18.2154,0.45185714285714285,"[10, 10, 10]",-0.5,0.8,0.0
1hop_sort,28,500,12.408,6.145536,2.479019160877947,1.8846428571428568,52.76999999999999,12.966,17.964,0.4630714285714285,"[10, 10, 10]",-0.5,0.8,0.0
