method,seed_num,num_sims,E_activated_users,variance,std_deviation,avg_steps,total_steps,E_redemptions,comprehensive_score,usage_rate,random_dirichlet,degree_exponent_succ,degree_exponent_dis,degree_exponent_tran
random,76,500,20.944,16.348864000000003,4.04337284949088,1.987,151.012,21.412,36.279199999999996,0.2817368421052631,"[10, 10, 10]",-0.5,0.8,0.0
degreeTopM,76,500,14.246,9.289484,3.047865482595976,1.7095,129.922,14.72,27.4752,0.1936842105263158,"[10, 10, 10]",-0.5,0.8,0.0
pageRank,76,500,15.796,11.342384,3.3678456021617142,1.7710526315789472,134.6,16.142,29.429000000000002,0.21239473684210525,"[10, 10, 10]",-0.5,0.8,0.0
alpha_sort,76,500,31.248,17.366495999999998,4.167312803234237,1.8861578947368423,143.348,32.086,46.0018,0.4221842105263158,"[10, 10, 10]",-0.5,0.8,0.0
ris_optimized,76,500,31.288,16.845056,4.104272895410343,1.9648947368421055,149.33200000000002,32.05,46.602199999999996,0.4217105263157894,"[10, 10, 10]",-0.5,0.8,0.0
1hop_sort,76,500,31.008,14.515936,3.8099784776294996,1.9127894736842104,145.37199999999999,32.804,46.4432,0.4316315789473684,"[10, 10, 10]",-0.5,0.8,0.0
