method,seed_num,num_sims,E_activated_users,variance,std_deviation,avg_steps,total_steps,E_redemptions,comprehensive_score,usage_rate,random_dirichlet,degree_exponent_succ,degree_exponent_dis,degree_exponent_tran
random,304,500,73.77,44.90910000000001,6.701425221548026,1.9306052631578945,586.9039999999999,80.012,135.58139999999997,0.2631973684210526,"[10, 10, 10]",-0.5,0.8,0.0
degreeTopM,304,500,67.332,47.77777600000001,6.9121469891778204,1.8811184210526317,571.86,73.404,127.554,0.24146052631578946,"[10, 10, 10]",-0.5,0.8,0.0
pageRank,304,500,68.914,41.87060399999999,6.47074987926438,1.8954407894736842,576.214,75.574,129.86540000000002,0.2485986842105263,"[10, 10, 10]",-0.5,0.8,0.0
alpha_sort,304,500,80.066,55.545644,7.452895007981798,1.9447894736842104,591.216,87.244,142.7766,0.28698684210526315,"[10, 10, 10]",-0.5,0.8,0.0
ris_optimized,304,500,80.818,51.328876,7.164417352443952,1.970578947368421,599.0559999999999,88.204,144.4166,0.29014473684210523,"[10, 10, 10]",-0.5,0.8,0.0
1hop_sort,304,500,79.816,46.230144,6.799275255495986,1.9414013157894738,590.186,87.77,142.8116,0.28871710526315786,"[10, 10, 10]",-0.5,0.8,0.0
