method,seed_num,num_sims,E_activated_users,variance,std_deviation,avg_steps,total_steps,E_redemptions,comprehensive_score,usage_rate,random_dirichlet,degree_exponent_succ,degree_exponent_dis,degree_exponent_tran
random,88,500,22.554,16.623084,4.077141645810212,1.9896363636363636,175.088,23.098,40.3348,0.2624772727272727,"[10, 10, 10]",-0.5,0.8,0.0
degreeTopM,88,500,16.264,12.294304,3.506323430603629,1.6975681818181818,149.386,16.684,31.4126,0.18959090909090912,"[10, 10, 10]",-0.5,0.8,0.0
pageRank,88,500,17.502,12.909996,3.593048288013953,1.7471363636363635,153.748,17.89,33.0708,0.20329545454545456,"[10, 10, 10]",-0.5,0.8,0.0
alpha_sort,88,500,34.728,18.114015999999996,4.256056390603865,1.9100454545454546,168.084,36.296,52.32040000000001,0.41245454545454546,"[10, 10, 10]",-0.5,0.8,0.0
ris_optimized,88,500,34.594,17.077164,4.132452540562324,1.9995227272727272,175.958,36.526,53.1558,0.41506818181818184,"[10, 10, 10]",-0.5,0.8,0.0
1hop_sort,88,500,34.398,17.199595999999996,4.147239563854492,1.944431818181818,171.10999999999999,37.06,52.84,0.42113636363636364,"[10, 10, 10]",-0.5,0.8,0.0
