method,seed_num,num_sims,E_activated_users,variance,std_deviation,avg_steps,total_steps,E_redemptions,comprehensive_score,usage_rate,random_dirichlet,degree_exponent_succ,degree_exponent_dis,degree_exponent_tran
random,148,500,36.128,23.043615999999993,4.80037665188889,1.9578378378378378,289.76,37.88,65.98,0.25594594594594594,"[10, 10, 10]",-0.5,0.8,0.0
degreeTopM,148,500,26.818,16.444876,4.055228230321938,1.7866486486486488,264.42400000000004,28.164,53.933400000000006,0.1902972972972973,"[10, 10, 10]",-0.5,0.8,0.0
pageRank,148,500,27.522,18.437516,4.2938928724410435,1.806027027027027,267.29200000000003,28.724,54.8522,0.19408108108108107,"[10, 10, 10]",-0.5,0.8,0.0
alpha_sort,148,500,47.984,26.843743999999997,5.181094864987515,1.9126486486486487,283.072,50.238,77.41820000000001,0.33944594594594596,"[10, 10, 10]",-0.5,0.8,0.0
ris_optimized,148,500,48.03,26.4771,5.145590345140196,1.9702027027027025,291.59,50.468,78.408,0.341,"[10, 10, 10]",-0.5,0.8,0.0
1hop_sort,148,500,47.716,24.411344,4.940783743496572,1.9195,284.086,50.968,77.7506,0.3443783783783784,"[10, 10, 10]",-0.5,0.8,0.0
