method,seed_num,num_sims,E_activated_users,variance,std_deviation,avg_steps,total_steps,E_redemptions,comprehensive_score,usage_rate,random_dirichlet,degree_exponent_succ,degree_exponent_dis,degree_exponent_tran
random,292,500,68.476,42.801424000000004,6.542279724988837,1.9604246575342466,572.444,73.562,128.2634,0.2519246575342466,"[10, 10, 10]",-0.5,0.8,0.0
degreeTopM,292,500,63.264,35.374304,5.947630116273204,1.9138219178082192,558.836,68.692,121.8616,0.23524657534246574,"[10, 10, 10]",-0.5,0.8,0.0
pageRank,292,500,63.044,36.862064,6.0714136739313025,1.9243150684931507,561.9,68.882,122.15299999999999,0.23589726027397262,"[10, 10, 10]",-0.5,0.8,0.0
alpha_sort,292,500,74.942,45.090635999999996,6.714956142820293,1.9539794520547946,570.562,81.032,135.0432,0.27750684931506847,"[10, 10, 10]",-0.5,0.8,0.0
ris_optimized,292,500,75.334,43.738444,6.613504668479489,1.9871712328767124,580.254,81.82,136.6024,0.28020547945205476,"[10, 10, 10]",-0.5,0.8,0.0
1hop_sort,292,500,74.686,42.711404,6.535396238943742,1.942013698630137,567.068,81.252,134.67579999999998,0.2782602739726027,"[10, 10, 10]",-0.5,0.8,0.0
