dataset,scenario,k,selection_seed,method,mean_adopters,forward_ci95_normal,forward_variance,mean_redemptions,eval_simulations,evaluation_seed,rr_samples,selection_seconds,training_estimate_not_quality,rr_memberships,seeds,protocol_version,status
network.douban,balanced,10,20260715,CIM-RIS,6.780300000000013,0.028818319938920974,2.1618480948094807,6.780499999999988,10000,8778849765351038989,100000,4.697872199998528,93.69727120200062,674330,"[103909,50203,115206,122686,58946,16398,11565,23766,137715,7961]",evidence-20260913-large-graph,REAL_EXPERIMENT
network.douban,balanced,10,20260715,IC-RIS,6.740899999999996,0.02884720388231037,2.1661838083808376,6.741100000000032,10000,8778849765351038989,100000,2.7972270999962348,,,"[10106,37372,99962,3031,6281,11628,40473,42468,44518,49224]",evidence-20260913-large-graph,REAL_EXPERIMENT
network.douban,balanced,10,20260715,1Hop-Sort,6.549700000000015,0.029434968115498256,2.255355445544562,6.554900000000008,10000,8778849765351038989,0,,,,"[6007,6816,7185,10234,21306,35844,36092,37245,37363,38417]",evidence-20260913-large-graph,REAL_EXPERIMENT
network.douban,balanced,10,20260715,Alpha-Sort,5.9907,0.028819530435714155,2.1620297129713,6.110500000000008,10000,8778849765351038989,0,,,,"[7,15,55,2,71,116,135,188,202,209]",evidence-20260913-large-graph,REAL_EXPERIMENT
network.douban,balanced,10,20260715,DegreeTopM,5.995299999999995,0.030234331700683296,2.3795158615861696,6.001399999999999,10000,8778849765351038989,0,,,,"[255,875,7946,874,168,4371,2971,3527,6836,26]",evidence-20260913-large-graph,REAL_EXPERIMENT
network.douban,balanced,10,20260715,PageRank,5.979399999999991,0.03008080383464397,2.355411181118106,5.985600000000004,10000,8778849765351038989,0,,,,"[255,875,874,4371,7946,168,3527,2971,6855,26]",evidence-20260913-large-graph,REAL_EXPERIMENT
network.douban,balanced,10,20260715,Random,6.623900000000026,0.029165631256173004,2.214270217021699,6.623900000000026,10000,8778849765351038989,0,,,,"[69777,137985,49476,119398,148528,1375,77455,36856,11566,59010]",evidence-20260913-large-graph,REAL_EXPERIMENT
network.douban,balanced,10,20260716,CIM-RIS,6.7179999999999875,0.028958257375522864,2.182894289428947,6.718099999999994,10000,11918377225008597340,100000,4.57578459999786,84.48114616573825,677492,"[123847,2353,76683,16892,2588,87212,1890,1549,35584,49792]",evidence-20260913-large-graph,REAL_EXPERIMENT
network.douban,balanced,10,20260716,IC-RIS,6.646099999999998,0.0290455494098571,2.1960743974397388,6.646700000000001,10000,11918377225008597340,100000,2.735853099999076,,,"[23882,51897,93025,7054,8494,8912,23944,24548,28663,32680]",evidence-20260913-large-graph,REAL_EXPERIMENT
network.douban,balanced,10,20260716,1Hop-Sort,6.532199999999979,0.029465190229983822,2.259989158915905,6.539799999999998,10000,11918377225008597340,0,,,,"[6007,6816,7185,10234,21306,35844,36092,37245,37363,38417]",evidence-20260913-large-graph,REAL_EXPERIMENT
network.douban,balanced,10,20260716,Alpha-Sort,5.99540000000002,0.028833960028055296,2.164195259525955,6.1093000000000055,10000,11918377225008597340,0,,,,"[7,15,55,2,71,116,135,188,202,209]",evidence-20260913-large-graph,REAL_EXPERIMENT
network.douban,balanced,10,20260716,DegreeTopM,6.007499999999996,0.030115703520918396,2.3608798379838003,6.014000000000001,10000,11918377225008597340,0,,,,"[255,875,7946,874,168,4371,2971,3527,6836,26]",evidence-20260913-large-graph,REAL_EXPERIMENT
network.douban,balanced,10,20260716,PageRank,5.997100000000003,0.030163173687778447,2.3683284228422794,6.003799999999978,10000,11918377225008597340,0,,,,"[255,875,874,4371,7946,168,3527,2971,6855,26]",evidence-20260913-large-graph,REAL_EXPERIMENT
network.douban,balanced,10,20260716,Random,6.694000000000009,0.02907271388276725,2.200184018401832,6.694100000000003,10000,11918377225008597340,0,,,,"[149739,72813,47533,140060,16257,112414,105761,95846,78290,140666]",evidence-20260913-large-graph,REAL_EXPERIMENT
network.douban,balanced,10,20260717,CIM-RIS,6.723199999999995,0.02914410504385893,2.211002860286036,6.723800000000024,10000,3392819042624745845,100000,4.4983179999981076,84.48114616573825,681054,"[8675,7010,27277,134406,43552,4087,57899,4420,18672,12704]",evidence-20260913-large-graph,REAL_EXPERIMENT
network.douban,balanced,10,20260717,IC-RIS,6.5350999999999795,0.02936726604009752,2.2449924892489195,6.5350999999999795,10000,3392819042624745845,100000,2.770864399994025,,,"[69015,269,20452,26908,28460,50158,59469,110654,1150,1983]",evidence-20260913-large-graph,REAL_EXPERIMENT
network.douban,balanced,10,20260717,1Hop-Sort,6.517300000000022,0.029240961956461253,2.225723282328234,6.5236000000000125,10000,3392819042624745845,0,,,,"[6007,6816,7185,10234,21306,35844,36092,37245,37363,38417]",evidence-20260913-large-graph,REAL_EXPERIMENT
network.douban,balanced,10,20260717,Alpha-Sort,5.953600000000017,0.028726284807302938,2.1480618461846195,6.0718999999999985,10000,3392819042624745845,0,,,,"[7,15,55,2,71,116,135,188,202,209]",evidence-20260913-large-graph,REAL_EXPERIMENT
network.douban,balanced,10,20260717,DegreeTopM,5.983200000000014,0.03039174632208639,2.4043581958195843,5.9897999999999865,10000,3392819042624745845,0,,,,"[255,875,7946,874,168,4371,2971,3527,6836,26]",evidence-20260913-large-graph,REAL_EXPERIMENT
network.douban,balanced,10,20260717,PageRank,5.981200000000007,0.030173075148814312,2.3698835483548413,5.987899999999995,10000,3392819042624745845,0,,,,"[255,875,874,4371,7946,168,3527,2971,6855,26]",evidence-20260913-large-graph,REAL_EXPERIMENT
network.douban,balanced,10,20260717,Random,6.621000000000019,0.029358048009673506,2.2435833583358358,6.621199999999995,10000,3392819042624745845,0,,,,"[124838,76176,71366,42346,20348,151110,121436,760,9935,9907]",evidence-20260913-large-graph,REAL_EXPERIMENT
network.douban,balanced,10,20260718,CIM-RIS,6.731599999999984,0.028881772703036174,2.1713785778577823,6.731599999999984,10000,16182055809435611198,100000,4.628148899995722,90.62522952324649,684625,"[48192,104262,154830,142741,45344,65564,34912,145973,46418,49331]",evidence-20260913-large-graph,REAL_EXPERIMENT
network.douban,balanced,10,20260718,IC-RIS,6.698100000000002,0.029003863625264113,2.189775367536752,6.698200000000013,10000,16182055809435611198,100000,3.3368190999972285,,,"[73662,75509,106008,9860,19910,35223,37944,38733,38823,47594]",evidence-20260913-large-graph,REAL_EXPERIMENT
network.douban,balanced,10,20260718,1Hop-Sort,6.519200000000017,0.02955546609030521,2.2738587458745867,6.525399999999996,10000,16182055809435611198,0,,,,"[6007,6816,7185,10234,21306,35844,36092,37245,37363,38417]",evidence-20260913-large-graph,REAL_EXPERIMENT
network.douban,balanced,10,20260718,Alpha-Sort,5.945099999999994,0.028951689241724685,2.181904180418047,6.058900000000003,10000,16182055809435611198,0,,,,"[7,15,55,2,71,116,135,188,202,209]",evidence-20260913-large-graph,REAL_EXPERIMENT
network.douban,balanced,10,20260718,DegreeTopM,5.988099999999985,0.03069514975243215,2.452603650365045,5.995099999999989,10000,16182055809435611198,0,,,,"[255,875,7946,874,168,4371,2971,3527,6836,26]",evidence-20260913-large-graph,REAL_EXPERIMENT
network.douban,balanced,10,20260718,PageRank,5.9881999999999875,0.03065069852537798,2.4455053105310496,5.9931999999999945,10000,16182055809435611198,0,,,,"[255,875,874,4371,7946,168,3527,2971,6855,26]",evidence-20260913-large-graph,REAL_EXPERIMENT
network.douban,balanced,10,20260718,Random,6.690400000000016,0.02896934566940122,2.184566296629673,6.690699999999992,10000,16182055809435611198,0,,,,"[1489,116978,106082,147338,145372,49370,97499,96979,109859,55501]",evidence-20260913-large-graph,REAL_EXPERIMENT
network.douban,balanced,10,20260719,CIM-RIS,6.5784000000000065,0.029327241844773387,2.2388773277327862,6.578599999999995,10000,2169475292449609441,100000,4.963639200002945,84.48114616573825,679271,"[9177,6555,4727,14503,104765,78116,24207,437,99568,146209]",evidence-20260913-large-graph,REAL_EXPERIMENT
network.douban,balanced,10,20260719,IC-RIS,6.792599999999984,0.02864551124224932,2.135998839883986,6.792599999999984,10000,2169475292449609441,100000,2.8744641000012052,,,"[1634,53772,76048,77581,92291,111486,139104,146708,2590,10765]",evidence-20260913-large-graph,REAL_EXPERIMENT
network.douban,balanced,10,20260719,1Hop-Sort,6.530200000000016,0.02925270098238928,2.227510711071113,6.535799999999998,10000,2169475292449609441,0,,,,"[6007,6816,7185,10234,21306,35844,36092,37245,37363,38417]",evidence-20260913-large-graph,REAL_EXPERIMENT
network.douban,balanced,10,20260719,Alpha-Sort,5.9818000000000255,0.028636681455679883,2.1346822282228244,6.096400000000031,10000,2169475292449609441,0,,,,"[7,15,55,2,71,116,135,188,202,209]",evidence-20260913-large-graph,REAL_EXPERIMENT
network.douban,balanced,10,20260719,DegreeTopM,5.9961000000000055,0.02997530651764018,2.338918681868185,6.0022,10000,2169475292449609441,0,,,,"[255,875,7946,874,168,4371,2971,3527,6836,26]",evidence-20260913-large-graph,REAL_EXPERIMENT
network.douban,balanced,10,20260719,PageRank,5.973799999999994,0.029910052329152396,2.3287464346434676,5.980300000000009,10000,2169475292449609441,0,,,,"[255,875,874,4371,7946,168,3527,2971,6855,26]",evidence-20260913-large-graph,REAL_EXPERIMENT
network.douban,balanced,10,20260719,Random,6.673200000000023,0.028989589506434415,2.187620522052198,6.673200000000023,10000,2169475292449609441,0,,,,"[76344,82998,125277,51460,119539,121889,143913,56302,104595,118130]",evidence-20260913-large-graph,REAL_EXPERIMENT
network.douban,balanced,25,20260715,CIM-RIS,16.90339999999988,0.045828870556103136,5.467215161516183,16.904599999999945,10000,12716612107315347404,100000,9.938502600001812,219.96625281515145,1676095,"[116211,10465,27864,55654,97607,26554,50912,15506,112276,116082,132827,8264,62034,30901,130739,25731,19766,47829,11332,74319,24696,13348,100283,939,32269]",evidence-20260913-large-graph,REAL_EXPERIMENT
network.douban,balanced,25,20260715,IC-RIS,16.930499999999903,0.045866585501065475,5.4762173717371665,16.930799999999994,10000,12716612107315347404,100000,3.8665263000002597,,,"[17400,29838,33360,47499,69362,85190,2466,2826,14209,19359,21925,22254,30704,36121,43907,48241,51239,51461,55817,58659,66711,71563,74864,75491,78734]",evidence-20260913-large-graph,REAL_EXPERIMENT
network.douban,balanced,25,20260715,1Hop-Sort,16.3228000000001,0.04677288427856415,5.694769636963645,16.33359999999998,10000,12716612107315347404,0,,,,"[6007,6816,7185,10234,21306,35844,36092,37245,37363,38417,45643,84823,85385,89604,90357,91657,91844,95516,98445,99155,99156,101203,101875,104119,112764]",evidence-20260913-large-graph,REAL_EXPERIMENT
network.douban,balanced,25,20260715,Alpha-Sort,15.878299999999987,0.04553712713261942,5.397828892889274,16.541399999999932,10000,12716612107315347404,0,,,,"[7,15,55,2,71,116,135,188,202,209,211,213,279,282,295,319,325,375,387,389,401,421,426,447,450]",evidence-20260913-large-graph,REAL_EXPERIMENT
network.douban,balanced,25,20260715,DegreeTopM,15.032499999999976,0.04885106829627545,6.2120649564956505,15.06029999999992,10000,12716612107315347404,0,,,,"[255,875,7946,874,168,4371,2971,3527,6836,26,6855,1465,3020,474,3463,969,180,573,3261,4153,2613,47,92,5179,1234]",evidence-20260913-large-graph,REAL_EXPERIMENT
network.douban,balanced,25,20260715,PageRank,14.973900000000015,0.0483243422570019,6.078826672667272,15.001999999999972,10000,12716612107315347404,0,,,,"[255,875,874,4371,7946,168,3527,2971,6855,26,180,1465,6836,3020,3463,474,3261,4153,969,7204,2613,47,429,573,8172]",evidence-20260913-large-graph,REAL_EXPERIMENT
network.douban,balanced,25,20260715,Random,16.930999999999884,0.04578009790265196,5.455584558455846,16.933499999999896,10000,12716612107315347404,0,,,,"[33397,12512,57893,125321,146045,51218,67070,85345,27804,73703,44142,54314,56165,75553,75864,117891,42722,154735,112860,119944,35832,29692,66306,96260,143857]",evidence-20260913-large-graph,REAL_EXPERIMENT
network.douban,balanced,25,20260716,CIM-RIS,16.770700000000016,0.044660657862571555,5.192040714071415,16.778900000000075,10000,7270902010522651774,100000,9.954173099999025,221.515310933568,1686620,"[83071,108791,54151,154401,3574,110775,3564,144492,12500,3659,45095,13469,869,9133,128583,22897,44971,47649,108183,92705,86848,81305,67252,5630,90203]",evidence-20260913-large-graph,REAL_EXPERIMENT
network.douban,balanced,25,20260716,IC-RIS,16.773099999999975,0.04535760129881171,5.355351925192539,16.773800000000055,10000,7270902010522651774,100000,4.248948100001144,,,"[3462,23685,54759,81506,151163,1806,4767,13888,40257,41249,42548,43487,47018,55063,57478,61786,68920,72571,76737,85041,101790,115085,125470,125960,131168]",evidence-20260913-large-graph,REAL_EXPERIMENT
network.douban,balanced,25,20260716,1Hop-Sort,16.324500000000068,0.045959177283298576,5.498349584958528,16.33479999999998,10000,7270902010522651774,0,,,,"[6007,6816,7185,10234,21306,35844,36092,37245,37363,38417,45643,84823,85385,89604,90357,91657,91844,95516,98445,99155,99156,101203,101875,104119,112764]",evidence-20260913-large-graph,REAL_EXPERIMENT
network.douban,balanced,25,20260716,Alpha-Sort,15.920699999999997,0.045261763514088185,5.332744784478458,16.5667999999999,10000,7270902010522651774,0,,,,"[7,15,55,2,71,116,135,188,202,209,211,213,279,282,295,319,325,375,387,389,401,421,426,447,450]",evidence-20260913-large-graph,REAL_EXPERIMENT
network.douban,balanced,25,20260716,DegreeTopM,15.03480000000004,0.047902601607821615,5.973186278627849,15.063599999999973,10000,7270902010522651774,0,,,,"[255,875,7946,874,168,4371,2971,3527,6836,26,6855,1465,3020,474,3463,969,180,573,3261,4153,2613,47,92,5179,1234]",evidence-20260913-large-graph,REAL_EXPERIMENT
network.douban,balanced,25,20260716,PageRank,14.970799999999974,0.04817435781297629,6.041151475147517,14.996999999999964,10000,7270902010522651774,0,,,,"[255,875,874,4371,7946,168,3527,2971,6855,26,180,1465,6836,3020,3463,474,3261,4153,969,7204,2613,47,429,573,8172]",evidence-20260913-large-graph,REAL_EXPERIMENT
network.douban,balanced,25,20260716,Random,16.836499999999884,0.04521486748033355,5.321699919991993,16.83700000000006,10000,7270902010522651774,0,,,,"[11552,82212,6309,128265,149471,76334,34698,118282,48021,83739,95272,70210,35891,2660,49715,108165,153416,103699,74372,104566,122230,72991,27312,51163,139892]",evidence-20260913-large-graph,REAL_EXPERIMENT
network.douban,balanced,25,20260717,CIM-RIS,16.867900000000116,0.046017865040489256,5.512400830082995,16.872400000000134,10000,15900870154299457546,100000,10.078657400001248,221.515310933568,1680108,"[17741,12735,81376,440,16901,21783,152252,12406,59205,8845,96949,37472,91102,9604,67605,19562,9064,30633,2704,22273,133059,68362,36411,82817,50696]",evidence-20260913-large-graph,REAL_EXPERIMENT
network.douban,balanced,25,20260717,IC-RIS,16.80269999999998,0.046090956356962205,5.529925702570269,16.803399999999964,10000,15900870154299457546,100000,3.6569340999994893,,,"[26973,66194,78414,92786,97507,109333,9137,9740,13781,30432,35772,42568,58311,66905,69407,74541,74794,87475,98165,108593,112364,114343,115920,117842,123172]",evidence-20260913-large-graph,REAL_EXPERIMENT
network.douban,balanced,25,20260717,1Hop-Sort,16.367199999999976,0.04657682930179322,5.647128872887295,16.37590000000006,10000,15900870154299457546,0,,,,"[6007,6816,7185,10234,21306,35844,36092,37245,37363,38417,45643,84823,85385,89604,90357,91657,91844,95516,98445,99155,99156,101203,101875,104119,112764]",evidence-20260913-large-graph,REAL_EXPERIMENT
network.douban,balanced,25,20260717,Alpha-Sort,15.889399999999942,0.04528618699400128,5.33850149014903,16.560300000000034,10000,15900870154299457546,0,,,,"[7,15,55,2,71,116,135,188,202,209,211,213,279,282,295,319,325,375,387,389,401,421,426,447,450]",evidence-20260913-large-graph,REAL_EXPERIMENT
network.douban,balanced,25,20260717,DegreeTopM,15.01840000000001,0.047987832770399176,5.994460886088602,15.046199999999958,10000,15900870154299457546,0,,,,"[255,875,7946,874,168,4371,2971,3527,6836,26,6855,1465,3020,474,3463,969,180,573,3261,4153,2613,47,92,5179,1234]",evidence-20260913-large-graph,REAL_EXPERIMENT
network.douban,balanced,25,20260717,PageRank,14.965700000000016,0.047785901067529155,5.944117921792182,14.99149999999998,10000,15900870154299457546,0,,,,"[255,875,874,4371,7946,168,3527,2971,6855,26,180,1465,6836,3020,3463,474,3261,4153,969,7204,2613,47,429,573,8172]",evidence-20260913-large-graph,REAL_EXPERIMENT
network.douban,balanced,25,20260717,Random,16.69689999999993,0.04605533966928921,5.521382528252823,16.697600000000048,10000,15900870154299457546,0,,,,"[69024,62625,132609,4003,100604,80953,20399,45615,84918,7089,130300,45251,150736,86663,48729,111109,154050,24268,116004,145762,86848,968,69988,89636,141942]",evidence-20260913-large-graph,REAL_EXPERIMENT
network.douban,balanced,25,20260718,CIM-RIS,16.84240000000002,0.045715949699465866,5.440306270627065,16.843500000000066,10000,5935473546990076328,100000,11.166826000000583,218.41719469673484,1681507,"[154430,7702,8673,101525,21085,127483,70037,127398,108778,35710,6176,36501,88379,66589,1894,21832,5542,13260,46883,117475,71066,23226,10720,24296,77335]",evidence-20260913-large-graph,REAL_EXPERIMENT
network.douban,balanced,25,20260718,IC-RIS,16.779300000000102,0.04637606594387716,5.598551365136513,16.779699999999973,10000,5935473546990076328,100000,4.393439799998305,,,"[20181,23786,127011,8702,9021,10790,11776,14600,22930,23420,24895,30051,31834,43036,43305,58191,59076,61795,67111,76425,76793,79234,79653,83632,83711]",evidence-20260913-large-graph,REAL_EXPERIMENT
network.douban,balanced,25,20260718,1Hop-Sort,16.370300000000032,0.04647448966610148,5.622340144014403,16.380000000000074,10000,5935473546990076328,0,,,,"[6007,6816,7185,10234,21306,35844,36092,37245,37363,38417,45643,84823,85385,89604,90357,91657,91844,95516,98445,99155,99156,101203,101875,104119,112764]",evidence-20260913-large-graph,REAL_EXPERIMENT
network.douban,balanced,25,20260718,Alpha-Sort,15.92159999999998,0.045035585817322164,5.2795813981398085,16.60230000000004,10000,5935473546990076328,0,,,,"[7,15,55,2,71,116,135,188,202,209,211,213,279,282,295,319,325,375,387,389,401,421,426,447,450]",evidence-20260913-large-graph,REAL_EXPERIMENT
network.douban,balanced,25,20260718,DegreeTopM,15.056999999999976,0.04781816066944633,5.952146214621471,15.087200000000006,10000,5935473546990076328,0,,,,"[255,875,7946,874,168,4371,2971,3527,6836,26,6855,1465,3020,474,3463,969,180,573,3261,4153,2613,47,92,5179,1234]",evidence-20260913-large-graph,REAL_EXPERIMENT
network.douban,balanced,25,20260718,PageRank,15.014499999999941,0.04800315536141847,5.99828957895793,15.040800000000008,10000,5935473546990076328,0,,,,"[255,875,874,4371,7946,168,3527,2971,6855,26,180,1465,6836,3020,3463,474,3261,4153,969,7204,2613,47,429,573,8172]",evidence-20260913-large-graph,REAL_EXPERIMENT
network.douban,balanced,25,20260718,Random,16.75720000000004,0.04551838904794143,5.393387498749882,16.76949999999996,10000,5935473546990076328,0,,,,"[55933,3478,80148,110195,69603,84459,24014,67745,117885,87978,152592,145191,73197,140967,10180,44216,35286,87085,139205,43545,33853,119148,9773,66459,22718]",evidence-20260913-large-graph,REAL_EXPERIMENT
network.douban,balanced,25,20260719,CIM-RIS,16.602199999999996,0.04628552690923731,5.5767128312831415,16.60359999999988,10000,17827898418628861169,100000,9.874570299994957,219.96625281515145,1674003,"[3705,66746,2172,391,31176,17911,24639,23269,16336,122781,24212,16936,60742,51663,78783,18852,4192,26891,1236,79217,7920,109028,143949,1876,8241]",evidence-20260913-large-graph,REAL_EXPERIMENT
network.douban,balanced,25,20260719,IC-RIS,16.7963,0.04588306970613634,5.4801543254325455,16.796799999999973,10000,17827898418628861169,100000,3.5394635000047856,,,"[52972,72820,7265,8947,11627,17613,24246,27170,31954,46741,47286,47673,53628,58791,62658,69947,70982,72186,76301,77176,80601,83514,88017,88650,91449]",evidence-20260913-large-graph,REAL_EXPERIMENT
network.douban,balanced,25,20260719,1Hop-Sort,16.37330000000005,0.046552831561466126,5.641311241124106,16.384999999999962,10000,17827898418628861169,0,,,,"[6007,6816,7185,10234,21306,35844,36092,37245,37363,38417,45643,84823,85385,89604,90357,91657,91844,95516,98445,99155,99156,101203,101875,104119,112764]",evidence-20260913-large-graph,REAL_EXPERIMENT
network.douban,balanced,25,20260719,Alpha-Sort,15.916100000000005,0.044934838722971965,5.255986388638852,16.570299999999946,10000,17827898418628861169,0,,,,"[7,15,55,2,71,116,135,188,202,209,211,213,279,282,295,319,325,375,387,389,401,421,426,447,450]",evidence-20260913-large-graph,REAL_EXPERIMENT
network.douban,balanced,25,20260719,DegreeTopM,15.02479999999999,0.04732889908610243,5.830968056805673,15.054300000000019,10000,17827898418628861169,0,,,,"[255,875,7946,874,168,4371,2971,3527,6836,26,6855,1465,3020,474,3463,969,180,573,3261,4153,2613,47,92,5179,1234]",evidence-20260913-large-graph,REAL_EXPERIMENT
network.douban,balanced,25,20260719,PageRank,14.961999999999984,0.04731497952751099,5.8275387538754275,14.990200000000003,10000,17827898418628861169,0,,,,"[255,875,874,4371,7946,168,3527,2971,6855,26,180,1465,6836,3020,3463,474,3261,4153,969,7204,2613,47,429,573,8172]",evidence-20260913-large-graph,REAL_EXPERIMENT
network.douban,balanced,25,20260719,Random,16.96380000000005,0.04575764545495496,5.450234583458351,16.964100000000027,10000,17827898418628861169,0,,,,"[98701,24717,42829,138378,70863,63858,53948,20327,12968,23386,24132,139260,8334,39438,86388,11237,141199,19683,152654,66969,143494,59832,25821,89701,143623]",evidence-20260913-large-graph,REAL_EXPERIMENT
network.douban,balanced,50,20260715,CIM-RIS,33.59100000000008,0.06489528703124656,10.962615261526132,33.595600000000154,10000,2209688985628171846,100000,18.768889899998612,439.9358799393997,3379009,"[128077,8234,130950,10962,18958,120547,7015,27324,13191,26191,13968,55144,34457,54848,26346,110156,10800,30567,53150,8305,39360,12565,18108,99953,48292,86114,10417,24569,29545,8735,106094,4213,30872,21989,32946,3258,39780,33604,5669,8597,17535,48524,81190,38264,1702,49480,96904,50708,89484,23608]",evidence-20260913-large-graph,REAL_EXPERIMENT
network.douban,balanced,50,20260715,IC-RIS,33.75979999999999,0.06449200225693974,10.826786638663895,33.765499999999925,10000,2209688985628171846,100000,4.909460200004105,,,"[129044,148226,1699,9192,10211,11899,16058,16617,17561,18029,21665,24249,30873,31290,35304,37401,40138,40360,54843,55159,57388,62760,73088,76771,93804,99130,102008,105430,112650,112653,113136,113728,123064,124083,130150,133576,133869,135250,147551,4579,6884,8264,9314,10003,10095,10464,12940,13345,13981,14010]",evidence-20260913-large-graph,REAL_EXPERIMENT
network.douban,balanced,50,20260715,1Hop-Sort,32.65890000000017,0.06596581869733764,11.327283518351784,32.676500000000004,10000,2209688985628171846,0,,,,"[6007,6816,7185,10234,21306,35844,36092,37245,37363,38417,45643,84823,85385,89604,90357,91657,91844,95516,98445,99155,99156,101203,101875,104119,112764,123087,124519,125596,127604,128081,128790,128871,128889,131290,133466,133739,134108,134739,135703,136008,136186,136307,137465,138698,139027,141095,142220,142776,143569,144068]",evidence-20260913-large-graph,REAL_EXPERIMENT
network.douban,balanced,50,20260715,Alpha-Sort,32.51309999999983,0.06410577887672027,10.69749813981402,33.96339999999996,10000,2209688985628171846,0,,,,"[7,15,55,2,71,116,135,188,202,209,211,213,279,282,295,319,325,375,387,389,401,421,426,447,450,514,593,594,614,633,659,670,685,687,700,713,740,742,753,803,810,817,818,820,821,835,844,847,850,861]",evidence-20260913-large-graph,REAL_EXPERIMENT
network.douban,balanced,50,20260715,DegreeTopM,30.119199999999942,0.0683509287852344,12.16120748074808,30.210599999999953,10000,2209688985628171846,0,,,,"[255,875,7946,874,168,4371,2971,3527,6836,26,6855,1465,3020,474,3463,969,180,573,3261,4153,2613,47,92,5179,1234,2915,961,1264,4234,8186,429,7204,8172,8915,3763,882,8871,3499,9297,841,1827,419,2942,7186,1160,8788,263,9369,437,579]",evidence-20260913-large-graph,REAL_EXPERIMENT
network.douban,balanced,50,20260715,PageRank,29.972899999999942,0.06807600017064991,12.063571947194726,30.05870000000001,10000,2209688985628171846,0,,,,"[255,875,874,4371,7946,168,3527,2971,6855,26,180,1465,6836,3020,3463,474,3261,4153,969,7204,2613,47,429,573,8172,2915,5179,4234,1160,92,1264,8915,882,961,1234,459,419,8871,7186,219,3763,7719,15188,8186,6163,592,437,9297,6429,11008]",evidence-20260913-large-graph,REAL_EXPERIMENT
network.douban,balanced,50,20260715,Random,33.759799999999906,0.06477850787708749,10.92319627962798,33.761700000000026,10000,2209688985628171846,0,,,,"[152162,122020,53206,29387,111694,85591,39536,139139,78296,148459,129548,119860,31713,56780,105265,144123,109876,86793,68100,21247,96063,4092,117546,152054,8395,144665,82489,120147,21363,11601,19080,114794,96360,75796,102242,60750,130634,26869,69159,153611,52203,121805,56908,83274,67519,84547,124699,87128,110803,50054]",evidence-20260913-large-graph,REAL_EXPERIMENT
network.douban,balanced,50,20260716,CIM-RIS,33.134100000000075,0.06547524595214319,11.159433133313316,33.172199999999776,10000,17226204637548271583,100000,18.128233399998862,425.9942499413201,3369896,"[4719,139489,28217,53938,12948,101249,91001,68433,886,4237,6938,18763,18779,28239,15999,115524,30415,25149,48515,43692,20768,14364,28909,5995,58790,35203,5670,6380,955,857,9363,5224,39050,7135,48957,125131,53129,138974,54366,126244,13502,2383,9883,16608,10314,60102,1060,2013,22014,137912]",evidence-20260913-large-graph,REAL_EXPERIMENT
network.douban,balanced,50,20260716,IC-RIS,33.526999999999866,0.06470601191665125,10.898760876087602,33.53300000000009,10000,17226204637548271583,100000,4.917664900000091,,,"[7725,10823,108245,124808,133196,3468,8086,8204,12054,14789,22640,34025,37532,41079,44448,48375,57268,68922,85436,89390,90690,94554,97864,106916,108622,110063,110451,113449,121686,121789,131197,139228,146662,147151,150978,978,3168,3391,4582,5012,5991,6004,6105,6114,6230,6318,6673,7082,7912,9498]",evidence-20260913-large-graph,REAL_EXPERIMENT
network.douban,balanced,50,20260716,1Hop-Sort,32.684199999999954,0.06542580001060981,11.142584618461871,32.70179999999979,10000,17226204637548271583,0,,,,"[6007,6816,7185,10234,21306,35844,36092,37245,37363,38417,45643,84823,85385,89604,90357,91657,91844,95516,98445,99155,99156,101203,101875,104119,112764,123087,124519,125596,127604,128081,128790,128871,128889,131290,133466,133739,134108,134739,135703,136008,136186,136307,137465,138698,139027,141095,142220,142776,143569,144068]",evidence-20260913-large-graph,REAL_EXPERIMENT
network.douban,balanced,50,20260716,Alpha-Sort,32.51590000000006,0.06328824469601027,10.4263898289829,33.9579000000001,10000,17226204637548271583,0,,,,"[7,15,55,2,71,116,135,188,202,209,211,213,279,282,295,319,325,375,387,389,401,421,426,447,450,514,593,594,614,633,659,670,685,687,700,713,740,742,753,803,810,817,818,820,821,835,844,847,850,861]",evidence-20260913-large-graph,REAL_EXPERIMENT
network.douban,balanced,50,20260716,DegreeTopM,30.153299999999987,0.0673446978234374,11.805779687968798,30.24550000000001,10000,17226204637548271583,0,,,,"[255,875,7946,874,168,4371,2971,3527,6836,26,6855,1465,3020,474,3463,969,180,573,3261,4153,2613,47,92,5179,1234,2915,961,1264,4234,8186,429,7204,8172,8915,3763,882,8871,3499,9297,841,1827,419,2942,7186,1160,8788,263,9369,437,579]",evidence-20260913-large-graph,REAL_EXPERIMENT
network.douban,balanced,50,20260716,PageRank,29.949500000000064,0.06732344534104934,11.798329582958296,30.038899999999913,10000,17226204637548271583,0,,,,"[255,875,874,4371,7946,168,3527,2971,6855,26,180,1465,6836,3020,3463,474,3261,4153,969,7204,2613,47,429,573,8172,2915,5179,4234,1160,92,1264,8915,882,961,1234,459,419,8871,7186,219,3763,7719,15188,8186,6163,592,437,9297,6429,11008]",evidence-20260913-large-graph,REAL_EXPERIMENT
network.douban,balanced,50,20260716,Random,33.74639999999997,0.06503180734750567,11.008787918791889,33.75320000000036,10000,17226204637548271583,0,,,,"[103319,116481,83098,142997,112539,70139,14234,63563,22152,37419,132363,53950,29847,135827,73503,122207,122316,42156,128016,34450,73694,144406,153830,125466,108726,46386,109885,38297,139606,79076,77210,46075,54824,93245,120073,72094,35563,117909,13604,63982,29175,120755,34261,34565,48815,33160,77442,37266,64524,114602]",evidence-20260913-large-graph,REAL_EXPERIMENT
network.douban,balanced,50,20260717,CIM-RIS,33.32609999999989,0.0644909741075488,10.826441434143401,33.35960000000012,10000,12730350347600206779,100000,18.34212149999803,449.23029993811934,3350343,"[27839,83011,110759,74968,39973,4807,9462,860,19340,34801,29070,7108,97233,118012,42110,20551,91769,17734,29097,12531,7642,2766,722,1253,17833,25207,88951,23837,102958,152903,102881,52627,103721,91275,123901,36441,39028,130397,1029,13260,102918,60025,13781,40593,44148,108000,111235,3430,85088,22444]",evidence-20260913-large-graph,REAL_EXPERIMENT
network.douban,balanced,50,20260717,IC-RIS,33.59250000000011,0.06505766888713511,11.01754550455047,33.59670000000015,10000,12730350347600206779,100000,4.942414400000416,,,"[126337,130563,87728,15261,16765,23630,25700,31095,45464,45799,52721,62677,70861,72191,72651,75932,77972,101548,103544,104926,106936,106973,119161,119452,135711,136449,140236,141630,143793,146268,149608,151866,2513,4423,4918,5127,5287,5583,6214,6333,7183,7205,9267,10027,10814,12197,13304,13883,15157,15664]",evidence-20260913-large-graph,REAL_EXPERIMENT
network.douban,balanced,50,20260717,1Hop-Sort,32.673500000000026,0.06644384665351498,11.492046954695471,32.689800000000005,10000,12730350347600206779,0,,,,"[6007,6816,7185,10234,21306,35844,36092,37245,37363,38417,45643,84823,85385,89604,90357,91657,91844,95516,98445,99155,99156,101203,101875,104119,112764,123087,124519,125596,127604,128081,128790,128871,128889,131290,133466,133739,134108,134739,135703,136008,136186,136307,137465,138698,139027,141095,142220,142776,143569,144068]",evidence-20260913-large-graph,REAL_EXPERIMENT
network.douban,balanced,50,20260717,Alpha-Sort,32.56319999999975,0.06465889403646957,10.882894049404936,33.998100000000214,10000,12730350347600206779,0,,,,"[7,15,55,2,71,116,135,188,202,209,211,213,279,282,295,319,325,375,387,389,401,421,426,447,450,514,593,594,614,633,659,670,685,687,700,713,740,742,753,803,810,817,818,820,821,835,844,847,850,861]",evidence-20260913-large-graph,REAL_EXPERIMENT
network.douban,balanced,50,20260717,DegreeTopM,30.13620000000008,0.06798531364387982,12.031452705270489,30.231100000000033,10000,12730350347600206779,0,,,,"[255,875,7946,874,168,4371,2971,3527,6836,26,6855,1465,3020,474,3463,969,180,573,3261,4153,2613,47,92,5179,1234,2915,961,1264,4234,8186,429,7204,8172,8915,3763,882,8871,3499,9297,841,1827,419,2942,7186,1160,8788,263,9369,437,579]",evidence-20260913-large-graph,REAL_EXPERIMENT
network.douban,balanced,50,20260717,PageRank,30.017200000000024,0.06763021045836146,11.90609476947695,30.10339999999995,10000,12730350347600206779,0,,,,"[255,875,874,4371,7946,168,3527,2971,6855,26,180,1465,6836,3020,3463,474,3261,4153,969,7204,2613,47,429,573,8172,2915,5179,4234,1160,92,1264,8915,882,961,1234,459,419,8871,7186,219,3763,7719,15188,8186,6163,592,437,9297,6429,11008]",evidence-20260913-large-graph,REAL_EXPERIMENT
network.douban,balanced,50,20260717,Random,33.49019999999994,0.06522004543624806,11.072611221122088,33.4951999999999,10000,12730350347600206779,0,,,,"[82752,95354,48622,93677,126997,78854,81010,30926,42631,10329,87556,18829,112741,58308,65726,27400,3264,124926,137506,136197,74467,93233,154381,1792,113078,145504,125298,10221,88402,126237,154477,143535,83190,131568,137827,109443,90331,138844,114686,5762,116788,135288,4511,133052,57029,64081,53733,41514,103266,92819]",evidence-20260913-large-graph,REAL_EXPERIMENT
network.douban,balanced,50,20260718,CIM-RIS,33.68339999999994,0.06518604805751416,11.061070547054731,33.687299999999865,10000,1416986473040777944,100000,18.514944399998058,433.7395999402532,3330346,"[153156,55607,45751,75331,88551,72327,13854,7919,45318,110677,45923,2185,6359,8881,62786,67824,40321,117824,56022,4803,49816,63454,13041,691,4876,114871,109738,6596,19425,19807,2754,114361,9766,102283,92145,53266,5800,1878,80381,14237,41515,5601,98123,52807,4606,60702,52271,26274,93559,9834]",evidence-20260913-large-graph,REAL_EXPERIMENT
network.douban,balanced,50,20260718,IC-RIS,33.476199999999835,0.06550843887596475,11.17075063506354,33.491100000000046,10000,1416986473040777944,100000,4.958518699997512,,,"[70060,36249,111215,387,3003,3553,6217,11911,24874,34461,38221,39989,43145,49618,57235,61820,64324,64592,69365,70156,71789,80752,95822,103824,116898,120402,120674,126364,132515,137125,137951,149391,90,2620,3330,3401,4896,4922,5055,5174,10039,10042,10242,10686,12781,15662,15729,16137,16438,17141]",evidence-20260913-large-graph,REAL_EXPERIMENT
network.douban,balanced,50,20260718,1Hop-Sort,32.69289999999987,0.06673259986605411,11.592148804880477,32.711299999999824,10000,1416986473040777944,0,,,,"[6007,6816,7185,10234,21306,35844,36092,37245,37363,38417,45643,84823,85385,89604,90357,91657,91844,95516,98445,99155,99156,101203,101875,104119,112764,123087,124519,125596,127604,128081,128790,128871,128889,131290,133466,133739,134108,134739,135703,136008,136186,136307,137465,138698,139027,141095,142220,142776,143569,144068]",evidence-20260913-large-graph,REAL_EXPERIMENT
network.douban,balanced,50,20260718,Alpha-Sort,32.56510000000011,0.06373110897751223,10.572819271927168,33.984899999999975,10000,1416986473040777944,0,,,,"[7,15,55,2,71,116,135,188,202,209,211,213,279,282,295,319,325,375,387,389,401,421,426,447,450,514,593,594,614,633,659,670,685,687,700,713,740,742,753,803,810,817,818,820,821,835,844,847,850,861]",evidence-20260913-large-graph,REAL_EXPERIMENT
network.douban,balanced,50,20260718,DegreeTopM,30.17449999999995,0.06817831118597485,12.099859735973615,30.2677,10000,1416986473040777944,0,,,,"[255,875,7946,874,168,4371,2971,3527,6836,26,6855,1465,3020,474,3463,969,180,573,3261,4153,2613,47,92,5179,1234,2915,961,1264,4234,8186,429,7204,8172,8915,3763,882,8871,3499,9297,841,1827,419,2942,7186,1160,8788,263,9369,437,579]",evidence-20260913-large-graph,REAL_EXPERIMENT
network.douban,balanced,50,20260718,PageRank,29.998100000000036,0.06827642448309969,12.134709860986083,30.085599999999836,10000,1416986473040777944,0,,,,"[255,875,874,4371,7946,168,3527,2971,6855,26,180,1465,6836,3020,3463,474,3261,4153,969,7204,2613,47,429,573,8172,2915,5179,4234,1160,92,1264,8915,882,961,1234,459,419,8871,7186,219,3763,7719,15188,8186,6163,592,437,9297,6429,11008]",evidence-20260913-large-graph,REAL_EXPERIMENT
network.douban,balanced,50,20260718,Random,33.68529999999985,0.06580695603970693,11.272791189118916,33.68809999999977,10000,1416986473040777944,0,,,,"[11087,25048,79816,63269,49772,14913,112972,141232,141311,42011,21805,84276,91635,56728,5501,88422,12354,1693,107092,78854,145734,117950,121440,67024,37113,52973,97171,24563,37175,128328,101174,97619,115880,154229,50051,83067,97313,122429,83173,46655,111335,10835,35858,151336,76767,4432,105775,147495,57238,135374]",evidence-20260913-large-graph,REAL_EXPERIMENT
network.douban,balanced,50,20260719,CIM-RIS,33.565000000000005,0.06484688843648546,10.946269626962703,33.57,10000,4426276804878412844,100000,18.32703589999437,439.9358799393997,3373333,"[66468,37488,140718,30425,17732,20062,81089,56880,55231,7144,23740,27753,72375,23663,50344,20874,91695,13317,5736,4998,137786,30560,76310,48989,19356,4854,131527,63721,117924,24674,25535,44110,87654,43968,21504,101318,1186,100544,38857,31764,24712,11666,72029,119663,26689,7154,8333,12936,2375,4389]",evidence-20260913-large-graph,REAL_EXPERIMENT
network.douban,balanced,50,20260719,IC-RIS,33.625300000000145,0.06451283738950253,10.83378328832881,33.6289,10000,4426276804878412844,100000,4.951390399997763,,,"[30274,3914,29448,33868,52518,74622,93191,98977,13196,15434,15895,16084,17438,21370,22167,23517,25906,25992,28171,43679,52493,56129,58482,60855,66352,68095,69273,73834,73974,80223,93428,94410,98858,100491,103406,124518,131346,137330,137561,144259,148903,130,973,6207,9097,9353,11762,12175,14886,15178]",evidence-20260913-large-graph,REAL_EXPERIMENT
network.douban,balanced,50,20260719,1Hop-Sort,32.67940000000009,0.06551190515649917,11.171932833283378,32.6995000000002,10000,4426276804878412844,0,,,,"[6007,6816,7185,10234,21306,35844,36092,37245,37363,38417,45643,84823,85385,89604,90357,91657,91844,95516,98445,99155,99156,101203,101875,104119,112764,123087,124519,125596,127604,128081,128790,128871,128889,131290,133466,133739,134108,134739,135703,136008,136186,136307,137465,138698,139027,141095,142220,142776,143569,144068]",evidence-20260913-large-graph,REAL_EXPERIMENT
network.douban,balanced,50,20260719,Alpha-Sort,32.52050000000011,0.0635971907007416,10.528432593259302,33.96570000000005,10000,4426276804878412844,0,,,,"[7,15,55,2,71,116,135,188,202,209,211,213,279,282,295,319,325,375,387,389,401,421,426,447,450,514,593,594,614,633,659,670,685,687,700,713,740,742,753,803,810,817,818,820,821,835,844,847,850,861]",evidence-20260913-large-graph,REAL_EXPERIMENT
network.douban,balanced,50,20260719,DegreeTopM,30.098300000000084,0.06748614054822084,11.855422652265252,30.190900000000017,10000,4426276804878412844,0,,,,"[255,875,7946,874,168,4371,2971,3527,6836,26,6855,1465,3020,474,3463,969,180,573,3261,4153,2613,47,92,5179,1234,2915,961,1264,4234,8186,429,7204,8172,8915,3763,882,8871,3499,9297,841,1827,419,2942,7186,1160,8788,263,9369,437,579]",evidence-20260913-large-graph,REAL_EXPERIMENT
network.douban,balanced,50,20260719,PageRank,29.97079999999999,0.06752686236996167,11.869734333433325,30.056599999999932,10000,4426276804878412844,0,,,,"[255,875,874,4371,7946,168,3527,2971,6855,26,180,1465,6836,3020,3463,474,3261,4153,969,7204,2613,47,429,573,8172,2915,5179,4234,1160,92,1264,8915,882,961,1234,459,419,8871,7186,219,3763,7719,15188,8186,6163,592,437,9297,6429,11008]",evidence-20260913-large-graph,REAL_EXPERIMENT
network.douban,balanced,50,20260719,Random,33.51870000000007,0.06415017882776289,10.712321542154202,33.55120000000004,10000,4426276804878412844,0,,,,"[89958,56799,58090,74445,72192,118953,124683,119084,38619,61574,50355,103800,64446,71997,18396,140950,76315,93335,150486,66365,89531,130841,29517,152905,124423,58142,4803,17462,15129,76330,76839,117458,117882,10742,27051,124871,20744,139691,83380,47245,128872,9227,67411,44397,34927,41595,52556,116850,153362,123657]",evidence-20260913-large-graph,REAL_EXPERIMENT
network.douban,balanced,100,20260715,CIM-RIS,66.47520000000006,0.09220544568871754,22.13099805980592,66.53859999999955,10000,10754314666006249277,50000,17.397194299999683,1356.98532,3327775,"[19152,15319,3282,154686,125768,63476,67901,18584,7106,16210,9686,7955,143175,69078,26941,103152,12035,137183,131238,4371,7575,40812,37903,16905,96632,16420,74886,105586,24595,27502,54218,96757,199,127872,13598,39191,123591,10969,12312,21585,7353,3517,2257,53756,5588,7644,15152,12600,148303,20693,33788,40640,35850,24375,2387,13048,47017,29880,51811,7961,47,7524,23556,26775,14401,19081,53904,45205,30491,143334,28391,31688,20538,48419,9297,5686,71255,11058,52669,58266,8037,120963,34003,23378,1767,18645,8573,5725,9567,118207,119629,9202,4106,937,10262,154782,22109,34053,10567,24607]",evidence-20260913-large-graph,REAL_EXPERIMENT
network.douban,balanced,100,20260715,IC-RIS,66.50640000000045,0.09169396099555681,21.886147654765445,66.55260000000034,10000,10754314666006249277,50000,4.133607399999164,,,"[37192,64544,66617,82981,115907,5607,12659,14230,15247,19354,22095,23877,24691,25115,25870,28833,29702,30114,34609,35504,44239,57106,60433,62583,62618,70458,76565,78982,82940,83256,88729,88948,92249,93652,94076,112463,115329,118571,120939,124839,127042,128457,129461,131538,131641,135550,139998,140768,143433,143878,150523,201,907,921,1528,2597,2621,2997,4794,4919,5212,5542,5619,5907,7237,7394,8099,8847,8964,11340,11818,11937,11953,11980,12274,12482,13456,14060,14208,15002,15243,15794,16709,16923,17502,17945,18787,18880,19637,20139,20305,22478,22891,22981,23018,23106,23486,23584,24183,24294]",evidence-20260913-large-graph,REAL_EXPERIMENT
network.douban,balanced,100,20260715,1Hop-Sort,65.00410000000012,0.09270224040878448,22.37012020202019,65.82389999999997,10000,10754314666006249277,0,,,,"[6007,6816,7185,10234,21306,35844,36092,37245,37363,38417,45643,84823,85385,89604,90357,91657,91844,95516,98445,99155,99156,101203,101875,104119,112764,123087,124519,125596,127604,128081,128790,128871,128889,131290,133466,133739,134108,134739,135703,136008,136186,136307,137465,138698,139027,141095,142220,142776,143569,144068,144272,148668,151579,151580,151981,7933,7934,19955,20199,20200,21772,23432,35294,37167,37364,37365,37366,38172,38173,38572,38643,38644,64132,83027,84339,84340,87969,88045,88107,88108,91929,94123,95398,95561,95646,95647,95653,95654,96664,96924,96925,96947,96948,97080,97185,97294,97550,97551,97710,97890]",evidence-20260913-large-graph,REAL_EXPERIMENT
network.douban,balanced,100,20260715,Alpha-Sort,64.35990000000008,0.09081659296094582,21.46931892189222,68.4992000000001,10000,10754314666006249277,0,,,,"[7,15,55,2,71,116,135,188,202,209,211,213,279,282,295,319,325,375,387,389,401,421,426,447,450,514,593,594,614,633,659,670,685,687,700,713,740,742,753,803,810,817,818,820,821,835,844,847,850,861,862,863,923,925,926,927,930,937,973,974,990,1037,1040,1045,1046,1048,1065,1066,1068,1120,1122,1125,1128,1129,1130,1131,1135,1150,1156,1201,1204,1218,1232,1235,1240,1297,1299,1302,1313,1323,1340,1346,1347,1348,1353,1360,1372,1379,1398,1403]",evidence-20260913-large-graph,REAL_EXPERIMENT
network.douban,balanced,100,20260715,DegreeTopM,60.16199999999994,0.09466391899090083,23.326888688868795,60.50100000000014,10000,10754314666006249277,0,,,,"[255,875,7946,874,168,4371,2971,3527,6836,26,6855,1465,3020,474,3463,969,180,573,3261,4153,2613,47,92,5179,1234,2915,961,1264,4234,8186,429,7204,8172,8915,3763,882,8871,3499,9297,841,1827,419,2942,7186,1160,8788,263,9369,437,579,15188,459,6163,7819,11008,4174,671,1611,2603,8561,6352,2600,4343,5019,4021,7129,7719,16671,219,8772,364,2686,6549,8381,592,3899,4159,258,3345,3459,1263,6429,18046,357,1995,4303,575,8729,792,1208,3682,4893,5079,451,1616,2448,3475,4020,6274,3065]",evidence-20260913-large-graph,REAL_EXPERIMENT
network.douban,balanced,100,20260715,PageRank,58.88059999999991,0.0956936301110308,23.837127352735266,59.110500000000066,10000,10754314666006249277,0,,,,"[255,875,874,4371,7946,168,3527,2971,6855,26,180,1465,6836,3020,3463,474,3261,4153,969,7204,2613,47,429,573,8172,2915,5179,4234,1160,92,1264,8915,882,961,1234,459,419,8871,7186,219,3763,7719,15188,8186,6163,592,437,9297,6429,11008,3499,4174,1827,4021,8561,2448,841,263,579,2603,1208,121785,9369,451,671,7222,82977,8788,575,63108,2942,16671,77378,7819,58586,3345,1263,3899,70047,6352,5019,55050,15872,46050,8381,120909,88,2686,11003,3583,46517,69479,4893,8772,1522,72755,3682,69454,67537,8179]",evidence-20260913-large-graph,REAL_EXPERIMENT
network.douban,balanced,100,20260715,Random,67.15119999999965,0.0923606387481624,22.205559115911495,67.23349999999985,10000,10754314666006249277,0,,,,"[3973,16979,74737,139662,102012,124596,83979,134058,6723,77469,96152,31158,69541,23716,121489,14088,9392,54742,73058,69880,37032,72607,61647,39177,151100,151861,3112,97671,88364,44970,87062,59623,14618,69102,93983,10400,92250,11352,124767,139352,76934,73947,149439,69436,92462,22391,42127,39205,9062,132444,94586,77574,14371,136729,60658,43317,129845,132696,131598,10643,128894,115091,39174,118285,117251,141469,50027,143216,39228,135542,1822,17887,7208,20837,62062,6884,4056,65773,67443,121367,82625,116386,72229,33585,6741,147487,28511,34292,83883,33536,128130,152953,57905,121126,154875,83112,146505,43168,42439,92940]",evidence-20260913-large-graph,REAL_EXPERIMENT
network.douban,balanced,100,20260716,CIM-RIS,67.00040000000035,0.09229709996527834,22.175017341734126,67.03230000000005,10000,17635790486423655048,50000,19.275915199999872,1366.27974,3362273,"[54447,36861,786,14256,8591,5609,28273,22552,101005,11758,48705,76,3565,10238,21807,870,6604,57526,10940,26,36581,61321,16920,12624,90594,6876,1231,8617,150285,6292,113709,28571,3066,7826,11692,1013,11518,85288,11377,57966,151604,5304,71583,1137,30109,72256,15125,70752,45705,122444,18091,21868,7453,5292,100135,90757,14061,12548,97402,96948,7827,17309,57159,30589,106589,29230,7526,97086,1951,90455,47878,37333,13642,81752,5483,125224,14736,16544,40835,6306,4767,20806,23738,118213,3156,90860,103271,3023,8735,13266,2010,6529,36808,5362,103253,10856,20153,22727,151356,12241]",evidence-20260913-large-graph,REAL_EXPERIMENT
network.douban,balanced,100,20260716,IC-RIS,66.31580000000064,0.09278465144975269,22.409911351135186,66.3740999999997,10000,17635790486423655048,50000,4.418032699999458,,,"[116910,133197,2801,3308,4266,5556,5599,12200,12716,13739,14403,15067,19720,36459,36693,49762,52554,55958,59424,61087,68208,71466,72718,76573,79128,80121,80288,85448,94335,98013,101122,104296,105116,106406,110273,110845,112765,113283,113353,117430,119604,119867,122545,129782,133621,136617,147754,33,381,527,829,1396,1449,2062,2437,2533,2636,2677,2890,3030,3232,3669,4114,4461,4573,5023,5387,5890,6292,8323,8331,8444,8682,8771,9649,9915,10699,10701,10834,10841,11824,12980,13348,14115,14248,14625,14703,15343,15603,16937,17009,17163,18354,18689,18729,18963,19475,19572,20898,22860]",evidence-20260913-large-graph,REAL_EXPERIMENT
network.douban,balanced,100,20260716,1Hop-Sort,65.20930000000008,0.09231019813687762,22.181311641164108,66.03139999999973,10000,17635790486423655048,0,,,,"[6007,6816,7185,10234,21306,35844,36092,37245,37363,38417,45643,84823,85385,89604,90357,91657,91844,95516,98445,99155,99156,101203,101875,104119,112764,123087,124519,125596,127604,128081,128790,128871,128889,131290,133466,133739,134108,134739,135703,136008,136186,136307,137465,138698,139027,141095,142220,142776,143569,144068,144272,148668,151579,151580,151981,7933,7934,19955,20199,20200,21772,23432,35294,37167,37364,37365,37366,38172,38173,38572,38643,38644,64132,83027,84339,84340,87969,88045,88107,88108,91929,94123,95398,95561,95646,95647,95653,95654,96664,96924,96925,96947,96948,97080,97185,97294,97550,97551,97710,97890]",evidence-20260913-large-graph,REAL_EXPERIMENT
network.douban,balanced,100,20260716,Alpha-Sort,64.49619999999967,0.09034113949291361,21.245110071007065,68.62819999999965,10000,17635790486423655048,0,,,,"[7,15,55,2,71,116,135,188,202,209,211,213,279,282,295,319,325,375,387,389,401,421,426,447,450,514,593,594,614,633,659,670,685,687,700,713,740,742,753,803,810,817,818,820,821,835,844,847,850,861,862,863,923,925,926,927,930,937,973,974,990,1037,1040,1045,1046,1048,1065,1066,1068,1120,1122,1125,1128,1129,1130,1131,1135,1150,1156,1201,1204,1218,1232,1235,1240,1297,1299,1302,1313,1323,1340,1346,1347,1348,1353,1360,1372,1379,1398,1403]",evidence-20260913-large-graph,REAL_EXPERIMENT
network.douban,balanced,100,20260716,DegreeTopM,60.257300000000086,0.09522102196687451,23.60225693569346,60.610900000000065,10000,17635790486423655048,0,,,,"[255,875,7946,874,168,4371,2971,3527,6836,26,6855,1465,3020,474,3463,969,180,573,3261,4153,2613,47,92,5179,1234,2915,961,1264,4234,8186,429,7204,8172,8915,3763,882,8871,3499,9297,841,1827,419,2942,7186,1160,8788,263,9369,437,579,15188,459,6163,7819,11008,4174,671,1611,2603,8561,6352,2600,4343,5019,4021,7129,7719,16671,219,8772,364,2686,6549,8381,592,3899,4159,258,3345,3459,1263,6429,18046,357,1995,4303,575,8729,792,1208,3682,4893,5079,451,1616,2448,3475,4020,6274,3065]",evidence-20260913-large-graph,REAL_EXPERIMENT
network.douban,balanced,100,20260716,PageRank,58.97070000000023,0.09573958517404652,23.860027512751216,59.197900000000274,10000,17635790486423655048,0,,,,"[255,875,874,4371,7946,168,3527,2971,6855,26,180,1465,6836,3020,3463,474,3261,4153,969,7204,2613,47,429,573,8172,2915,5179,4234,1160,92,1264,8915,882,961,1234,459,419,8871,7186,219,3763,7719,15188,8186,6163,592,437,9297,6429,11008,3499,4174,1827,4021,8561,2448,841,263,579,2603,1208,121785,9369,451,671,7222,82977,8788,575,63108,2942,16671,77378,7819,58586,3345,1263,3899,70047,6352,5019,55050,15872,46050,8381,120909,88,2686,11003,3583,46517,69479,4893,8772,1522,72755,3682,69454,67537,8179]",evidence-20260913-large-graph,REAL_EXPERIMENT
network.douban,balanced,100,20260716,Random,67.1100000000002,0.0922465105132446,22.150715071507044,67.1378000000001,10000,17635790486423655048,0,,,,"[60679,130666,119803,149777,71183,80846,74998,127430,139865,108085,48184,83694,78037,20266,92940,70940,116285,118864,57007,14458,75192,73617,145712,153543,73801,29563,87336,63532,70319,104320,82684,112721,28389,23967,14699,29947,129007,17523,99159,27229,32094,96919,8630,7696,92152,115261,76983,128659,145426,65091,67309,33787,34793,55250,119430,52871,14343,44584,149315,48350,15802,46047,106184,134440,91377,41396,153087,34027,111585,147843,7230,48625,127191,2035,56333,45040,39829,93873,116749,84751,142152,37372,5592,105038,29734,91978,6233,50784,60056,89858,73978,151059,52823,154773,140859,36916,99734,59389,114646,11003]",evidence-20260913-large-graph,REAL_EXPERIMENT
network.douban,balanced,100,20260717,CIM-RIS,66.6609000000002,0.09213651461002255,22.097920982098344,66.7352000000001,10000,1167758114308427777,50000,18.586317299996153,1347.6909,3368624,"[9796,11363,29668,127209,14063,3260,86623,46643,105804,114401,73024,118171,18889,152037,10522,62015,25161,6271,67977,4895,107770,123660,9989,9636,19052,18104,3331,1510,2422,16857,7582,7686,17940,9525,39862,1003,26743,18672,18404,14580,17939,10016,5125,8770,1438,46743,29933,110835,652,8402,8848,9433,14999,57858,31232,152192,48190,3297,13621,95958,16853,3988,58812,64326,106806,7878,9565,34125,50840,21600,93247,9854,36561,17193,23748,126962,32346,29660,36552,5077,73903,40435,11443,19619,36179,105342,21919,18882,55240,15641,108423,36454,10968,18990,37025,44558,11231,58989,4164,1452]",evidence-20260913-large-graph,REAL_EXPERIMENT
network.douban,balanced,100,20260717,IC-RIS,67.0067000000001,0.09215349263960733,22.106065716571642,67.02670000000016,10000,1167758114308427777,50000,4.25540319999709,,,"[32501,5690,88026,90830,149021,4217,4857,19060,21883,24830,26467,39417,41232,43881,50110,53055,55177,58569,60170,66613,67397,68256,69611,71293,77321,79331,88304,91692,93622,95551,101837,102837,107222,113123,121632,127044,128712,130521,134759,136964,137869,144256,145755,153733,3,304,1156,1245,1506,2683,3257,3504,4138,4318,5961,6009,6188,6776,6792,7176,7808,7880,8717,9754,10233,10555,11937,12305,13568,14169,14791,15487,15629,15837,16200,16586,16918,17767,17857,18403,18460,18942,19030,19098,19257,19455,19544,20303,20730,20821,22050,22751,23199,23736,24107,24398,24650,24686,26156,26227]",evidence-20260913-large-graph,REAL_EXPERIMENT
network.douban,balanced,100,20260717,1Hop-Sort,65.13389999999963,0.09149180438549318,21.78974976497644,65.95759999999993,10000,1167758114308427777,0,,,,"[6007,6816,7185,10234,21306,35844,36092,37245,37363,38417,45643,84823,85385,89604,90357,91657,91844,95516,98445,99155,99156,101203,101875,104119,112764,123087,124519,125596,127604,128081,128790,128871,128889,131290,133466,133739,134108,134739,135703,136008,136186,136307,137465,138698,139027,141095,142220,142776,143569,144068,144272,148668,151579,151580,151981,7933,7934,19955,20199,20200,21772,23432,35294,37167,37364,37365,37366,38172,38173,38572,38643,38644,64132,83027,84339,84340,87969,88045,88107,88108,91929,94123,95398,95561,95646,95647,95653,95654,96664,96924,96925,96947,96948,97080,97185,97294,97550,97551,97710,97890]",evidence-20260913-large-graph,REAL_EXPERIMENT
network.douban,balanced,100,20260717,Alpha-Sort,64.39669999999983,0.09058904002314423,21.361865296529643,68.54489999999963,10000,1167758114308427777,0,,,,"[7,15,55,2,71,116,135,188,202,209,211,213,279,282,295,319,325,375,387,389,401,421,426,447,450,514,593,594,614,633,659,670,685,687,700,713,740,742,753,803,810,817,818,820,821,835,844,847,850,861,862,863,923,925,926,927,930,937,973,974,990,1037,1040,1045,1046,1048,1065,1066,1068,1120,1122,1125,1128,1129,1130,1131,1135,1150,1156,1201,1204,1218,1232,1235,1240,1297,1299,1302,1313,1323,1340,1346,1347,1348,1353,1360,1372,1379,1398,1403]",evidence-20260913-large-graph,REAL_EXPERIMENT
network.douban,balanced,100,20260717,DegreeTopM,60.220400000000055,0.09522571661103325,23.60458429842986,60.555700000000094,10000,1167758114308427777,0,,,,"[255,875,7946,874,168,4371,2971,3527,6836,26,6855,1465,3020,474,3463,969,180,573,3261,4153,2613,47,92,5179,1234,2915,961,1264,4234,8186,429,7204,8172,8915,3763,882,8871,3499,9297,841,1827,419,2942,7186,1160,8788,263,9369,437,579,15188,459,6163,7819,11008,4174,671,1611,2603,8561,6352,2600,4343,5019,4021,7129,7719,16671,219,8772,364,2686,6549,8381,592,3899,4159,258,3345,3459,1263,6429,18046,357,1995,4303,575,8729,792,1208,3682,4893,5079,451,1616,2448,3475,4020,6274,3065]",evidence-20260913-large-graph,REAL_EXPERIMENT
network.douban,balanced,100,20260717,PageRank,58.93519999999999,0.09572064105983663,23.850586018601845,59.16470000000002,10000,1167758114308427777,0,,,,"[255,875,874,4371,7946,168,3527,2971,6855,26,180,1465,6836,3020,3463,474,3261,4153,969,7204,2613,47,429,573,8172,2915,5179,4234,1160,92,1264,8915,882,961,1234,459,419,8871,7186,219,3763,7719,15188,8186,6163,592,437,9297,6429,11008,3499,4174,1827,4021,8561,2448,841,263,579,2603,1208,121785,9369,451,671,7222,82977,8788,575,63108,2942,16671,77378,7819,58586,3345,1263,3899,70047,6352,5019,55050,15872,46050,8381,120909,88,2686,11003,3583,46517,69479,4893,8772,1522,72755,3682,69454,67537,8179]",evidence-20260913-large-graph,REAL_EXPERIMENT
network.douban,balanced,100,20260717,Random,67.29660000000004,0.09182683336717554,21.949623402340233,67.33640000000017,10000,1167758114308427777,0,,,,"[144902,107404,13264,91902,73782,107744,20115,43743,141139,71032,150501,38870,76281,32546,137476,122779,85982,22696,93713,107456,12298,37485,149357,100638,80332,107633,72506,111222,151414,153287,107228,28570,134259,4071,85492,138360,120526,138440,11589,86561,150447,31255,78364,36456,80154,57627,126783,94949,687,134709,88219,1415,109569,58097,120756,100895,98595,63326,56163,71027,142972,88961,74212,121167,55369,148268,111836,8293,70576,135199,35734,90270,1950,142493,111538,45388,73697,66577,107053,80535,136163,82163,139940,44472,39452,94882,72257,78270,116048,118753,148667,134042,142427,13614,114203,40618,154773,143305,75963,39739]",evidence-20260913-large-graph,REAL_EXPERIMENT
network.douban,balanced,100,20260718,CIM-RIS,67.10500000000019,0.09194546897442253,22.006375637563764,67.13110000000017,10000,454832914010584743,50000,18.45231210000202,1356.98532,3388047,"[7101,101202,34811,13984,1494,45586,1586,33265,78787,17848,121815,24332,12822,32953,131833,75149,33447,8542,21715,152102,37672,4951,17475,18873,37843,46189,7341,147922,93449,150126,54436,21644,20836,102876,9159,9432,9994,11012,149130,15589,39500,3074,37053,24643,3946,9739,57317,59757,116725,10149,9189,71083,11563,67347,15124,89484,38636,2344,80600,9697,4728,2784,46847,8807,19687,16684,117971,1323,3839,965,103364,6029,139498,91834,9654,69224,26212,17396,63094,4602,87528,26032,130759,15723,2850,57517,70897,34796,1103,35919,2324,35368,9295,13452,18512,10979,3171,95967,12891,26714]",evidence-20260913-large-graph,REAL_EXPERIMENT
network.douban,balanced,100,20260718,IC-RIS,66.87569999999991,0.09188167075050194,21.975847094709614,66.91789999999979,10000,454832914010584743,50000,4.155452599996352,,,"[32133,120488,129974,3068,3273,8175,8486,8618,10030,16084,25399,33469,39861,43161,45677,47912,56343,65748,69445,71154,71429,71694,77594,81042,81560,83509,84390,100491,101949,102638,103156,104327,105087,105512,105634,111504,113983,116642,120235,121812,123647,136198,136723,136982,137000,142609,146601,152307,153400,1197,1486,2393,3051,3577,3667,4086,4278,5307,5712,5720,7140,7259,7266,7340,7751,7844,7868,9434,9551,9603,11482,11494,12240,12489,13230,13692,13852,13902,14083,14305,14417,14515,14577,14851,15093,15193,16156,17535,17935,18049,18386,18565,18596,18778,18953,20067,20105,21460,22474,22778]",evidence-20260913-large-graph,REAL_EXPERIMENT
network.douban,balanced,100,20260718,1Hop-Sort,65.14989999999999,0.09118402472799146,21.64339432943294,65.95870000000008,10000,454832914010584743,0,,,,"[6007,6816,7185,10234,21306,35844,36092,37245,37363,38417,45643,84823,85385,89604,90357,91657,91844,95516,98445,99155,99156,101203,101875,104119,112764,123087,124519,125596,127604,128081,128790,128871,128889,131290,133466,133739,134108,134739,135703,136008,136186,136307,137465,138698,139027,141095,142220,142776,143569,144068,144272,148668,151579,151580,151981,7933,7934,19955,20199,20200,21772,23432,35294,37167,37364,37365,37366,38172,38173,38572,38643,38644,64132,83027,84339,84340,87969,88045,88107,88108,91929,94123,95398,95561,95646,95647,95653,95654,96664,96924,96925,96947,96948,97080,97185,97294,97550,97551,97710,97890]",evidence-20260913-large-graph,REAL_EXPERIMENT
network.douban,balanced,100,20260718,Alpha-Sort,64.44989999999976,0.0904990007097945,21.31942193219332,68.55289999999984,10000,454832914010584743,0,,,,"[7,15,55,2,71,116,135,188,202,209,211,213,279,282,295,319,325,375,387,389,401,421,426,447,450,514,593,594,614,633,659,670,685,687,700,713,740,742,753,803,810,817,818,820,821,835,844,847,850,861,862,863,923,925,926,927,930,937,973,974,990,1037,1040,1045,1046,1048,1065,1066,1068,1120,1122,1125,1128,1129,1130,1131,1135,1150,1156,1201,1204,1218,1232,1235,1240,1297,1299,1302,1313,1323,1340,1346,1347,1348,1353,1360,1372,1379,1398,1403]",evidence-20260913-large-graph,REAL_EXPERIMENT
network.douban,balanced,100,20260718,DegreeTopM,60.19919999999987,0.09482199617405987,23.40485984598455,60.547499999999964,10000,454832914010584743,0,,,,"[255,875,7946,874,168,4371,2971,3527,6836,26,6855,1465,3020,474,3463,969,180,573,3261,4153,2613,47,92,5179,1234,2915,961,1264,4234,8186,429,7204,8172,8915,3763,882,8871,3499,9297,841,1827,419,2942,7186,1160,8788,263,9369,437,579,15188,459,6163,7819,11008,4174,671,1611,2603,8561,6352,2600,4343,5019,4021,7129,7719,16671,219,8772,364,2686,6549,8381,592,3899,4159,258,3345,3459,1263,6429,18046,357,1995,4303,575,8729,792,1208,3682,4893,5079,451,1616,2448,3475,4020,6274,3065]",evidence-20260913-large-graph,REAL_EXPERIMENT
network.douban,balanced,100,20260718,PageRank,58.94370000000001,0.09554493727766813,23.763106620662064,59.166399999999996,10000,454832914010584743,0,,,,"[255,875,874,4371,7946,168,3527,2971,6855,26,180,1465,6836,3020,3463,474,3261,4153,969,7204,2613,47,429,573,8172,2915,5179,4234,1160,92,1264,8915,882,961,1234,459,419,8871,7186,219,3763,7719,15188,8186,6163,592,437,9297,6429,11008,3499,4174,1827,4021,8561,2448,841,263,579,2603,1208,121785,9369,451,671,7222,82977,8788,575,63108,2942,16671,77378,7819,58586,3345,1263,3899,70047,6352,5019,55050,15872,46050,8381,120909,88,2686,11003,3583,46517,69479,4893,8772,1522,72755,3682,69454,67537,8179]",evidence-20260913-large-graph,REAL_EXPERIMENT
network.douban,balanced,100,20260718,Random,67.05729999999996,0.09215674782635626,22.107627472747346,67.0719999999998,10000,454832914010584743,0,,,,"[84689,101810,40338,74262,9609,92632,104912,29657,23227,89329,81681,624,8453,99662,17130,29646,143789,106409,64696,90300,102724,119209,81961,135153,133222,152017,59453,148655,139197,143016,100491,6492,70596,92728,119310,55401,116277,79435,16716,123605,112285,109690,49963,21347,65550,50287,134074,114316,87433,5953,138655,36640,103457,130106,142657,31162,63262,87729,102866,115989,138638,72672,61549,88895,4068,3672,92795,144414,105077,107023,25392,93081,60056,34092,16409,78989,72054,48771,119173,74716,77055,34181,40077,68292,86458,55783,47519,53243,2924,42501,9005,67155,82024,120795,125813,14882,591,54759,139478,66318]",evidence-20260913-large-graph,REAL_EXPERIMENT
network.douban,balanced,100,20260719,CIM-RIS,66.87279999999993,0.09359138592529526,22.801300290029044,66.9040999999999,10000,16264760093673441906,50000,18.99783120000211,1347.6909,3343190,"[19461,375,132129,2420,124334,110591,43873,16737,5081,8874,13027,125786,36357,1667,26199,44993,97725,9452,8235,136,34683,28656,46087,9576,7003,51270,4447,32707,27890,6784,15470,12042,47869,16712,73749,41566,56840,150218,582,44891,64,90172,76985,16810,39517,5216,36868,5220,20549,14095,16884,18423,2696,2511,23828,13969,13866,96148,87046,153961,18896,154,82903,17919,113320,23998,20639,5826,45554,7248,54087,107805,42759,10250,62214,19774,48006,124578,23365,3806,1990,12673,135016,60295,13928,44470,5697,4299,58783,83318,128195,3876,4539,14392,29382,581,263,88776,12464,2899]",evidence-20260913-large-graph,REAL_EXPERIMENT
network.douban,balanced,100,20260719,IC-RIS,66.69820000000044,0.09270023773394113,22.369153675367567,66.76110000000028,10000,16264760093673441906,50000,4.243526300000667,,,"[10320,18537,34499,56366,57913,3068,6688,7244,7264,11158,11297,16620,22599,23001,23794,26258,27273,31472,34362,39636,40675,42643,49440,49824,50039,50663,54043,60776,62593,67129,78668,79360,79952,84083,86880,99293,100341,106724,113515,126072,127147,129268,131394,146792,147412,31,440,517,878,1294,1563,1816,2310,3098,3643,5562,5663,6270,6953,7100,7243,8388,8556,10027,10466,11070,11615,11653,11755,11757,12147,12153,12637,13238,13320,13900,14076,14451,15658,15920,17063,17199,17549,18019,18259,18549,18744,19790,20086,20773,21347,21547,21626,22893,23508,23890,23903,24453,24891,25000]",evidence-20260913-large-graph,REAL_EXPERIMENT
network.douban,balanced,100,20260719,1Hop-Sort,65.06819999999996,0.09305894033503317,22.542603020302128,65.86999999999973,10000,16264760093673441906,0,,,,"[6007,6816,7185,10234,21306,35844,36092,37245,37363,38417,45643,84823,85385,89604,90357,91657,91844,95516,98445,99155,99156,101203,101875,104119,112764,123087,124519,125596,127604,128081,128790,128871,128889,131290,133466,133739,134108,134739,135703,136008,136186,136307,137465,138698,139027,141095,142220,142776,143569,144068,144272,148668,151579,151580,151981,7933,7934,19955,20199,20200,21772,23432,35294,37167,37364,37365,37366,38172,38173,38572,38643,38644,64132,83027,84339,84340,87969,88045,88107,88108,91929,94123,95398,95561,95646,95647,95653,95654,96664,96924,96925,96947,96948,97080,97185,97294,97550,97551,97710,97890]",evidence-20260913-large-graph,REAL_EXPERIMENT
network.douban,balanced,100,20260719,Alpha-Sort,64.34820000000005,0.09079879095541686,21.46090285028501,68.47340000000011,10000,16264760093673441906,0,,,,"[7,15,55,2,71,116,135,188,202,209,211,213,279,282,295,319,325,375,387,389,401,421,426,447,450,514,593,594,614,633,659,670,685,687,700,713,740,742,753,803,810,817,818,820,821,835,844,847,850,861,862,863,923,925,926,927,930,937,973,974,990,1037,1040,1045,1046,1048,1065,1066,1068,1120,1122,1125,1128,1129,1130,1131,1135,1150,1156,1201,1204,1218,1232,1235,1240,1297,1299,1302,1313,1323,1340,1346,1347,1348,1353,1360,1372,1379,1398,1403]",evidence-20260913-large-graph,REAL_EXPERIMENT
network.douban,balanced,100,20260719,DegreeTopM,60.10620000000007,0.09605224556395012,24.0161231723172,60.45569999999995,10000,16264760093673441906,0,,,,"[255,875,7946,874,168,4371,2971,3527,6836,26,6855,1465,3020,474,3463,969,180,573,3261,4153,2613,47,92,5179,1234,2915,961,1264,4234,8186,429,7204,8172,8915,3763,882,8871,3499,9297,841,1827,419,2942,7186,1160,8788,263,9369,437,579,15188,459,6163,7819,11008,4174,671,1611,2603,8561,6352,2600,4343,5019,4021,7129,7719,16671,219,8772,364,2686,6549,8381,592,3899,4159,258,3345,3459,1263,6429,18046,357,1995,4303,575,8729,792,1208,3682,4893,5079,451,1616,2448,3475,4020,6274,3065]",evidence-20260913-large-graph,REAL_EXPERIMENT
network.douban,balanced,100,20260719,PageRank,58.840199999999946,0.09725694232370598,24.62232619261941,59.06540000000005,10000,16264760093673441906,0,,,,"[255,875,874,4371,7946,168,3527,2971,6855,26,180,1465,6836,3020,3463,474,3261,4153,969,7204,2613,47,429,573,8172,2915,5179,4234,1160,92,1264,8915,882,961,1234,459,419,8871,7186,219,3763,7719,15188,8186,6163,592,437,9297,6429,11008,3499,4174,1827,4021,8561,2448,841,263,579,2603,1208,121785,9369,451,671,7222,82977,8788,575,63108,2942,16671,77378,7819,58586,3345,1263,3899,70047,6352,5019,55050,15872,46050,8381,120909,88,2686,11003,3583,46517,69479,4893,8772,1522,72755,3682,69454,67537,8179]",evidence-20260913-large-graph,REAL_EXPERIMENT
network.douban,balanced,100,20260719,Random,67.31439999999984,0.0936125912573015,22.811633803380364,67.36889999999993,10000,16264760093673441906,0,,,,"[136805,17190,78403,91128,115196,25839,90344,8465,131073,96480,75646,30456,93970,29159,116821,84219,32417,63730,96755,24224,87041,106357,54595,77009,24874,56384,99690,39637,154025,68305,68848,25996,56028,58681,117471,79809,47321,47329,49608,47061,47664,101754,38352,11045,56379,48615,43983,5110,34512,109500,82410,73233,87897,84471,28940,98846,94159,111922,47073,121565,18082,12686,138409,22065,121757,57161,148225,16619,100043,145141,113713,63068,22535,54507,122363,11958,117878,154222,83905,42895,125991,32359,59457,18707,114711,149589,93907,54025,23581,20667,144337,14787,141345,97601,85457,52873,84723,3510,136332,119954]",evidence-20260913-large-graph,REAL_EXPERIMENT
network.douban,balanced,150,20260715,CIM-RIS,100.00580000000025,0.11230859806344967,32.83324968496848,100.12370000000016,10000,16474248372193527735,50000,26.626069299993105,1998.3003,5023389,"[3992,7182,6424,18323,57270,26491,2837,30276,9232,18133,38441,23035,88975,4215,14226,680,12265,52978,228,14373,79131,14869,93810,2892,5294,20223,26266,113860,26007,78171,14992,14883,11097,55652,17805,19852,10231,15504,6122,112890,5606,1908,34492,13995,41913,111990,93940,19710,962,11298,5408,525,51989,154239,137653,15187,28138,26492,143292,5336,12616,39022,13782,2267,11390,613,1240,12023,6941,12661,4595,8586,15565,4520,55751,63155,51308,18698,10420,21881,41524,10162,148437,88460,10892,2983,5451,139756,7923,18984,18751,47064,9755,7994,37013,115891,45411,67803,24824,117915,9195,7133,61857,4919,27275,47712,5798,2530,14746,3085,40149,62870,17814,138569,69228,141389,48940,52890,102240,59314,72138,2831,14611,92740,88282,1367,1584,24709,7046,12481,14146,25903,80078,143290,18535,141989,15032,59573,62404,24304,34606,124334,129483,12505,115804,24996,2196,13829,78324,18971]",evidence-20260913-large-graph,REAL_EXPERIMENT
network.douban,balanced,150,20260715,IC-RIS,100.29879999999982,0.11187012504908306,32.57737629762984,100.35359999999966,10000,16474248372193527735,50000,5.96531920000416,,,"[30459,44122,59658,67942,75227,127564,1250,1859,2450,7997,11613,16747,19539,22085,32781,33488,35681,36878,38977,39365,54679,55836,64405,68304,75864,80124,87847,88289,89970,97303,102459,108883,111384,114587,116799,116886,117758,119628,120317,128604,129198,134929,135664,136942,152126,152953,1188,1211,1634,1668,2108,2430,2977,3237,3480,4284,4924,5078,5955,6524,7018,8043,8233,9305,9437,10237,10662,11081,11482,12010,12244,13177,13281,13823,13957,14560,15302,15711,16637,17327,17965,18529,18612,19378,19380,19426,19664,19720,20492,20630,21571,22606,23972,23996,24050,24470,24627,25007,25297,25453,26585,26954,27067,27177,27622,27938,29471,29672,29733,31137,31196,31784,32334,32460,32637,32940,34422,35275,35970,36449,37005,37149,37575,37978,38990,39262,39283,41356,41449,41502,42335,42393,43100,43735,44104,45118,46707,46908,47990,48538,49447,49819,50216,50826,50865,50995,51691,52117,52602,52719]",evidence-20260913-large-graph,REAL_EXPERIMENT
network.douban,balanced,150,20260715,1Hop-Sort,97.43650000000034,0.11122164650959483,32.20078782878298,99.17859999999973,10000,16474248372193527735,0,,,,"[6007,6816,7185,10234,21306,35844,36092,37245,37363,38417,45643,84823,85385,89604,90357,91657,91844,95516,98445,99155,99156,101203,101875,104119,112764,123087,124519,125596,127604,128081,128790,128871,128889,131290,133466,133739,134108,134739,135703,136008,136186,136307,137465,138698,139027,141095,142220,142776,143569,144068,144272,148668,151579,151580,151981,7933,7934,19955,20199,20200,21772,23432,35294,37167,37364,37365,37366,38172,38173,38572,38643,38644,64132,83027,84339,84340,87969,88045,88107,88108,91929,94123,95398,95561,95646,95647,95653,95654,96664,96924,96925,96947,96948,97080,97185,97294,97550,97551,97710,97890,97900,97901,97902,97922,99237,99238,100821,101419,101420,102201,102879,102880,103998,104303,104365,107180,112762,112763,116861,122720,122721,123338,126118,126769,127271,128710,128764,128866,128870,129085,129086,129541,129542,129747,129748,130365,130450,130451,130494,130495,131578,132065,132066,132292,132293,133973,134066,135296,135297,135435]",evidence-20260913-large-graph,REAL_EXPERIMENT
network.douban,balanced,150,20260715,Alpha-Sort,92.27020000000022,0.11123101467313944,32.20621258125822,102.30869999999967,10000,16474248372193527735,0,,,,"[7,15,55,2,71,116,135,188,202,209,211,213,279,282,295,319,325,375,387,389,401,421,426,447,450,514,593,594,614,633,659,670,685,687,700,713,740,742,753,803,810,817,818,820,821,835,844,847,850,861,862,863,923,925,926,927,930,937,973,974,990,1037,1040,1045,1046,1048,1065,1066,1068,1120,1122,1125,1128,1129,1130,1131,1135,1150,1156,1201,1204,1218,1232,1235,1240,1297,1299,1302,1313,1323,1340,1346,1347,1348,1353,1360,1372,1379,1398,1403,1413,1423,1426,1429,1430,1437,1445,1448,1452,1464,1481,1502,1580,1602,1605,1618,1646,1649,1655,1662,1663,1664,1665,1666,1667,1668,1669,1670,1671,1672,1675,1676,1677,1678,1679,1680,1682,1684,1685,1686,1687,1688,1689,1690,1691,1692,1693,1694,1695,1697]",evidence-20260913-large-graph,REAL_EXPERIMENT
network.douban,balanced,150,20260715,DegreeTopM,90.33719999999978,0.11465768528670502,34.22111827182709,91.06049999999993,10000,16474248372193527735,0,,,,"[255,875,7946,874,168,4371,2971,3527,6836,26,6855,1465,3020,474,3463,969,180,573,3261,4153,2613,47,92,5179,1234,2915,961,1264,4234,8186,429,7204,8172,8915,3763,882,8871,3499,9297,841,1827,419,2942,7186,1160,8788,263,9369,437,579,15188,459,6163,7819,11008,4174,671,1611,2603,8561,6352,2600,4343,5019,4021,7129,7719,16671,219,8772,364,2686,6549,8381,592,3899,4159,258,3345,3459,1263,6429,18046,357,1995,4303,575,8729,792,1208,3682,4893,5079,451,1616,2448,3475,4020,6274,3065,3092,9472,15097,883,909,9194,1230,1715,2275,587,1167,3522,3583,4145,7205,12722,363,568,956,1015,7203,142,274,1713,2654,3472,5125,5367,5814,858,3857,15872,373,3348,7207,5962,6168,13067,217,845,5391,5482,12155,4008,5038,8179,7222,203,1442,11003]",evidence-20260913-large-graph,REAL_EXPERIMENT
network.douban,balanced,150,20260715,PageRank,87.75939999999991,0.1166834863004182,35.44105574557445,88.1686000000002,10000,16474248372193527735,0,,,,"[255,875,874,4371,7946,168,3527,2971,6855,26,180,1465,6836,3020,3463,474,3261,4153,969,7204,2613,47,429,573,8172,2915,5179,4234,1160,92,1264,8915,882,961,1234,459,419,8871,7186,219,3763,7719,15188,8186,6163,592,437,9297,6429,11008,3499,4174,1827,4021,8561,2448,841,263,579,2603,1208,121785,9369,451,671,7222,82977,8788,575,63108,2942,16671,77378,7819,58586,3345,1263,3899,70047,6352,5019,55050,15872,46050,8381,120909,88,2686,11003,3583,46517,69479,4893,8772,1522,72755,3682,69454,67537,8179,30409,1611,9472,6274,93056,1616,1303,3459,5079,42211,82921,1715,112718,74647,8729,29936,108460,3475,2600,6549,364,56267,1713,13067,203,5125,13009,64429,18046,67997,2973,142,7129,883,43843,52221,4020,2974,15097,4343,7863,71604,4159,258,423,909,58778,18400,53599,357]",evidence-20260913-large-graph,REAL_EXPERIMENT
network.douban,balanced,150,20260715,Random,100.53879999999937,0.1110386344476715,32.09490405040509,100.60990000000004,10000,16474248372193527735,0,,,,"[43925,45285,14749,83695,154331,144915,29970,92265,80715,40696,43635,89888,47213,147532,112576,22786,63356,136545,37146,36127,77717,74670,9883,37128,113761,150481,47679,152119,120732,38543,134896,72047,18722,114233,75175,146769,82098,5216,25126,25780,79412,6979,71060,68092,132788,19859,52032,95390,130235,145544,108821,146278,16288,87723,133434,131717,39425,62697,140259,42288,53348,63403,17408,67949,80935,139111,109334,77532,43337,99730,1774,42809,79518,106616,16609,27796,113371,57782,123600,27173,58087,2136,7145,154045,11422,26361,38953,89707,79501,49330,672,95227,82340,66752,82042,99612,39054,105036,150363,102441,62888,102584,20585,112282,70495,58293,114902,40752,113725,87132,91168,11443,146805,119281,23386,5443,40257,117977,75731,104135,139204,4639,121524,66131,69354,61812,82124,122294,2458,66177,153373,8998,51812,143089,18694,6417,16493,71675,29680,61415,88726,57378,29645,106190,142930,52563,129555,19754,7528,58206]",evidence-20260913-large-graph,REAL_EXPERIMENT
network.douban,balanced,150,20260716,CIM-RIS,99.92610000000042,0.11304182565316719,33.26336512651252,100.00780000000012,10000,13612263504503910057,50000,28.18361150000419,1982.8096,4999529,"[9889,45708,90511,58320,18723,425,31705,482,66778,36901,12592,50765,93882,56064,8600,12224,3980,17458,37124,15050,8205,3,122219,153449,11176,10967,6106,6104,6790,46246,16012,72880,11998,532,23495,27990,117762,10620,962,76047,25028,36603,4787,26487,13496,11874,25109,8783,24924,26328,6631,42217,24980,1084,45969,17293,7844,45552,17863,138806,16129,44588,13265,38256,72533,37958,21471,70576,3397,13229,33963,5736,13715,28327,3651,2686,73977,93608,32839,7448,53958,9897,20679,57079,34992,24864,6234,2983,19084,107216,127693,31265,12570,46028,31224,123854,11719,5408,103480,110437,96289,139875,3022,1824,6782,2411,4063,47825,109708,28882,74075,3309,17092,10006,20001,21110,27225,90178,651,9775,45817,51853,59735,125157,58334,36643,10316,3560,16437,144760,46590,18952,8529,25542,41012,25143,27851,91838,17045,4940,18786,93312,149801,19774,2461,33591,3484,22865,85051,41039]",evidence-20260913-large-graph,REAL_EXPERIMENT
network.douban,balanced,150,20260716,IC-RIS,100.29289999999985,0.11129958704281895,32.24593418341845,100.36259999999987,10000,13612263504503910057,50000,6.522305499995127,,,"[5431,32009,69540,84453,114735,141120,145845,1878,3380,15143,15560,18763,22110,22631,26779,34159,41189,44469,46537,49193,49524,49548,49883,55601,61401,70629,71614,72295,72968,73314,74112,76730,77882,79726,81036,83570,86401,100983,107399,107689,113599,116499,119352,123205,136881,154113,154803,16,552,661,1286,1662,2354,3059,3114,3219,3307,4192,4341,4384,4662,5611,6008,6093,6714,7167,7962,8410,8721,8959,9396,9544,9608,9943,10170,10217,11051,11241,12666,12827,13126,13428,13922,14090,14674,14711,15018,16505,16538,17263,18070,18177,18421,20149,20686,20738,20830,20881,20939,20984,21474,22170,22491,23455,24025,24130,24347,24381,25062,25257,25560,25753,26016,26510,27305,27487,28655,29064,29459,29486,29745,29892,29965,31332,31454,34318,34377,35063,35701,35918,35936,36176,36590,36772,37218,37256,37275,37657,39733,40219,40876,41616,41662,41665,43303,43928,44091,44393,44420,44743]",evidence-20260913-large-graph,REAL_EXPERIMENT
network.douban,balanced,150,20260716,1Hop-Sort,97.49670000000026,0.11202091146280745,32.66525563556368,99.1997999999998,10000,13612263504503910057,0,,,,"[6007,6816,7185,10234,21306,35844,36092,37245,37363,38417,45643,84823,85385,89604,90357,91657,91844,95516,98445,99155,99156,101203,101875,104119,112764,123087,124519,125596,127604,128081,128790,128871,128889,131290,133466,133739,134108,134739,135703,136008,136186,136307,137465,138698,139027,141095,142220,142776,143569,144068,144272,148668,151579,151580,151981,7933,7934,19955,20199,20200,21772,23432,35294,37167,37364,37365,37366,38172,38173,38572,38643,38644,64132,83027,84339,84340,87969,88045,88107,88108,91929,94123,95398,95561,95646,95647,95653,95654,96664,96924,96925,96947,96948,97080,97185,97294,97550,97551,97710,97890,97900,97901,97902,97922,99237,99238,100821,101419,101420,102201,102879,102880,103998,104303,104365,107180,112762,112763,116861,122720,122721,123338,126118,126769,127271,128710,128764,128866,128870,129085,129086,129541,129542,129747,129748,130365,130450,130451,130494,130495,131578,132065,132066,132292,132293,133973,134066,135296,135297,135435]",evidence-20260913-large-graph,REAL_EXPERIMENT
network.douban,balanced,150,20260716,Alpha-Sort,92.17019999999964,0.11276822521000868,33.10254221422126,102.22830000000013,10000,13612263504503910057,0,,,,"[7,15,55,2,71,116,135,188,202,209,211,213,279,282,295,319,325,375,387,389,401,421,426,447,450,514,593,594,614,633,659,670,685,687,700,713,740,742,753,803,810,817,818,820,821,835,844,847,850,861,862,863,923,925,926,927,930,937,973,974,990,1037,1040,1045,1046,1048,1065,1066,1068,1120,1122,1125,1128,1129,1130,1131,1135,1150,1156,1201,1204,1218,1232,1235,1240,1297,1299,1302,1313,1323,1340,1346,1347,1348,1353,1360,1372,1379,1398,1403,1413,1423,1426,1429,1430,1437,1445,1448,1452,1464,1481,1502,1580,1602,1605,1618,1646,1649,1655,1662,1663,1664,1665,1666,1667,1668,1669,1670,1671,1672,1675,1676,1677,1678,1679,1680,1682,1684,1685,1686,1687,1688,1689,1690,1691,1692,1693,1694,1695,1697]",evidence-20260913-large-graph,REAL_EXPERIMENT
network.douban,balanced,150,20260716,DegreeTopM,90.34240000000037,0.11609467438026742,35.08427066706664,91.04620000000008,10000,13612263504503910057,0,,,,"[255,875,7946,874,168,4371,2971,3527,6836,26,6855,1465,3020,474,3463,969,180,573,3261,4153,2613,47,92,5179,1234,2915,961,1264,4234,8186,429,7204,8172,8915,3763,882,8871,3499,9297,841,1827,419,2942,7186,1160,8788,263,9369,437,579,15188,459,6163,7819,11008,4174,671,1611,2603,8561,6352,2600,4343,5019,4021,7129,7719,16671,219,8772,364,2686,6549,8381,592,3899,4159,258,3345,3459,1263,6429,18046,357,1995,4303,575,8729,792,1208,3682,4893,5079,451,1616,2448,3475,4020,6274,3065,3092,9472,15097,883,909,9194,1230,1715,2275,587,1167,3522,3583,4145,7205,12722,363,568,956,1015,7203,142,274,1713,2654,3472,5125,5367,5814,858,3857,15872,373,3348,7207,5962,6168,13067,217,845,5391,5482,12155,4008,5038,8179,7222,203,1442,11003]",evidence-20260913-large-graph,REAL_EXPERIMENT
network.douban,balanced,150,20260716,PageRank,87.7195999999997,0.11816900103654512,36.349210761076115,88.12540000000027,10000,13612263504503910057,0,,,,"[255,875,874,4371,7946,168,3527,2971,6855,26,180,1465,6836,3020,3463,474,3261,4153,969,7204,2613,47,429,573,8172,2915,5179,4234,1160,92,1264,8915,882,961,1234,459,419,8871,7186,219,3763,7719,15188,8186,6163,592,437,9297,6429,11008,3499,4174,1827,4021,8561,2448,841,263,579,2603,1208,121785,9369,451,671,7222,82977,8788,575,63108,2942,16671,77378,7819,58586,3345,1263,3899,70047,6352,5019,55050,15872,46050,8381,120909,88,2686,11003,3583,46517,69479,4893,8772,1522,72755,3682,69454,67537,8179,30409,1611,9472,6274,93056,1616,1303,3459,5079,42211,82921,1715,112718,74647,8729,29936,108460,3475,2600,6549,364,56267,1713,13067,203,5125,13009,64429,18046,67997,2973,142,7129,883,43843,52221,4020,2974,15097,4343,7863,71604,4159,258,423,909,58778,18400,53599,357]",evidence-20260913-large-graph,REAL_EXPERIMENT
network.douban,balanced,150,20260716,Random,100.99319999999982,0.11289510075649463,33.177071467146696,101.06839999999981,10000,13612263504503910057,0,,,,"[134146,124775,125565,145030,145623,6980,119723,110948,125913,126710,44549,7475,57593,60917,90020,76672,131313,87978,61310,119197,21895,57188,1112,111392,10809,112534,79473,84791,22535,47828,112417,49398,110615,144725,64583,140975,139923,66194,31540,119150,23988,77083,33930,67379,7912,5018,76124,113398,108829,73351,95346,134767,20388,73504,112950,105260,53353,147236,10600,134011,17250,8961,101765,68122,101222,72573,94979,119276,6502,151254,98421,100332,79478,44460,47999,100475,18007,137991,68940,142836,48491,27758,100916,90454,132248,127624,25222,91100,17682,138423,105098,54473,39620,37770,16585,117687,58707,118362,48560,89628,32883,130137,61819,41433,130888,5928,75791,11152,143706,22366,69837,92742,61282,6766,105242,45391,65510,30839,106959,16050,1753,38625,103180,62076,116369,40115,24096,18062,85386,43703,26532,122744,18443,88372,141485,84916,83919,116273,103182,36600,132038,65712,29417,41218,144426,21832,13595,93714,136147,79440]",evidence-20260913-large-graph,REAL_EXPERIMENT
network.douban,balanced,150,20260717,CIM-RIS,99.72880000000006,0.11336290932245242,33.452595819581866,99.83079999999987,10000,2458771726344355085,50000,28.960627899999963,2013.791,5069513,"[5746,1179,5200,1564,9381,7347,79311,104257,8751,16358,14571,142338,24475,3497,20694,14773,1077,7551,733,41864,10533,6392,147799,42203,11241,57488,4866,19686,18020,16106,28320,4313,7492,122343,65172,10626,748,125894,12329,139896,1426,145257,7328,17375,19402,1754,38378,10652,18292,137386,1400,70880,110425,48050,10886,45505,29844,16121,14224,28266,53841,21044,151713,43367,11356,7843,120006,54962,35816,18093,12850,9047,104105,89955,10518,2359,23547,6402,53910,895,4290,19605,89740,35503,73110,31355,19999,65018,124312,22206,26745,32203,106023,12008,30729,18908,17478,15581,9926,50886,67389,28783,27614,7490,528,905,10434,38306,9390,12462,31785,77666,19941,14637,25356,39962,68196,47729,18726,90761,9370,50274,43266,73993,13278,55913,668,10129,63748,6314,109517,30438,91472,4248,45194,8567,53101,6632,56449,23768,43106,149597,69231,30002,14151,68030,44048,17155,68816,40926]",evidence-20260913-large-graph,REAL_EXPERIMENT
network.douban,balanced,150,20260717,IC-RIS,100.37220000000008,0.11309963745735406,33.29739689969004,100.42890000000008,10000,2458771726344355085,50000,6.564853600000788,,,"[86432,19325,64662,65341,90478,93367,106411,122453,122521,5104,9905,12895,15852,16814,17364,17683,20195,26552,27679,27869,31609,33753,34316,38327,46882,50441,50717,57761,60298,60386,60638,66491,72257,73572,75309,83997,90844,91346,94931,97512,97757,105369,106153,108447,109725,111492,119698,122985,124605,124927,130406,130573,139981,140773,141143,146877,149642,258,554,1712,2139,2214,2371,2671,2942,4123,4167,4397,4819,5383,5916,6718,7181,7491,8116,8283,8892,9188,9791,11742,11755,12322,12340,12522,12694,13458,13574,13701,15066,15122,15445,16412,16584,16872,16973,17047,17182,17399,17687,18134,18432,19607,19874,19925,21800,22426,22646,22658,22764,22866,23074,23234,23437,23666,23892,23934,24683,24741,24933,25171,25762,25803,25954,26067,27586,29866,30216,30360,30387,30476,30712,30777,30850,31986,32413,32663,33793,33968,34491,34602,34613,34934,35298,35595,36627,36787,36835,36973,37277,37367]",evidence-20260913-large-graph,REAL_EXPERIMENT
network.douban,balanced,150,20260717,1Hop-Sort,97.44600000000005,0.11220167367288916,32.77076107610764,99.16899999999994,10000,2458771726344355085,0,,,,"[6007,6816,7185,10234,21306,35844,36092,37245,37363,38417,45643,84823,85385,89604,90357,91657,91844,95516,98445,99155,99156,101203,101875,104119,112764,123087,124519,125596,127604,128081,128790,128871,128889,131290,133466,133739,134108,134739,135703,136008,136186,136307,137465,138698,139027,141095,142220,142776,143569,144068,144272,148668,151579,151580,151981,7933,7934,19955,20199,20200,21772,23432,35294,37167,37364,37365,37366,38172,38173,38572,38643,38644,64132,83027,84339,84340,87969,88045,88107,88108,91929,94123,95398,95561,95646,95647,95653,95654,96664,96924,96925,96947,96948,97080,97185,97294,97550,97551,97710,97890,97900,97901,97902,97922,99237,99238,100821,101419,101420,102201,102879,102880,103998,104303,104365,107180,112762,112763,116861,122720,122721,123338,126118,126769,127271,128710,128764,128866,128870,129085,129086,129541,129542,129747,129748,130365,130450,130451,130494,130495,131578,132065,132066,132292,132293,133973,134066,135296,135297,135435]",evidence-20260913-large-graph,REAL_EXPERIMENT
network.douban,balanced,150,20260717,Alpha-Sort,92.25019999999975,0.11068220633739446,31.889188878887868,102.31929999999987,10000,2458771726344355085,0,,,,"[7,15,55,2,71,116,135,188,202,209,211,213,279,282,295,319,325,375,387,389,401,421,426,447,450,514,593,594,614,633,659,670,685,687,700,713,740,742,753,803,810,817,818,820,821,835,844,847,850,861,862,863,923,925,926,927,930,937,973,974,990,1037,1040,1045,1046,1048,1065,1066,1068,1120,1122,1125,1128,1129,1130,1131,1135,1150,1156,1201,1204,1218,1232,1235,1240,1297,1299,1302,1313,1323,1340,1346,1347,1348,1353,1360,1372,1379,1398,1403,1413,1423,1426,1429,1430,1437,1445,1448,1452,1464,1481,1502,1580,1602,1605,1618,1646,1649,1655,1662,1663,1664,1665,1666,1667,1668,1669,1670,1671,1672,1675,1676,1677,1678,1679,1680,1682,1684,1685,1686,1687,1688,1689,1690,1691,1692,1693,1694,1695,1697]",evidence-20260913-large-graph,REAL_EXPERIMENT
network.douban,balanced,150,20260717,DegreeTopM,90.22700000000037,0.11681866919078983,35.52322332233233,90.95990000000045,10000,2458771726344355085,0,,,,"[255,875,7946,874,168,4371,2971,3527,6836,26,6855,1465,3020,474,3463,969,180,573,3261,4153,2613,47,92,5179,1234,2915,961,1264,4234,8186,429,7204,8172,8915,3763,882,8871,3499,9297,841,1827,419,2942,7186,1160,8788,263,9369,437,579,15188,459,6163,7819,11008,4174,671,1611,2603,8561,6352,2600,4343,5019,4021,7129,7719,16671,219,8772,364,2686,6549,8381,592,3899,4159,258,3345,3459,1263,6429,18046,357,1995,4303,575,8729,792,1208,3682,4893,5079,451,1616,2448,3475,4020,6274,3065,3092,9472,15097,883,909,9194,1230,1715,2275,587,1167,3522,3583,4145,7205,12722,363,568,956,1015,7203,142,274,1713,2654,3472,5125,5367,5814,858,3857,15872,373,3348,7207,5962,6168,13067,217,845,5391,5482,12155,4008,5038,8179,7222,203,1442,11003]",evidence-20260913-large-graph,REAL_EXPERIMENT
network.douban,balanced,150,20260717,PageRank,87.75659999999995,0.11963497397788922,37.256682108210725,88.16309999999986,10000,2458771726344355085,0,,,,"[255,875,874,4371,7946,168,3527,2971,6855,26,180,1465,6836,3020,3463,474,3261,4153,969,7204,2613,47,429,573,8172,2915,5179,4234,1160,92,1264,8915,882,961,1234,459,419,8871,7186,219,3763,7719,15188,8186,6163,592,437,9297,6429,11008,3499,4174,1827,4021,8561,2448,841,263,579,2603,1208,121785,9369,451,671,7222,82977,8788,575,63108,2942,16671,77378,7819,58586,3345,1263,3899,70047,6352,5019,55050,15872,46050,8381,120909,88,2686,11003,3583,46517,69479,4893,8772,1522,72755,3682,69454,67537,8179,30409,1611,9472,6274,93056,1616,1303,3459,5079,42211,82921,1715,112718,74647,8729,29936,108460,3475,2600,6549,364,56267,1713,13067,203,5125,13009,64429,18046,67997,2973,142,7129,883,43843,52221,4020,2974,15097,4343,7863,71604,4159,258,423,909,58778,18400,53599,357]",evidence-20260913-large-graph,REAL_EXPERIMENT
network.douban,balanced,150,20260717,Random,100.22929999999998,0.11275577126549653,33.095231033103325,100.33299999999988,10000,2458771726344355085,0,,,,"[71080,36958,128317,95873,100336,131700,27041,17584,4653,116832,23182,114624,42598,37825,116891,45096,129081,98098,68920,87633,107193,72401,27525,145018,92713,112574,95528,93032,122023,111931,16947,36384,110171,77592,12645,32572,50687,55082,37856,69270,30336,148941,85487,133304,28060,23741,50733,87851,44593,148403,65135,126138,139244,15127,6959,96723,103776,135831,17236,20063,107520,135592,115588,39078,121649,37415,68666,59852,53004,16091,118200,28700,61198,11280,133921,63238,103509,41606,17967,99885,142843,151426,101633,20152,80893,13391,68449,117636,38175,42680,107108,33184,65128,68921,113119,131990,35202,130197,36565,120343,84278,11350,113988,62983,11518,141024,4149,5269,44325,98697,4735,75861,89496,138627,105483,144716,126147,97177,141215,37043,51506,13134,126889,154701,133586,112300,33587,97168,150588,119052,131751,100737,58130,150573,48017,9902,53030,23509,30496,35846,31721,178,93800,121773,75324,59280,35918,48026,65373,104098]",evidence-20260913-large-graph,REAL_EXPERIMENT
network.douban,balanced,150,20260718,CIM-RIS,100.22799999999988,0.11302445207669341,33.25314131413152,100.31309999999962,10000,15263968465675921313,50000,31.44050650000281,1982.8096,5081266,"[2749,35235,23518,9857,51284,4426,21537,22353,18141,142619,6201,22610,5499,23769,4032,18032,24609,5710,5227,7943,4762,29160,15731,30715,1420,23178,21624,3920,36679,54056,53027,112917,121277,65895,2827,25686,2548,22987,20061,28979,8813,49228,36225,1091,152526,29671,34252,29530,2408,114500,38663,2966,10147,66541,31525,70082,56689,107543,140625,28205,36781,13123,66429,101869,10752,31206,16944,78407,4912,68312,126173,6046,54556,28107,6817,62080,41047,8196,2947,57632,30040,138246,15446,283,30136,6109,6047,4323,74310,19195,17444,5914,5138,1765,42408,9089,16714,14624,30813,2193,93228,136819,19259,45749,29517,18683,9945,83053,72983,8785,24836,137739,150874,13609,145837,4660,26735,18114,3615,34423,24981,19082,4903,113305,128154,35923,47882,68420,56229,42802,7979,56882,18414,103335,10473,19990,9428,41090,19725,31114,14758,3287,36481,131452,14244,48702,89132,1985,21812,36069]",evidence-20260913-large-graph,REAL_EXPERIMENT
network.douban,balanced,150,20260718,IC-RIS,100.43990000000001,0.11321290575919987,33.36412440244032,100.49179999999988,10000,15263968465675921313,50000,6.47175199999765,,,"[19731,6451,9136,16449,29818,40427,41154,63211,76953,95449,99509,118026,139308,153356,2637,4451,5244,6128,7174,7624,9050,10343,12386,14469,18366,22460,24638,32371,37076,38630,44723,45153,46133,53742,54267,55627,56183,56665,66307,67989,70915,71086,77807,78793,80881,90726,96349,105915,106136,109713,114833,117335,117877,127327,128945,138442,138774,139797,140907,150103,150285,152999,238,1790,2511,3617,4513,4615,4775,5665,5887,6638,7230,7602,7750,8035,8507,8517,9760,9900,11356,11586,11975,13077,13318,13444,13832,13924,13965,14707,15039,15909,16315,16998,17055,17305,17914,19106,19219,19804,20868,20999,21427,22027,22669,22953,23476,23943,23976,25340,25384,25841,26200,26308,26393,26532,27666,28108,28932,29153,29555,29600,30042,30179,30201,32074,32772,32997,33278,33536,33788,36702,36984,37282,37400,37496,37674,38275,38821,38831,39102,40836,41761,42286,42498,42772,43513,43614,44456,44829]",evidence-20260913-large-graph,REAL_EXPERIMENT
network.douban,balanced,150,20260718,1Hop-Sort,97.38529999999987,0.11194689940902498,32.62210612061214,99.14280000000011,10000,15263968465675921313,0,,,,"[6007,6816,7185,10234,21306,35844,36092,37245,37363,38417,45643,84823,85385,89604,90357,91657,91844,95516,98445,99155,99156,101203,101875,104119,112764,123087,124519,125596,127604,128081,128790,128871,128889,131290,133466,133739,134108,134739,135703,136008,136186,136307,137465,138698,139027,141095,142220,142776,143569,144068,144272,148668,151579,151580,151981,7933,7934,19955,20199,20200,21772,23432,35294,37167,37364,37365,37366,38172,38173,38572,38643,38644,64132,83027,84339,84340,87969,88045,88107,88108,91929,94123,95398,95561,95646,95647,95653,95654,96664,96924,96925,96947,96948,97080,97185,97294,97550,97551,97710,97890,97900,97901,97902,97922,99237,99238,100821,101419,101420,102201,102879,102880,103998,104303,104365,107180,112762,112763,116861,122720,122721,123338,126118,126769,127271,128710,128764,128866,128870,129085,129086,129541,129542,129747,129748,130365,130450,130451,130494,130495,131578,132065,132066,132292,132293,133973,134066,135296,135297,135435]",evidence-20260913-large-graph,REAL_EXPERIMENT
network.douban,balanced,150,20260718,Alpha-Sort,92.25459999999971,0.11195056285712365,32.62424126412639,102.26889999999996,10000,15263968465675921313,0,,,,"[7,15,55,2,71,116,135,188,202,209,211,213,279,282,295,319,325,375,387,389,401,421,426,447,450,514,593,594,614,633,659,670,685,687,700,713,740,742,753,803,810,817,818,820,821,835,844,847,850,861,862,863,923,925,926,927,930,937,973,974,990,1037,1040,1045,1046,1048,1065,1066,1068,1120,1122,1125,1128,1129,1130,1131,1135,1150,1156,1201,1204,1218,1232,1235,1240,1297,1299,1302,1313,1323,1340,1346,1347,1348,1353,1360,1372,1379,1398,1403,1413,1423,1426,1429,1430,1437,1445,1448,1452,1464,1481,1502,1580,1602,1605,1618,1646,1649,1655,1662,1663,1664,1665,1666,1667,1668,1669,1670,1671,1672,1675,1676,1677,1678,1679,1680,1682,1684,1685,1686,1687,1688,1689,1690,1691,1692,1693,1694,1695,1697]",evidence-20260913-large-graph,REAL_EXPERIMENT
network.douban,balanced,150,20260718,DegreeTopM,90.26310000000015,0.11602634282577957,35.04298268826878,90.98220000000022,10000,15263968465675921313,0,,,,"[255,875,7946,874,168,4371,2971,3527,6836,26,6855,1465,3020,474,3463,969,180,573,3261,4153,2613,47,92,5179,1234,2915,961,1264,4234,8186,429,7204,8172,8915,3763,882,8871,3499,9297,841,1827,419,2942,7186,1160,8788,263,9369,437,579,15188,459,6163,7819,11008,4174,671,1611,2603,8561,6352,2600,4343,5019,4021,7129,7719,16671,219,8772,364,2686,6549,8381,592,3899,4159,258,3345,3459,1263,6429,18046,357,1995,4303,575,8729,792,1208,3682,4893,5079,451,1616,2448,3475,4020,6274,3065,3092,9472,15097,883,909,9194,1230,1715,2275,587,1167,3522,3583,4145,7205,12722,363,568,956,1015,7203,142,274,1713,2654,3472,5125,5367,5814,858,3857,15872,373,3348,7207,5962,6168,13067,217,845,5391,5482,12155,4008,5038,8179,7222,203,1442,11003]",evidence-20260913-large-graph,REAL_EXPERIMENT
network.douban,balanced,150,20260718,PageRank,87.75160000000007,0.11798308024997894,36.234920932093324,88.15250000000013,10000,15263968465675921313,0,,,,"[255,875,874,4371,7946,168,3527,2971,6855,26,180,1465,6836,3020,3463,474,3261,4153,969,7204,2613,47,429,573,8172,2915,5179,4234,1160,92,1264,8915,882,961,1234,459,419,8871,7186,219,3763,7719,15188,8186,6163,592,437,9297,6429,11008,3499,4174,1827,4021,8561,2448,841,263,579,2603,1208,121785,9369,451,671,7222,82977,8788,575,63108,2942,16671,77378,7819,58586,3345,1263,3899,70047,6352,5019,55050,15872,46050,8381,120909,88,2686,11003,3583,46517,69479,4893,8772,1522,72755,3682,69454,67537,8179,30409,1611,9472,6274,93056,1616,1303,3459,5079,42211,82921,1715,112718,74647,8729,29936,108460,3475,2600,6549,364,56267,1713,13067,203,5125,13009,64429,18046,67997,2973,142,7129,883,43843,52221,4020,2974,15097,4343,7863,71604,4159,258,423,909,58778,18400,53599,357]",evidence-20260913-large-graph,REAL_EXPERIMENT
network.douban,balanced,150,20260718,Random,100.70229999999982,0.11258417123270399,32.99457416741674,100.85859999999981,10000,15263968465675921313,0,,,,"[62339,98615,140754,153836,89307,23105,98449,134507,25982,149384,48850,21149,79888,50170,20458,56385,71945,108936,33909,53453,58451,34744,30783,18616,142243,112459,54124,76653,40711,140808,124638,83107,129693,88823,139074,60465,127967,93864,106849,75376,118387,88209,121338,32558,53095,50916,95288,87019,93844,138695,79088,146780,57811,5043,56626,54806,61684,8253,3386,133908,44790,146369,48901,126787,25483,50247,145464,100587,99469,36508,146441,62955,3983,146411,46523,36290,147946,24224,143167,35222,107820,91558,38749,77698,90126,94010,150094,63340,76845,81407,70999,147153,88511,59568,7249,118400,6295,24919,92719,121523,3676,95915,150852,32188,131187,103999,121415,124277,41719,97743,124275,66983,89451,53437,47933,42989,35093,27887,57215,40593,68420,13580,118955,120526,118604,49348,27002,39920,48705,7807,139013,61401,131069,78205,75040,104519,135673,132892,102371,89953,94252,130060,152766,89943,138926,75459,16868,32733,90877,101535]",evidence-20260913-large-graph,REAL_EXPERIMENT
network.douban,balanced,150,20260719,CIM-RIS,100.40250000000003,0.11235669849977693,32.8613798879888,100.50010000000013,10000,15414050860059624216,50000,26.138459499998135,2023.08542,5010193,"[1323,95827,2467,4661,16131,913,154823,5928,98371,8285,55539,11768,1803,39855,4070,20957,138798,58430,52363,39457,46878,62010,48255,79259,115690,32105,86749,15829,21866,15195,86124,50962,84803,91018,27546,7419,21537,23388,2553,40429,648,123610,119709,117530,20810,6645,31636,1954,3781,5615,8046,9732,25880,5895,15919,89738,7235,652,56016,27076,3537,101300,5331,47850,12674,30284,7688,1964,4696,10901,142142,2464,16676,59873,7566,8648,19054,18770,6536,22699,1929,10694,10753,9345,118148,6764,27705,14978,26298,12829,17402,9334,3990,15316,3399,142230,51116,24231,15662,123521,67100,46025,112302,50711,114756,75846,34206,27426,7474,126110,48905,3858,12729,60731,3957,29961,12304,2130,1638,27666,4724,39322,15007,34665,106683,32757,22442,118574,1219,28741,119431,31786,47481,3795,21117,15201,22018,105987,15563,1720,93386,67635,106137,87605,8663,18440,49143,16457,56328,8272]",evidence-20260913-large-graph,REAL_EXPERIMENT
network.douban,balanced,150,20260719,IC-RIS,100.8167999999999,0.11201482125995561,32.661703930393074,100.86879999999955,10000,15414050860059624216,50000,5.585561599997163,,,"[6154,28716,65034,98802,115339,133220,140257,4989,6335,7385,9870,9988,11471,14178,15699,16560,18504,21406,22523,24044,28826,29171,31231,32185,38109,40035,50904,60945,66794,67450,75705,77534,82331,83537,85348,85593,89712,90851,92678,93944,94222,94903,98419,100035,104565,108261,113770,114567,117052,119880,125852,130177,132320,132368,136339,137388,137737,137888,140328,142955,1419,2112,2243,2324,3396,5333,5435,5776,6241,6667,6705,7633,7750,7885,7963,8520,8613,9135,9210,10257,10556,11403,11499,11794,12613,12662,13962,15222,15273,15501,15677,17135,17907,18311,19766,20190,20391,21212,21585,21675,21942,22131,22589,23585,23772,23794,23929,26739,27067,27442,27464,28245,28398,28633,29153,29598,30216,30338,31266,31364,31738,32420,32884,33209,33459,33901,33941,34259,35033,35478,35934,36105,36487,36787,37201,37240,38584,38763,40202,40498,40667,41111,41246,41635,42105,42318,42337,42649,43537,43625]",evidence-20260913-large-graph,REAL_EXPERIMENT
network.douban,balanced,150,20260719,1Hop-Sort,97.51920000000008,0.1108168609053862,31.966828042804334,99.25209999999994,10000,15414050860059624216,0,,,,"[6007,6816,7185,10234,21306,35844,36092,37245,37363,38417,45643,84823,85385,89604,90357,91657,91844,95516,98445,99155,99156,101203,101875,104119,112764,123087,124519,125596,127604,128081,128790,128871,128889,131290,133466,133739,134108,134739,135703,136008,136186,136307,137465,138698,139027,141095,142220,142776,143569,144068,144272,148668,151579,151580,151981,7933,7934,19955,20199,20200,21772,23432,35294,37167,37364,37365,37366,38172,38173,38572,38643,38644,64132,83027,84339,84340,87969,88045,88107,88108,91929,94123,95398,95561,95646,95647,95653,95654,96664,96924,96925,96947,96948,97080,97185,97294,97550,97551,97710,97890,97900,97901,97902,97922,99237,99238,100821,101419,101420,102201,102879,102880,103998,104303,104365,107180,112762,112763,116861,122720,122721,123338,126118,126769,127271,128710,128764,128866,128870,129085,129086,129541,129542,129747,129748,130365,130450,130451,130494,130495,131578,132065,132066,132292,132293,133973,134066,135296,135297,135435]",evidence-20260913-large-graph,REAL_EXPERIMENT
network.douban,balanced,150,20260719,Alpha-Sort,92.24690000000007,0.11085448676506522,31.988539243924464,102.3392000000005,10000,15414050860059624216,0,,,,"[7,15,55,2,71,116,135,188,202,209,211,213,279,282,295,319,325,375,387,389,401,421,426,447,450,514,593,594,614,633,659,670,685,687,700,713,740,742,753,803,810,817,818,820,821,835,844,847,850,861,862,863,923,925,926,927,930,937,973,974,990,1037,1040,1045,1046,1048,1065,1066,1068,1120,1122,1125,1128,1129,1130,1131,1135,1150,1156,1201,1204,1218,1232,1235,1240,1297,1299,1302,1313,1323,1340,1346,1347,1348,1353,1360,1372,1379,1398,1403,1413,1423,1426,1429,1430,1437,1445,1448,1452,1464,1481,1502,1580,1602,1605,1618,1646,1649,1655,1662,1663,1664,1665,1666,1667,1668,1669,1670,1671,1672,1675,1676,1677,1678,1679,1680,1682,1684,1685,1686,1687,1688,1689,1690,1691,1692,1693,1694,1695,1697]",evidence-20260913-large-graph,REAL_EXPERIMENT
network.douban,balanced,150,20260719,DegreeTopM,90.37420000000006,0.11656367541897554,35.36831119111902,91.07299999999984,10000,15414050860059624216,0,,,,"[255,875,7946,874,168,4371,2971,3527,6836,26,6855,1465,3020,474,3463,969,180,573,3261,4153,2613,47,92,5179,1234,2915,961,1264,4234,8186,429,7204,8172,8915,3763,882,8871,3499,9297,841,1827,419,2942,7186,1160,8788,263,9369,437,579,15188,459,6163,7819,11008,4174,671,1611,2603,8561,6352,2600,4343,5019,4021,7129,7719,16671,219,8772,364,2686,6549,8381,592,3899,4159,258,3345,3459,1263,6429,18046,357,1995,4303,575,8729,792,1208,3682,4893,5079,451,1616,2448,3475,4020,6274,3065,3092,9472,15097,883,909,9194,1230,1715,2275,587,1167,3522,3583,4145,7205,12722,363,568,956,1015,7203,142,274,1713,2654,3472,5125,5367,5814,858,3857,15872,373,3348,7207,5962,6168,13067,217,845,5391,5482,12155,4008,5038,8179,7222,203,1442,11003]",evidence-20260913-large-graph,REAL_EXPERIMENT
network.douban,balanced,150,20260719,PageRank,87.7717,0.11793435737800308,36.20499960996083,88.17159999999974,10000,15414050860059624216,0,,,,"[255,875,874,4371,7946,168,3527,2971,6855,26,180,1465,6836,3020,3463,474,3261,4153,969,7204,2613,47,429,573,8172,2915,5179,4234,1160,92,1264,8915,882,961,1234,459,419,8871,7186,219,3763,7719,15188,8186,6163,592,437,9297,6429,11008,3499,4174,1827,4021,8561,2448,841,263,579,2603,1208,121785,9369,451,671,7222,82977,8788,575,63108,2942,16671,77378,7819,58586,3345,1263,3899,70047,6352,5019,55050,15872,46050,8381,120909,88,2686,11003,3583,46517,69479,4893,8772,1522,72755,3682,69454,67537,8179,30409,1611,9472,6274,93056,1616,1303,3459,5079,42211,82921,1715,112718,74647,8729,29936,108460,3475,2600,6549,364,56267,1713,13067,203,5125,13009,64429,18046,67997,2973,142,7129,883,43843,52221,4020,2974,15097,4343,7863,71604,4159,258,423,909,58778,18400,53599,357]",evidence-20260913-large-graph,REAL_EXPERIMENT
network.douban,balanced,150,20260719,Random,100.9773000000002,0.111492512395343,32.357820492049434,101.00099999999964,10000,15414050860059624216,0,,,,"[126661,88931,79537,53573,93551,126326,114953,30010,81619,75947,142552,19912,119839,31609,141548,66357,82567,44382,97590,79955,131278,150657,77954,100510,152201,37737,32745,65624,93863,2201,104037,75625,23976,131202,25368,118401,108056,55476,49425,139233,67165,124082,76583,33360,107534,49137,153860,100432,147539,16450,37428,27496,137836,80507,117988,49890,117199,18341,43466,140733,153783,334,22115,121125,59971,31329,104341,106146,87799,115807,138278,125298,92757,149244,126634,6028,69275,62699,69720,54578,148516,24673,132305,35509,35816,110166,116502,102928,108187,90904,77192,9401,59543,31133,58906,45709,122769,72025,85493,132341,14995,34325,141479,54435,67440,101407,80349,117560,147410,126977,28252,1555,52007,22555,136635,125042,127301,130201,53337,87611,130047,107859,59387,100653,71268,107919,27055,46650,149597,52932,141465,115137,84049,106705,133196,153587,109307,38353,72902,64209,47262,58801,147509,122554,90359,132085,68473,153600,129212,116867]",evidence-20260913-large-graph,REAL_EXPERIMENT
network.douban,balanced,200,20260715,CIM-RIS,133.07459999999944,0.12783391167852046,42.53828866886654,133.25919999999994,10000,11329718297030373617,50000,34.45976199999859,2667.49854,6695189,"[53933,7434,4904,85920,10877,8780,47708,6860,5081,63206,26607,17968,67144,13108,21228,72245,1747,8523,146791,403,95180,14166,19050,23590,2018,34883,121529,1041,36107,20307,88044,135218,65545,16227,41075,54743,99334,15491,20089,19609,2966,17,115554,6392,134637,137246,8767,103489,2635,23416,8772,8479,151026,8497,16319,128538,138786,40961,23973,6954,32916,260,130273,63001,33906,10343,122569,64168,30055,30490,27197,29431,2787,9443,2249,4201,20132,144049,23538,89403,50479,87201,3859,117096,7501,22233,48389,20573,28986,28569,93637,29164,4340,68747,12204,99493,49813,3005,21618,3934,116816,8844,1823,36580,10636,16747,42571,91529,26169,3044,3482,67847,13392,76943,18502,9910,13971,2012,21087,132427,14462,50984,22007,150291,23765,22449,8953,49222,4152,65772,6748,13188,125160,109213,14907,37043,21420,69308,2650,67454,30067,94752,25401,32762,49109,5091,5045,13134,38715,25844,23996,23703,1871,47707,82835,71251,9006,146527,4031,2754,13402,26387,11194,31446,14261,3567,10139,6511,128836,127007,150983,77237,3741,15343,12143,9696,34608,34175,30830,114831,23656,6833,45256,53882,12800,17507,10651,20894,15945,11174,147257,29488,32181,25930,18201,15618,90640,47935,14301,13510]",evidence-20260913-large-graph,REAL_EXPERIMENT
network.douban,balanced,200,20260715,IC-RIS,134.26669999999996,0.12864123537327157,43.07727883788385,134.33500000000083,10000,11329718297030373617,50000,7.452475699996285,,,"[93754,11414,52750,67870,68482,74089,149445,4673,8672,9280,14369,15109,18261,21227,25000,30836,32088,41380,42361,49900,54625,57243,61456,63106,70177,72235,79239,79844,82645,85757,91000,91367,96865,103019,103258,107159,113862,121163,122777,122796,122850,124978,126787,133809,141042,145669,151944,152723,153901,978,1168,1954,2416,2553,2610,4524,5690,5932,6396,6541,7435,7454,7457,8465,9139,9505,10047,10378,10647,10826,11483,11511,12301,12539,12543,13249,13667,14216,14329,14761,15201,15347,15436,16316,16735,17355,18159,18209,19080,19698,19976,20018,20681,21014,21772,21893,22971,23856,24780,24954,25305,25670,27395,29271,29296,29440,29595,30359,30926,31701,31878,32335,33100,33386,33503,34062,34929,35336,35836,36143,36610,37303,38170,38278,38377,39061,39311,39343,40095,42204,42553,43452,43842,45066,47178,47344,49780,50323,50594,51149,51907,52254,52485,53062,54237,54557,54891,55322,56493,56899,57793,58175,58411,58436,59799,60279,60317,61602,62230,62645,62916,63498,64815,66731,66751,67278,67321,68058,68530,68682,68786,68868,69015,69191,70400,70457,70651,70858,71201,71275,71405,72570,73031,73647,74338,74947,75144,75568,75888,77139,77444,78508,78905,79175,79695,80541,80651,81742,81871,81893]",evidence-20260913-large-graph,REAL_EXPERIMENT
network.douban,balanced,200,20260715,1Hop-Sort,129.7883000000001,0.1266452118498999,41.750858195819525,132.61230000000035,10000,11329718297030373617,0,,,,"[6007,6816,7185,10234,21306,35844,36092,37245,37363,38417,45643,84823,85385,89604,90357,91657,91844,95516,98445,99155,99156,101203,101875,104119,112764,123087,124519,125596,127604,128081,128790,128871,128889,131290,133466,133739,134108,134739,135703,136008,136186,136307,137465,138698,139027,141095,142220,142776,143569,144068,144272,148668,151579,151580,151981,7933,7934,19955,20199,20200,21772,23432,35294,37167,37364,37365,37366,38172,38173,38572,38643,38644,64132,83027,84339,84340,87969,88045,88107,88108,91929,94123,95398,95561,95646,95647,95653,95654,96664,96924,96925,96947,96948,97080,97185,97294,97550,97551,97710,97890,97900,97901,97902,97922,99237,99238,100821,101419,101420,102201,102879,102880,103998,104303,104365,107180,112762,112763,116861,122720,122721,123338,126118,126769,127271,128710,128764,128866,128870,129085,129086,129541,129542,129747,129748,130365,130450,130451,130494,130495,131578,132065,132066,132292,132293,133973,134066,135296,135297,135435,136079,136681,138760,138761,138762,139025,139026,139574,140045,140046,140177,140558,141289,142346,146129,148216,149043,149044,149679,149798,150535,150653,151121,153928,154261,154262,1302,13104,13105,13106,21324,21326,22630,22631,25083,25817,32011,34609,34610,37188,37189,37238,37239,37389,37390,37391,38094,38338,38339,38340]",evidence-20260913-large-graph,REAL_EXPERIMENT
network.douban,balanced,200,20260715,Alpha-Sort,120.96360000000011,0.12719491912066075,42.114086448644926,136.44410000000013,10000,11329718297030373617,0,,,,"[7,15,55,2,71,116,135,188,202,209,211,213,279,282,295,319,325,375,387,389,401,421,426,447,450,514,593,594,614,633,659,670,685,687,700,713,740,742,753,803,810,817,818,820,821,835,844,847,850,861,862,863,923,925,926,927,930,937,973,974,990,1037,1040,1045,1046,1048,1065,1066,1068,1120,1122,1125,1128,1129,1130,1131,1135,1150,1156,1201,1204,1218,1232,1235,1240,1297,1299,1302,1313,1323,1340,1346,1347,1348,1353,1360,1372,1379,1398,1403,1413,1423,1426,1429,1430,1437,1445,1448,1452,1464,1481,1502,1580,1602,1605,1618,1646,1649,1655,1662,1663,1664,1665,1666,1667,1668,1669,1670,1671,1672,1675,1676,1677,1678,1679,1680,1682,1684,1685,1686,1687,1688,1689,1690,1691,1692,1693,1694,1695,1697,1698,1699,1700,1701,1702,1711,1716,1724,1728,1730,1731,1732,1734,1738,1739,1741,1744,1745,1746,1751,1753,1768,1769,1771,1775,1788,1789,1791,1793,1795,1797,1799,1804,1828,1832,1836,1841,1843,1852,1857,1885,1886,1890,1891,1894,1897,1898,1899,1902,1905]",evidence-20260913-large-graph,REAL_EXPERIMENT
network.douban,balanced,200,20260715,DegreeTopM,120.42789999999968,0.13186318294624974,45.26212780278042,121.70460000000045,10000,11329718297030373617,0,,,,"[255,875,7946,874,168,4371,2971,3527,6836,26,6855,1465,3020,474,3463,969,180,573,3261,4153,2613,47,92,5179,1234,2915,961,1264,4234,8186,429,7204,8172,8915,3763,882,8871,3499,9297,841,1827,419,2942,7186,1160,8788,263,9369,437,579,15188,459,6163,7819,11008,4174,671,1611,2603,8561,6352,2600,4343,5019,4021,7129,7719,16671,219,8772,364,2686,6549,8381,592,3899,4159,258,3345,3459,1263,6429,18046,357,1995,4303,575,8729,792,1208,3682,4893,5079,451,1616,2448,3475,4020,6274,3065,3092,9472,15097,883,909,9194,1230,1715,2275,587,1167,3522,3583,4145,7205,12722,363,568,956,1015,7203,142,274,1713,2654,3472,5125,5367,5814,858,3857,15872,373,3348,7207,5962,6168,13067,217,845,5391,5482,12155,4008,5038,8179,7222,203,1442,11003,1225,1289,6344,10972,3134,5167,8763,9887,954,4005,4413,6339,6579,8244,9769,14633,17274,475,4019,4163,6761,11957,443,493,2976,3725,5002,10676,16860,1143,3458,13843,888,3014,7504,9222,43095,2964,3791,5150,9725,3139,3439,5041,8284,8977,580,6343,7871,10766]",evidence-20260913-large-graph,REAL_EXPERIMENT
network.douban,balanced,200,20260715,PageRank,116.19059999999949,0.13597835988368887,48.1312847684767,116.75489999999967,10000,11329718297030373617,0,,,,"[255,875,874,4371,7946,168,3527,2971,6855,26,180,1465,6836,3020,3463,474,3261,4153,969,7204,2613,47,429,573,8172,2915,5179,4234,1160,92,1264,8915,882,961,1234,459,419,8871,7186,219,3763,7719,15188,8186,6163,592,437,9297,6429,11008,3499,4174,1827,4021,8561,2448,841,263,579,2603,1208,121785,9369,451,671,7222,82977,8788,575,63108,2942,16671,77378,7819,58586,3345,1263,3899,70047,6352,5019,55050,15872,46050,8381,120909,88,2686,11003,3583,46517,69479,4893,8772,1522,72755,3682,69454,67537,8179,30409,1611,9472,6274,93056,1616,1303,3459,5079,42211,82921,1715,112718,74647,8729,29936,108460,3475,2600,6549,364,56267,1713,13067,203,5125,13009,64429,18046,67997,2973,142,7129,883,43843,52221,4020,2974,15097,4343,7863,71604,4159,258,423,909,58778,18400,53599,357,13906,54959,69229,1609,5391,70099,1995,10676,40319,792,64932,1470,49214,3092,2275,274,5367,1442,36871,19845,1167,229,746,5962,27651,5482,22388,9738,4303,1230,3065,77134,29020,29828,36156,22826,9802,39346,4145,55071,1015,9194,1475,55808,68799,12155,52217,42908,12647,65738]",evidence-20260913-large-graph,REAL_EXPERIMENT
network.douban,balanced,200,20260715,Random,134.58970000000045,0.1288348935073266,43.20707461746195,134.71249999999924,10000,11329718297030373617,0,,,,"[80377,86744,81561,94353,137701,620,153389,139016,68406,152253,32368,133428,30436,78316,43735,43947,39904,35400,135611,39520,45705,72882,71074,32618,30784,75390,132642,136770,94440,118750,30009,92331,125577,79120,121390,144413,93950,145651,2385,31933,54680,17050,17752,47823,83631,129567,79631,147143,18909,29698,85654,90060,62592,56375,146448,81610,52064,15576,53558,122715,125250,47142,96325,20,52654,99938,95015,128113,39525,30107,22837,74525,128947,94582,33853,51749,123544,140536,10135,116450,99063,61368,115448,1263,111790,136531,71400,153927,23073,35814,105471,130257,149889,74701,46982,120835,98489,78401,22615,149870,51892,57279,109231,30044,52107,1886,16193,97284,87606,115645,37297,81351,132684,90800,10907,18908,101206,74342,20991,53772,82476,102437,48584,151738,131551,8090,89604,118150,145932,145552,124964,136764,150530,91245,151125,34681,153361,129613,9431,95776,137792,37967,46027,108968,45884,122055,50238,85138,121569,120853,71043,123301,65439,94343,121372,52515,10472,47562,77820,12686,106434,108396,90795,138593,126695,134702,74987,18004,102860,16858,153131,111037,72360,12714,78899,1829,139150,54257,116326,132733,51287,73457,128331,137315,51222,75262,13133,128814,52998,39888,80000,67370,68909,38130,118500,73816,125196,5870,60947,74164]",evidence-20260913-large-graph,REAL_EXPERIMENT
network.douban,balanced,200,20260716,CIM-RIS,133.33339999999973,0.12965221501291918,43.757020142014326,133.61700000000002,10000,8283122953735705302,50000,36.778830799994466,2682.98924,6763337,"[23440,20457,83939,12287,83383,43272,5511,103761,2305,9213,18619,138834,9004,32579,33995,44970,8443,99397,134225,9201,5585,63899,64835,42836,51613,8255,51066,899,46197,6762,5484,147214,15138,102913,6965,11186,3286,16921,230,16982,120281,37066,2341,25458,32405,31749,18389,90707,16365,8459,40588,80642,25636,140117,41435,27846,99097,31697,19723,102627,105639,20429,111237,27788,2163,43402,99887,135961,13503,148073,32800,7465,111170,27538,47907,3212,9909,22189,45662,31557,29015,23073,122789,8143,107784,5279,82381,3230,100890,80794,5321,70016,27523,9582,11115,2374,25613,1286,85345,24099,8245,9902,51525,108991,3239,20896,46094,56627,16197,852,46329,29299,42509,12591,127705,49565,22123,7460,130703,98979,63280,38297,8929,59733,21543,5966,27401,55086,57403,22114,134908,131162,87070,23043,90365,2419,31808,124694,27181,389,77214,19114,27221,5560,35308,129137,47358,124419,10634,1043,11509,3253,66020,22388,12413,85096,23362,50494,18033,15770,41234,38109,9796,23131,43204,1619,5614,32485,140977,18237,27591,21344,21765,45925,100259,10596,58445,11845,49515,14837,30218,27157,26352,3693,31642,7974,17730,31485,137781,38150,59118,32783,72568,7654,39006,20470,27531,84871,105717,33487]",evidence-20260913-large-graph,REAL_EXPERIMENT
network.douban,balanced,200,20260716,IC-RIS,133.52270000000027,0.13046463681909984,44.30711542154213,133.67840000000066,10000,8283122953735705302,50000,7.915204400000221,,,"[5595,46507,108968,111324,489,2470,3430,7900,11426,15712,19755,22784,24384,30234,30263,33012,35651,36684,41369,47178,48911,49095,51535,52566,53847,53885,54178,59314,59957,63569,64180,66348,69996,70150,70404,71630,72675,73665,74115,74213,75406,84287,90928,91238,91671,96796,106223,106487,113084,113731,119239,128917,130110,133410,141001,147163,151203,75,289,706,2528,2731,3269,3861,4214,4217,4426,4676,5159,5375,5537,5652,5809,6083,6084,6918,7497,7662,8113,8216,8401,9056,9578,9953,10061,10297,10538,10692,11309,11451,12718,14755,14986,15124,16225,17500,19113,19247,19340,19500,19540,19601,20061,20093,20292,20714,20913,21147,21314,22185,22812,23307,23456,24361,24727,25004,25234,25308,25404,25477,26057,26112,26236,27198,27285,27950,28332,28873,30092,30545,30931,31077,31099,31728,31909,31953,34057,34185,34739,34847,35929,36099,36399,37155,38178,38332,38452,39580,40143,41538,41679,42008,42292,45465,45963,46030,46489,46982,47517,47545,48147,49473,49785,50095,51141,51338,52062,52106,52399,53340,53479,53874,53997,54937,56798,56844,56933,57619,57986,58055,58891,59221,59250,59319,59459,59505,59857,60333,61193,61621,61937,62410,62492,63003,63768,63936,64248,64493,64969,65000]",evidence-20260913-large-graph,REAL_EXPERIMENT
network.douban,balanced,200,20260716,1Hop-Sort,129.7625999999999,0.12893935483971175,43.27716895689582,132.56540000000035,10000,8283122953735705302,0,,,,"[6007,6816,7185,10234,21306,35844,36092,37245,37363,38417,45643,84823,85385,89604,90357,91657,91844,95516,98445,99155,99156,101203,101875,104119,112764,123087,124519,125596,127604,128081,128790,128871,128889,131290,133466,133739,134108,134739,135703,136008,136186,136307,137465,138698,139027,141095,142220,142776,143569,144068,144272,148668,151579,151580,151981,7933,7934,19955,20199,20200,21772,23432,35294,37167,37364,37365,37366,38172,38173,38572,38643,38644,64132,83027,84339,84340,87969,88045,88107,88108,91929,94123,95398,95561,95646,95647,95653,95654,96664,96924,96925,96947,96948,97080,97185,97294,97550,97551,97710,97890,97900,97901,97902,97922,99237,99238,100821,101419,101420,102201,102879,102880,103998,104303,104365,107180,112762,112763,116861,122720,122721,123338,126118,126769,127271,128710,128764,128866,128870,129085,129086,129541,129542,129747,129748,130365,130450,130451,130494,130495,131578,132065,132066,132292,132293,133973,134066,135296,135297,135435,136079,136681,138760,138761,138762,139025,139026,139574,140045,140046,140177,140558,141289,142346,146129,148216,149043,149044,149679,149798,150535,150653,151121,153928,154261,154262,1302,13104,13105,13106,21324,21326,22630,22631,25083,25817,32011,34609,34610,37188,37189,37238,37239,37389,37390,37391,38094,38338,38339,38340]",evidence-20260913-large-graph,REAL_EXPERIMENT
network.douban,balanced,200,20260716,Alpha-Sort,120.99169999999987,0.1308177561638727,44.54728583858407,136.34660000000036,10000,8283122953735705302,0,,,,"[7,15,55,2,71,116,135,188,202,209,211,213,279,282,295,319,325,375,387,389,401,421,426,447,450,514,593,594,614,633,659,670,685,687,700,713,740,742,753,803,810,817,818,820,821,835,844,847,850,861,862,863,923,925,926,927,930,937,973,974,990,1037,1040,1045,1046,1048,1065,1066,1068,1120,1122,1125,1128,1129,1130,1131,1135,1150,1156,1201,1204,1218,1232,1235,1240,1297,1299,1302,1313,1323,1340,1346,1347,1348,1353,1360,1372,1379,1398,1403,1413,1423,1426,1429,1430,1437,1445,1448,1452,1464,1481,1502,1580,1602,1605,1618,1646,1649,1655,1662,1663,1664,1665,1666,1667,1668,1669,1670,1671,1672,1675,1676,1677,1678,1679,1680,1682,1684,1685,1686,1687,1688,1689,1690,1691,1692,1693,1694,1695,1697,1698,1699,1700,1701,1702,1711,1716,1724,1728,1730,1731,1732,1734,1738,1739,1741,1744,1745,1746,1751,1753,1768,1769,1771,1775,1788,1789,1791,1793,1795,1797,1799,1804,1828,1832,1836,1841,1843,1852,1857,1885,1886,1890,1891,1894,1897,1898,1899,1902,1905]",evidence-20260913-large-graph,REAL_EXPERIMENT
network.douban,balanced,200,20260716,DegreeTopM,120.42969999999994,0.1330594134642746,46.08706661666177,121.69860000000027,10000,8283122953735705302,0,,,,"[255,875,7946,874,168,4371,2971,3527,6836,26,6855,1465,3020,474,3463,969,180,573,3261,4153,2613,47,92,5179,1234,2915,961,1264,4234,8186,429,7204,8172,8915,3763,882,8871,3499,9297,841,1827,419,2942,7186,1160,8788,263,9369,437,579,15188,459,6163,7819,11008,4174,671,1611,2603,8561,6352,2600,4343,5019,4021,7129,7719,16671,219,8772,364,2686,6549,8381,592,3899,4159,258,3345,3459,1263,6429,18046,357,1995,4303,575,8729,792,1208,3682,4893,5079,451,1616,2448,3475,4020,6274,3065,3092,9472,15097,883,909,9194,1230,1715,2275,587,1167,3522,3583,4145,7205,12722,363,568,956,1015,7203,142,274,1713,2654,3472,5125,5367,5814,858,3857,15872,373,3348,7207,5962,6168,13067,217,845,5391,5482,12155,4008,5038,8179,7222,203,1442,11003,1225,1289,6344,10972,3134,5167,8763,9887,954,4005,4413,6339,6579,8244,9769,14633,17274,475,4019,4163,6761,11957,443,493,2976,3725,5002,10676,16860,1143,3458,13843,888,3014,7504,9222,43095,2964,3791,5150,9725,3139,3439,5041,8284,8977,580,6343,7871,10766]",evidence-20260913-large-graph,REAL_EXPERIMENT
network.douban,balanced,200,20260716,PageRank,116.13410000000007,0.1352821492795771,47.63968115811585,116.71989999999975,10000,8283122953735705302,0,,,,"[255,875,874,4371,7946,168,3527,2971,6855,26,180,1465,6836,3020,3463,474,3261,4153,969,7204,2613,47,429,573,8172,2915,5179,4234,1160,92,1264,8915,882,961,1234,459,419,8871,7186,219,3763,7719,15188,8186,6163,592,437,9297,6429,11008,3499,4174,1827,4021,8561,2448,841,263,579,2603,1208,121785,9369,451,671,7222,82977,8788,575,63108,2942,16671,77378,7819,58586,3345,1263,3899,70047,6352,5019,55050,15872,46050,8381,120909,88,2686,11003,3583,46517,69479,4893,8772,1522,72755,3682,69454,67537,8179,30409,1611,9472,6274,93056,1616,1303,3459,5079,42211,82921,1715,112718,74647,8729,29936,108460,3475,2600,6549,364,56267,1713,13067,203,5125,13009,64429,18046,67997,2973,142,7129,883,43843,52221,4020,2974,15097,4343,7863,71604,4159,258,423,909,58778,18400,53599,357,13906,54959,69229,1609,5391,70099,1995,10676,40319,792,64932,1470,49214,3092,2275,274,5367,1442,36871,19845,1167,229,746,5962,27651,5482,22388,9738,4303,1230,3065,77134,29020,29828,36156,22826,9802,39346,4145,55071,1015,9194,1475,55808,68799,12155,52217,42908,12647,65738]",evidence-20260913-large-graph,REAL_EXPERIMENT
network.douban,balanced,200,20260716,Random,133.75789999999955,0.13081020294875323,44.54214180418058,133.872499999999,10000,8283122953735705302,0,,,,"[78304,89723,79990,99603,91225,75609,23698,68122,64376,108161,85380,125860,25440,27865,138020,115793,58959,67094,1241,69678,24557,15912,151305,27815,6395,118741,98548,138109,26987,134398,145446,121613,95587,128729,13291,84,93029,41166,116981,25000,96983,43351,79806,22731,136029,88469,66012,47105,79420,24092,58164,11530,136481,67039,13385,67418,71261,55601,39761,8295,150398,56525,51903,45741,69765,33756,72711,102104,29403,78685,42237,96175,50808,88026,147627,33690,102886,21931,130053,84245,120416,15456,134857,119388,135326,142061,120564,147560,150686,25021,22809,15928,11172,64874,19344,100187,80230,105836,60000,31977,41964,40091,85765,133482,68327,144117,114479,85589,9452,88879,43179,15647,126864,128588,43690,132502,73921,109171,120469,81769,88367,84685,36478,107010,84728,89770,141931,117811,140332,59319,124738,40521,129155,115645,137018,75482,66034,84699,135787,136114,154075,142041,59030,89515,48498,86185,134281,95239,79722,35390,4832,64820,48160,36184,25224,85893,26332,154675,90987,149355,93722,133251,2780,30346,154652,93218,117293,121832,15484,36544,106680,103280,153268,100310,102631,50203,74925,118307,122411,86349,145245,7353,22289,46091,75275,94790,9084,17428,92035,80309,83011,126812,153260,123685,56446,69990,132445,47119,149497,55026]",evidence-20260913-large-graph,REAL_EXPERIMENT
network.douban,balanced,200,20260717,CIM-RIS,132.70469999999952,0.13222150231211632,45.50844875487553,132.9460999999996,10000,12578512009323719414,50000,38.034562999993796,2636.51714,6688516,"[4226,18974,31136,29189,2003,66495,35229,10043,18557,43394,25233,135210,71854,123616,11196,7697,31083,72344,12225,23481,1952,55202,10164,1740,94958,14717,13444,7660,118539,24167,31469,129369,2776,7126,48214,16514,144757,2000,111923,2279,64809,26488,5023,20281,55353,24609,8598,14320,3175,67346,100537,5645,13645,52276,124067,20444,11110,40712,22165,13342,2423,31337,28880,2011,20877,125567,108580,104237,16841,48604,14148,62439,16595,90802,786,81953,30659,199,7450,25067,69553,132641,37764,53129,563,989,66477,7953,136552,57345,18179,4416,29842,2034,44142,28509,22119,8112,13283,12214,101235,17536,29466,33784,3921,17095,12141,20538,7443,148288,29292,80556,28481,32297,120227,3424,24343,7393,50861,11582,4227,14714,39552,414,3407,71639,26340,54371,3846,36961,22118,26981,15853,34745,15620,71917,25285,30536,3722,44276,8582,19022,114976,9817,33882,32142,144915,32764,49277,134142,2769,34706,21837,92481,11011,27682,5996,31014,6445,11678,11378,149458,66889,13357,474,59526,63010,124306,28950,55271,19705,44806,77573,109785,28716,2874,44861,28333,44714,73163,31388,50351,12453,24877,61830,5371,8844,14035,13977,15456,16684,88667,22769,49107,14363,23023,112515,119216,57839,88305]",evidence-20260913-large-graph,REAL_EXPERIMENT
network.douban,balanced,200,20260717,IC-RIS,133.8548999999995,0.13000732700131112,43.997045694569564,133.9952999999993,10000,12578512009323719414,50000,7.849108599999454,,,"[20201,89910,100077,100298,142625,151440,451,5103,10594,11803,17629,18776,22492,24373,26626,33569,37274,37841,39533,41689,45945,49113,51956,52325,54450,56876,58320,58770,63007,63987,65426,65809,74903,78069,81141,82557,82952,88194,93986,97948,98406,100713,102034,103034,106712,108036,108346,112596,118589,120716,121910,122685,133997,136376,137594,139100,141848,141977,146114,66,155,1019,1137,1175,2972,3357,3382,4070,4161,4516,5255,6243,6974,7449,8508,8581,10178,10441,10794,11023,11055,11076,11789,12160,12227,12562,12667,12779,13088,13664,13971,14010,14230,14416,14616,14803,14886,14901,14924,15987,16253,16519,17350,17386,17779,18637,18723,18784,19489,20215,20360,20501,20761,20883,21100,21627,23007,23058,23642,23887,24390,26775,26821,27026,27178,27357,27900,28355,28773,29424,29788,29905,30396,30453,31749,32802,35018,35060,35230,35320,35732,36102,36986,37671,37735,38874,39288,39666,40784,41192,41441,41626,41735,42063,43225,43835,44601,46000,46908,47048,47274,48527,49161,49845,51637,51850,52273,52992,53977,55105,55218,55529,55579,55907,56553,56664,57440,57568,59286,60360,61144,62107,62472,62824,62988,63217,63486,63525,63770,65873,66057,66504,66522,66752,67499,67659,67905,69390,70573,70897]",evidence-20260913-large-graph,REAL_EXPERIMENT
network.douban,balanced,200,20260717,1Hop-Sort,129.71459999999928,0.12868628872628565,43.10745758575841,132.55849999999953,10000,12578512009323719414,0,,,,"[6007,6816,7185,10234,21306,35844,36092,37245,37363,38417,45643,84823,85385,89604,90357,91657,91844,95516,98445,99155,99156,101203,101875,104119,112764,123087,124519,125596,127604,128081,128790,128871,128889,131290,133466,133739,134108,134739,135703,136008,136186,136307,137465,138698,139027,141095,142220,142776,143569,144068,144272,148668,151579,151580,151981,7933,7934,19955,20199,20200,21772,23432,35294,37167,37364,37365,37366,38172,38173,38572,38643,38644,64132,83027,84339,84340,87969,88045,88107,88108,91929,94123,95398,95561,95646,95647,95653,95654,96664,96924,96925,96947,96948,97080,97185,97294,97550,97551,97710,97890,97900,97901,97902,97922,99237,99238,100821,101419,101420,102201,102879,102880,103998,104303,104365,107180,112762,112763,116861,122720,122721,123338,126118,126769,127271,128710,128764,128866,128870,129085,129086,129541,129542,129747,129748,130365,130450,130451,130494,130495,131578,132065,132066,132292,132293,133973,134066,135296,135297,135435,136079,136681,138760,138761,138762,139025,139026,139574,140045,140046,140177,140558,141289,142346,146129,148216,149043,149044,149679,149798,150535,150653,151121,153928,154261,154262,1302,13104,13105,13106,21324,21326,22630,22631,25083,25817,32011,34609,34610,37188,37189,37238,37239,37389,37390,37391,38094,38338,38339,38340]",evidence-20260913-large-graph,REAL_EXPERIMENT
network.douban,balanced,200,20260717,Alpha-Sort,121.01429999999972,0.1285520912592959,43.01759726972704,136.41449999999998,10000,12578512009323719414,0,,,,"[7,15,55,2,71,116,135,188,202,209,211,213,279,282,295,319,325,375,387,389,401,421,426,447,450,514,593,594,614,633,659,670,685,687,700,713,740,742,753,803,810,817,818,820,821,835,844,847,850,861,862,863,923,925,926,927,930,937,973,974,990,1037,1040,1045,1046,1048,1065,1066,1068,1120,1122,1125,1128,1129,1130,1131,1135,1150,1156,1201,1204,1218,1232,1235,1240,1297,1299,1302,1313,1323,1340,1346,1347,1348,1353,1360,1372,1379,1398,1403,1413,1423,1426,1429,1430,1437,1445,1448,1452,1464,1481,1502,1580,1602,1605,1618,1646,1649,1655,1662,1663,1664,1665,1666,1667,1668,1669,1670,1671,1672,1675,1676,1677,1678,1679,1680,1682,1684,1685,1686,1687,1688,1689,1690,1691,1692,1693,1694,1695,1697,1698,1699,1700,1701,1702,1711,1716,1724,1728,1730,1731,1732,1734,1738,1739,1741,1744,1745,1746,1751,1753,1768,1769,1771,1775,1788,1789,1791,1793,1795,1797,1799,1804,1828,1832,1836,1841,1843,1852,1857,1885,1886,1890,1891,1894,1897,1898,1899,1902,1905]",evidence-20260913-large-graph,REAL_EXPERIMENT
network.douban,balanced,200,20260717,DegreeTopM,120.37240000000007,0.13451060037498797,47.09782802280226,121.64150000000018,10000,12578512009323719414,0,,,,"[255,875,7946,874,168,4371,2971,3527,6836,26,6855,1465,3020,474,3463,969,180,573,3261,4153,2613,47,92,5179,1234,2915,961,1264,4234,8186,429,7204,8172,8915,3763,882,8871,3499,9297,841,1827,419,2942,7186,1160,8788,263,9369,437,579,15188,459,6163,7819,11008,4174,671,1611,2603,8561,6352,2600,4343,5019,4021,7129,7719,16671,219,8772,364,2686,6549,8381,592,3899,4159,258,3345,3459,1263,6429,18046,357,1995,4303,575,8729,792,1208,3682,4893,5079,451,1616,2448,3475,4020,6274,3065,3092,9472,15097,883,909,9194,1230,1715,2275,587,1167,3522,3583,4145,7205,12722,363,568,956,1015,7203,142,274,1713,2654,3472,5125,5367,5814,858,3857,15872,373,3348,7207,5962,6168,13067,217,845,5391,5482,12155,4008,5038,8179,7222,203,1442,11003,1225,1289,6344,10972,3134,5167,8763,9887,954,4005,4413,6339,6579,8244,9769,14633,17274,475,4019,4163,6761,11957,443,493,2976,3725,5002,10676,16860,1143,3458,13843,888,3014,7504,9222,43095,2964,3791,5150,9725,3139,3439,5041,8284,8977,580,6343,7871,10766]",evidence-20260913-large-graph,REAL_EXPERIMENT
network.douban,balanced,200,20260717,PageRank,116.25270000000023,0.13524795945420848,47.61560427042697,116.81940000000016,10000,12578512009323719414,0,,,,"[255,875,874,4371,7946,168,3527,2971,6855,26,180,1465,6836,3020,3463,474,3261,4153,969,7204,2613,47,429,573,8172,2915,5179,4234,1160,92,1264,8915,882,961,1234,459,419,8871,7186,219,3763,7719,15188,8186,6163,592,437,9297,6429,11008,3499,4174,1827,4021,8561,2448,841,263,579,2603,1208,121785,9369,451,671,7222,82977,8788,575,63108,2942,16671,77378,7819,58586,3345,1263,3899,70047,6352,5019,55050,15872,46050,8381,120909,88,2686,11003,3583,46517,69479,4893,8772,1522,72755,3682,69454,67537,8179,30409,1611,9472,6274,93056,1616,1303,3459,5079,42211,82921,1715,112718,74647,8729,29936,108460,3475,2600,6549,364,56267,1713,13067,203,5125,13009,64429,18046,67997,2973,142,7129,883,43843,52221,4020,2974,15097,4343,7863,71604,4159,258,423,909,58778,18400,53599,357,13906,54959,69229,1609,5391,70099,1995,10676,40319,792,64932,1470,49214,3092,2275,274,5367,1442,36871,19845,1167,229,746,5962,27651,5482,22388,9738,4303,1230,3065,77134,29020,29828,36156,22826,9802,39346,4145,55071,1015,9194,1475,55808,68799,12155,52217,42908,12647,65738]",evidence-20260913-large-graph,REAL_EXPERIMENT
network.douban,balanced,200,20260717,Random,134.1741,0.12968383660648722,43.778367026702604,134.2861,10000,12578512009323719414,0,,,,"[8731,109121,75839,95766,80090,138654,51219,99175,78857,123743,84278,31551,124854,113761,64351,69292,116824,99551,75676,115948,103264,76307,11631,101490,29376,83332,17069,13124,32508,129808,56806,16411,51780,9917,97895,90110,5986,37993,46829,15273,29518,6240,140034,111025,91508,120304,39331,60846,3385,132242,71436,146132,71287,19458,148089,90899,71501,243,55494,55810,76238,8379,36529,17077,114835,57276,50958,76906,147504,102792,129601,23609,133999,82108,84195,150566,64218,84279,116476,116196,57914,124089,41732,153349,102197,59001,73717,116308,2918,79821,14938,43575,138823,3104,35285,16516,76212,79997,112302,45029,63153,83940,3752,89612,121821,55134,141996,90458,113384,58580,79930,28206,116780,14286,90597,130989,15308,7814,113701,116077,91442,118740,16670,2066,36612,12046,135919,9091,24531,18573,92413,5667,106696,14549,21140,24620,93960,50939,87549,136798,152475,33963,122217,118151,150497,117202,82621,144230,98702,117643,25714,131288,29596,139984,17767,64601,144372,137315,105835,4938,76348,140629,91500,79963,95565,138992,55937,59395,108606,13690,118645,105405,23371,120106,99129,118120,113115,49657,67481,45094,75620,56561,71547,18922,56325,151968,52742,115387,52014,126101,54992,86817,88554,8069,144472,111026,149290,75754,101778,38832]",evidence-20260913-large-graph,REAL_EXPERIMENT
network.douban,balanced,200,20260718,CIM-RIS,132.77540000000081,0.1310966458929849,44.73742858285785,132.91890000000043,10000,1376887065124268412,50000,37.12319750000461,2639.61528,6741099,"[59870,17823,9855,3130,5170,4869,23078,22165,1821,27113,122,44762,32392,11920,123943,84384,86742,19187,62949,4361,12053,55124,11871,82148,20626,10616,34954,15302,17315,16282,88559,8460,1516,6756,127633,16621,3876,17873,5417,8007,32071,20274,14850,2437,152761,125892,6369,54436,1178,133938,7383,36075,14552,58137,103955,7135,63277,36533,37853,1210,27067,11824,38370,5197,3344,115766,41293,1857,22524,139202,2415,36072,21211,18091,79700,4800,24186,40426,14674,19598,80438,87743,11311,902,25847,25191,42582,35118,80420,17954,17536,6485,1702,2626,29248,69936,75816,3071,27277,22958,26279,37072,52777,97851,5865,2775,23223,59651,1412,122746,14429,129329,43011,93470,75213,52085,1986,27670,4649,15818,38199,131814,30195,11613,16467,80544,25542,45117,42046,71889,22365,55689,12747,8334,6550,93539,7315,16230,14324,3053,5634,78437,18139,94703,10540,40907,55834,4601,38213,64196,24662,19235,11352,77749,35303,60360,8547,22983,11950,3562,12589,34937,130203,3576,25659,11009,21760,6200,31928,14925,8974,62444,55458,7492,59215,60499,1704,46808,32986,84465,22730,14120,38860,23111,653,22739,64334,18731,20042,17221,25354,132160,44560,11273,20830,74915,11216,4027,67921,50295]",evidence-20260913-large-graph,REAL_EXPERIMENT
network.douban,balanced,200,20260718,IC-RIS,134.46209999999985,0.1291646044171457,43.42850644064383,134.58150000000035,10000,1376887065124268412,50000,7.789913499997056,,,"[30931,75257,101627,136123,146357,2143,7890,23300,23676,25384,26776,30721,32936,36068,41367,41730,44373,45414,50640,52249,53628,57197,58745,59075,59228,59363,59562,65321,65926,69739,75286,76530,79205,94631,95056,96003,103627,104205,104760,109779,114155,119525,128902,135170,140181,145782,145852,148170,151644,152639,725,2660,4285,5225,7548,7723,8205,8260,8316,9061,10794,11098,11239,11593,12113,12172,12648,12768,13074,14673,16549,17010,17494,17604,18892,18951,19135,19558,22059,22166,22733,22912,23865,25037,25554,26607,26870,27067,27522,28836,29242,29465,29841,29997,30034,31131,31365,31388,31430,31531,31617,33023,34009,34113,34146,34247,35094,35354,35472,35557,35801,36271,36356,36379,36512,37002,37719,38808,39175,39202,39886,41417,41672,41676,42637,42666,43736,44515,45097,45381,45649,45824,46038,46544,46927,46966,47064,47149,47648,47917,48393,48643,49293,49589,51731,52105,52688,52836,53337,53413,54099,54435,54641,54655,54682,55003,55354,55748,55899,56285,57120,57884,58171,58323,58360,58605,59034,59125,59643,59707,60591,60607,60619,61086,61252,61326,61506,62241,62303,63078,63182,63660,64126,64144,65157,67396,68164,68454,69108,69295,69481,70182,70930,73416,74080,74237,74255,74619,75608,76432]",evidence-20260913-large-graph,REAL_EXPERIMENT
network.douban,balanced,200,20260718,1Hop-Sort,129.81759999999977,0.12908689733549564,43.37626786678673,132.65409999999983,10000,1376887065124268412,0,,,,"[6007,6816,7185,10234,21306,35844,36092,37245,37363,38417,45643,84823,85385,89604,90357,91657,91844,95516,98445,99155,99156,101203,101875,104119,112764,123087,124519,125596,127604,128081,128790,128871,128889,131290,133466,133739,134108,134739,135703,136008,136186,136307,137465,138698,139027,141095,142220,142776,143569,144068,144272,148668,151579,151580,151981,7933,7934,19955,20199,20200,21772,23432,35294,37167,37364,37365,37366,38172,38173,38572,38643,38644,64132,83027,84339,84340,87969,88045,88107,88108,91929,94123,95398,95561,95646,95647,95653,95654,96664,96924,96925,96947,96948,97080,97185,97294,97550,97551,97710,97890,97900,97901,97902,97922,99237,99238,100821,101419,101420,102201,102879,102880,103998,104303,104365,107180,112762,112763,116861,122720,122721,123338,126118,126769,127271,128710,128764,128866,128870,129085,129086,129541,129542,129747,129748,130365,130450,130451,130494,130495,131578,132065,132066,132292,132293,133973,134066,135296,135297,135435,136079,136681,138760,138761,138762,139025,139026,139574,140045,140046,140177,140558,141289,142346,146129,148216,149043,149044,149679,149798,150535,150653,151121,153928,154261,154262,1302,13104,13105,13106,21324,21326,22630,22631,25083,25817,32011,34609,34610,37188,37189,37238,37239,37389,37390,37391,38094,38338,38339,38340]",evidence-20260913-large-graph,REAL_EXPERIMENT
network.douban,balanced,200,20260718,Alpha-Sort,120.98299999999986,0.12869101200712174,43.11062206220626,136.43320000000017,10000,1376887065124268412,0,,,,"[7,15,55,2,71,116,135,188,202,209,211,213,279,282,295,319,325,375,387,389,401,421,426,447,450,514,593,594,614,633,659,670,685,687,700,713,740,742,753,803,810,817,818,820,821,835,844,847,850,861,862,863,923,925,926,927,930,937,973,974,990,1037,1040,1045,1046,1048,1065,1066,1068,1120,1122,1125,1128,1129,1130,1131,1135,1150,1156,1201,1204,1218,1232,1235,1240,1297,1299,1302,1313,1323,1340,1346,1347,1348,1353,1360,1372,1379,1398,1403,1413,1423,1426,1429,1430,1437,1445,1448,1452,1464,1481,1502,1580,1602,1605,1618,1646,1649,1655,1662,1663,1664,1665,1666,1667,1668,1669,1670,1671,1672,1675,1676,1677,1678,1679,1680,1682,1684,1685,1686,1687,1688,1689,1690,1691,1692,1693,1694,1695,1697,1698,1699,1700,1701,1702,1711,1716,1724,1728,1730,1731,1732,1734,1738,1739,1741,1744,1745,1746,1751,1753,1768,1769,1771,1775,1788,1789,1791,1793,1795,1797,1799,1804,1828,1832,1836,1841,1843,1852,1857,1885,1886,1890,1891,1894,1897,1898,1899,1902,1905]",evidence-20260913-large-graph,REAL_EXPERIMENT
network.douban,balanced,200,20260718,DegreeTopM,120.53739999999993,0.13611776560379504,48.23002424242422,121.80280000000029,10000,1376887065124268412,0,,,,"[255,875,7946,874,168,4371,2971,3527,6836,26,6855,1465,3020,474,3463,969,180,573,3261,4153,2613,47,92,5179,1234,2915,961,1264,4234,8186,429,7204,8172,8915,3763,882,8871,3499,9297,841,1827,419,2942,7186,1160,8788,263,9369,437,579,15188,459,6163,7819,11008,4174,671,1611,2603,8561,6352,2600,4343,5019,4021,7129,7719,16671,219,8772,364,2686,6549,8381,592,3899,4159,258,3345,3459,1263,6429,18046,357,1995,4303,575,8729,792,1208,3682,4893,5079,451,1616,2448,3475,4020,6274,3065,3092,9472,15097,883,909,9194,1230,1715,2275,587,1167,3522,3583,4145,7205,12722,363,568,956,1015,7203,142,274,1713,2654,3472,5125,5367,5814,858,3857,15872,373,3348,7207,5962,6168,13067,217,845,5391,5482,12155,4008,5038,8179,7222,203,1442,11003,1225,1289,6344,10972,3134,5167,8763,9887,954,4005,4413,6339,6579,8244,9769,14633,17274,475,4019,4163,6761,11957,443,493,2976,3725,5002,10676,16860,1143,3458,13843,888,3014,7504,9222,43095,2964,3791,5150,9725,3139,3439,5041,8284,8977,580,6343,7871,10766]",evidence-20260913-large-graph,REAL_EXPERIMENT
network.douban,balanced,200,20260718,PageRank,116.27579999999942,0.1373288005324564,49.09204356435651,116.84819999999989,10000,1376887065124268412,0,,,,"[255,875,874,4371,7946,168,3527,2971,6855,26,180,1465,6836,3020,3463,474,3261,4153,969,7204,2613,47,429,573,8172,2915,5179,4234,1160,92,1264,8915,882,961,1234,459,419,8871,7186,219,3763,7719,15188,8186,6163,592,437,9297,6429,11008,3499,4174,1827,4021,8561,2448,841,263,579,2603,1208,121785,9369,451,671,7222,82977,8788,575,63108,2942,16671,77378,7819,58586,3345,1263,3899,70047,6352,5019,55050,15872,46050,8381,120909,88,2686,11003,3583,46517,69479,4893,8772,1522,72755,3682,69454,67537,8179,30409,1611,9472,6274,93056,1616,1303,3459,5079,42211,82921,1715,112718,74647,8729,29936,108460,3475,2600,6549,364,56267,1713,13067,203,5125,13009,64429,18046,67997,2973,142,7129,883,43843,52221,4020,2974,15097,4343,7863,71604,4159,258,423,909,58778,18400,53599,357,13906,54959,69229,1609,5391,70099,1995,10676,40319,792,64932,1470,49214,3092,2275,274,5367,1442,36871,19845,1167,229,746,5962,27651,5482,22388,9738,4303,1230,3065,77134,29020,29828,36156,22826,9802,39346,4145,55071,1015,9194,1475,55808,68799,12155,52217,42908,12647,65738]",evidence-20260913-large-graph,REAL_EXPERIMENT
network.douban,balanced,200,20260718,Random,134.35240000000022,0.1299472755385059,43.95640988098807,134.43279999999947,10000,1376887065124268412,0,,,,"[122465,114088,81538,104681,60367,92001,150847,11117,50220,97364,122234,124169,133413,102437,104688,100714,105809,30874,128646,117213,84756,67896,120661,38512,91436,68510,102679,124663,74744,20832,64429,118688,77588,130513,1205,58439,122280,104037,153153,13958,55200,109581,105459,141163,129178,66369,108037,85066,7462,75056,59296,136947,129829,15909,116193,85656,154306,50762,101366,49949,93737,31698,141000,28326,64470,46561,22199,130019,10191,111297,21529,106469,140474,105401,47417,112037,149272,38554,54152,153097,64965,112718,30969,132379,138631,119720,15652,21710,90735,143031,128497,149113,62105,90661,110643,147400,20272,131791,125027,149131,110803,18990,84389,104987,34830,9306,145799,80920,28272,98171,38010,150609,132587,131623,40842,102240,116578,95180,115496,1217,49508,141278,89990,69412,111051,30614,96667,134392,25921,69475,118820,45861,17792,20455,52926,33200,53390,90184,85395,140285,118196,129280,113896,52061,78657,67972,152443,13570,137521,150021,116324,80488,129969,124001,19569,20909,2332,121396,79281,24089,76635,132648,151855,132780,118888,10276,33339,95023,111706,20439,149233,131834,121626,52804,134233,3081,129057,112933,130828,6050,16373,77930,131970,12698,127468,26521,62918,109983,114528,78624,39823,82180,142576,62145,83675,90501,116371,17149,74877,33245]",evidence-20260913-large-graph,REAL_EXPERIMENT
network.douban,balanced,200,20260719,CIM-RIS,133.3727000000002,0.13049807127484342,44.32982769276894,133.54379999999978,10000,17137125990536409194,50000,36.48277229999803,2658.20412,6732665,"[49697,6393,4922,3319,3648,8738,3069,32248,38935,14366,19411,79917,5163,3035,129945,220,103095,8854,2705,1951,95280,11158,24707,30591,19033,21350,7872,35525,20221,4239,37283,19378,234,74496,56860,7325,22814,36509,24066,5449,18553,71989,1247,34856,27832,67422,1373,20259,28015,10340,7962,120997,16032,66500,64436,38768,11412,5788,132610,24060,89617,57392,5587,4612,24057,14759,93397,113676,90,47209,149969,95361,21067,32742,5541,21823,1888,23006,116,12067,42693,2171,104415,88368,33313,51283,19504,13578,24873,14293,12146,37937,69745,17052,37611,9065,11859,92396,12817,49003,14668,133120,133341,640,43361,14029,8526,120639,148885,88268,26497,46181,29652,45779,18850,2004,4623,40594,92827,37365,19195,16395,78061,6302,40583,130713,7049,147547,15893,37225,95587,97528,62554,11704,8105,36237,120815,18584,22754,20570,31135,12709,16686,5696,39590,10374,56378,59479,6017,110725,42745,9381,24473,110166,8095,101157,10858,56133,34233,14186,30023,152507,38722,22584,56226,3308,98898,38773,65189,7690,26265,13575,3188,32821,21406,52336,15782,29581,1424,12707,55657,114593,131498,17934,30266,27492,51632,97078,21263,3519,928,43542,16879,142825,69809,21163,67872,134297,107499,14021]",evidence-20260913-large-graph,REAL_EXPERIMENT
network.douban,balanced,200,20260719,IC-RIS,133.83760000000038,0.12882426535980332,43.199946234623646,133.98609999999988,10000,17137125990536409194,50000,7.815937100000156,,,"[47444,67268,76615,115178,152571,844,1385,2604,5161,6087,11481,12712,13423,22882,23699,24197,24861,26693,31448,38875,41792,42582,47041,48505,48677,51014,54259,58030,62548,62597,66591,68973,71081,71724,80209,81754,84804,88785,101894,102210,106688,107278,113676,114373,125066,129370,129965,130452,135174,139981,140688,144585,824,1689,1947,1996,2155,3011,3098,3219,3245,4206,4257,5110,5787,5963,6132,6302,6971,7936,8080,8160,8168,9680,10393,10530,10928,11185,11279,11451,12123,12137,12389,12524,12904,13206,13480,13678,13844,14096,14110,15287,15590,15614,16543,17019,18602,18762,18926,19019,19395,19747,20139,20832,21065,21589,22710,23595,24245,26050,26455,26871,28152,28626,28643,29773,30169,30280,30476,30774,31139,31158,32047,33527,33620,34138,34646,36425,37649,38280,38406,38493,40594,41930,42518,43282,44325,44445,44916,45262,45436,45491,45690,48172,49211,50534,51116,51535,51600,51850,51970,52090,52724,54199,54476,54670,55110,55655,57099,58090,58156,58371,58449,58865,59259,60013,60170,60507,60672,61112,62013,63111,63319,63743,63832,64068,64080,64834,65543,65829,66314,66589,68019,68795,68924,69119,69483,69549,70403,70801,70985,71164,71982,72064,72113,72122,73397,73740,74080,74615]",evidence-20260913-large-graph,REAL_EXPERIMENT
network.douban,balanced,200,20260719,1Hop-Sort,129.72169999999963,0.1298938021388278,43.92024113411326,132.51650000000086,10000,17137125990536409194,0,,,,"[6007,6816,7185,10234,21306,35844,36092,37245,37363,38417,45643,84823,85385,89604,90357,91657,91844,95516,98445,99155,99156,101203,101875,104119,112764,123087,124519,125596,127604,128081,128790,128871,128889,131290,133466,133739,134108,134739,135703,136008,136186,136307,137465,138698,139027,141095,142220,142776,143569,144068,144272,148668,151579,151580,151981,7933,7934,19955,20199,20200,21772,23432,35294,37167,37364,37365,37366,38172,38173,38572,38643,38644,64132,83027,84339,84340,87969,88045,88107,88108,91929,94123,95398,95561,95646,95647,95653,95654,96664,96924,96925,96947,96948,97080,97185,97294,97550,97551,97710,97890,97900,97901,97902,97922,99237,99238,100821,101419,101420,102201,102879,102880,103998,104303,104365,107180,112762,112763,116861,122720,122721,123338,126118,126769,127271,128710,128764,128866,128870,129085,129086,129541,129542,129747,129748,130365,130450,130451,130494,130495,131578,132065,132066,132292,132293,133973,134066,135296,135297,135435,136079,136681,138760,138761,138762,139025,139026,139574,140045,140046,140177,140558,141289,142346,146129,148216,149043,149044,149679,149798,150535,150653,151121,153928,154261,154262,1302,13104,13105,13106,21324,21326,22630,22631,25083,25817,32011,34609,34610,37188,37189,37238,37239,37389,37390,37391,38094,38338,38339,38340]",evidence-20260913-large-graph,REAL_EXPERIMENT
network.douban,balanced,200,20260719,Alpha-Sort,120.90130000000026,0.13055600345971663,44.36919522952295,136.33790000000064,10000,17137125990536409194,0,,,,"[7,15,55,2,71,116,135,188,202,209,211,213,279,282,295,319,325,375,387,389,401,421,426,447,450,514,593,594,614,633,659,670,685,687,700,713,740,742,753,803,810,817,818,820,821,835,844,847,850,861,862,863,923,925,926,927,930,937,973,974,990,1037,1040,1045,1046,1048,1065,1066,1068,1120,1122,1125,1128,1129,1130,1131,1135,1150,1156,1201,1204,1218,1232,1235,1240,1297,1299,1302,1313,1323,1340,1346,1347,1348,1353,1360,1372,1379,1398,1403,1413,1423,1426,1429,1430,1437,1445,1448,1452,1464,1481,1502,1580,1602,1605,1618,1646,1649,1655,1662,1663,1664,1665,1666,1667,1668,1669,1670,1671,1672,1675,1676,1677,1678,1679,1680,1682,1684,1685,1686,1687,1688,1689,1690,1691,1692,1693,1694,1695,1697,1698,1699,1700,1701,1702,1711,1716,1724,1728,1730,1731,1732,1734,1738,1739,1741,1744,1745,1746,1751,1753,1768,1769,1771,1775,1788,1789,1791,1793,1795,1797,1799,1804,1828,1832,1836,1841,1843,1852,1857,1885,1886,1890,1891,1894,1897,1898,1899,1902,1905]",evidence-20260913-large-graph,REAL_EXPERIMENT
network.douban,balanced,200,20260719,DegreeTopM,120.51120000000017,0.13324814093140583,46.21789634963503,121.77769999999994,10000,17137125990536409194,0,,,,"[255,875,7946,874,168,4371,2971,3527,6836,26,6855,1465,3020,474,3463,969,180,573,3261,4153,2613,47,92,5179,1234,2915,961,1264,4234,8186,429,7204,8172,8915,3763,882,8871,3499,9297,841,1827,419,2942,7186,1160,8788,263,9369,437,579,15188,459,6163,7819,11008,4174,671,1611,2603,8561,6352,2600,4343,5019,4021,7129,7719,16671,219,8772,364,2686,6549,8381,592,3899,4159,258,3345,3459,1263,6429,18046,357,1995,4303,575,8729,792,1208,3682,4893,5079,451,1616,2448,3475,4020,6274,3065,3092,9472,15097,883,909,9194,1230,1715,2275,587,1167,3522,3583,4145,7205,12722,363,568,956,1015,7203,142,274,1713,2654,3472,5125,5367,5814,858,3857,15872,373,3348,7207,5962,6168,13067,217,845,5391,5482,12155,4008,5038,8179,7222,203,1442,11003,1225,1289,6344,10972,3134,5167,8763,9887,954,4005,4413,6339,6579,8244,9769,14633,17274,475,4019,4163,6761,11957,443,493,2976,3725,5002,10676,16860,1143,3458,13843,888,3014,7504,9222,43095,2964,3791,5150,9725,3139,3439,5041,8284,8977,580,6343,7871,10766]",evidence-20260913-large-graph,REAL_EXPERIMENT
network.douban,balanced,200,20260719,PageRank,116.26080000000012,0.13499737765147488,47.43932729272939,116.83569999999993,10000,17137125990536409194,0,,,,"[255,875,874,4371,7946,168,3527,2971,6855,26,180,1465,6836,3020,3463,474,3261,4153,969,7204,2613,47,429,573,8172,2915,5179,4234,1160,92,1264,8915,882,961,1234,459,419,8871,7186,219,3763,7719,15188,8186,6163,592,437,9297,6429,11008,3499,4174,1827,4021,8561,2448,841,263,579,2603,1208,121785,9369,451,671,7222,82977,8788,575,63108,2942,16671,77378,7819,58586,3345,1263,3899,70047,6352,5019,55050,15872,46050,8381,120909,88,2686,11003,3583,46517,69479,4893,8772,1522,72755,3682,69454,67537,8179,30409,1611,9472,6274,93056,1616,1303,3459,5079,42211,82921,1715,112718,74647,8729,29936,108460,3475,2600,6549,364,56267,1713,13067,203,5125,13009,64429,18046,67997,2973,142,7129,883,43843,52221,4020,2974,15097,4343,7863,71604,4159,258,423,909,58778,18400,53599,357,13906,54959,69229,1609,5391,70099,1995,10676,40319,792,64932,1470,49214,3092,2275,274,5367,1442,36871,19845,1167,229,746,5962,27651,5482,22388,9738,4303,1230,3065,77134,29020,29828,36156,22826,9802,39346,4145,55071,1015,9194,1475,55808,68799,12155,52217,42908,12647,65738]",evidence-20260913-large-graph,REAL_EXPERIMENT
network.douban,balanced,200,20260719,Random,133.8442000000001,0.13035480911759093,44.23254961496139,134.14590000000015,10000,17137125990536409194,0,,,,"[46276,110469,28244,13555,77268,40184,73006,46290,109082,113954,23906,59972,32446,21540,73453,129008,90541,123081,54415,142564,76227,60636,91031,81409,27141,130849,73892,18800,88928,134859,110437,150618,121891,60305,78429,15585,37427,147445,8185,149705,103475,122178,149369,142534,44354,62728,6916,67847,94051,151231,105762,37428,59322,67936,20648,10402,93910,120456,43982,28994,376,60561,55045,136959,144118,113683,153971,142076,152691,47767,44980,103393,142009,51624,135512,98671,85004,45496,128845,50307,154113,120386,120649,153945,25198,90217,117701,56896,47000,132273,46168,125218,134096,39317,117342,3794,45277,49136,39358,67658,72874,97808,146889,136590,35506,31508,126451,142867,104230,44689,80545,40503,45879,72031,84753,93430,87355,27976,26064,87161,31844,142013,132023,104315,789,128397,46189,34492,108325,23642,119787,87218,85263,22668,139849,58714,110578,14312,23388,17426,49584,150650,90209,33222,15593,104208,6311,107924,87364,49267,129473,141080,24116,130605,67812,8833,103212,66858,69600,146001,14901,87085,70463,25900,39185,10033,44336,90032,113477,38394,145300,5580,97422,90854,84849,67216,87445,84230,8819,28966,129838,126648,7178,11057,89719,61628,75916,133362,61719,68226,118783,104473,109148,58355,150249,98035,63275,113799,96531,63030]",evidence-20260913-large-graph,REAL_EXPERIMENT
