method,seed_num,num_sims,E_activated_users,variance,std_deviation,avg_steps,total_steps,E_redemptions,comprehensive_score,usage_rate,random_dirichlet,degree_exponent_succ,degree_exponent_dis,degree_exponent_tran
random,80,500,56.022,13.289515999999999,3.6454788437186134,6.589674999999999,527.1739999999999,56.88,109.16839999999999,0.7110000000000001,"[10, 10, 10]",0.1,0.1,0.1
degreeTopM,80,500,49.582,8.547275999999998,2.923572472164834,6.51675,521.34,50.458,102.154,0.630725,"[10, 10, 10]",0.1,0.1,0.1
pageRank,80,500,65.19,11.477900000000002,3.387904957344583,8.38795,671.0360000000001,66.898,133.1476,0.836225,"[10, 10, 10]",0.1,0.1,0.1
alpha_sort,80,500,31.822,18.226316000000004,4.269228970200592,1.0,80.0,31.822,39.822,0.397775,"[10, 10, 10]",0.1,0.1,0.1
ris_optimized,80,500,61.27,12.741100000000001,3.569467747437985,7.398125,591.85,62.178,120.909,0.7772249999999999,"[10, 10, 10]",0.1,0.1,0.1
ris_naive,80,500,62.338,12.663756000000001,3.5586171471514043,7.721175000000001,617.6940000000001,63.38,124.62840000000001,0.79225,"[10, 10, 10]",0.1,0.1,0.1
monterCarlo_CELF,80,500,65.39,11.945899999999998,3.4562841318387,8.457625,676.61,66.892,133.802,0.83615,"[10, 10, 10]",0.1,0.1,0.1
