method,seed_num,num_sims,E_activated_users,variance,std_deviation,avg_steps,total_steps,E_redemptions,comprehensive_score,usage_rate,random_dirichlet,degree_exponent_succ,degree_exponent_dis,degree_exponent_tran
random,100,500,69.416,16.962944000000004,4.118609474082242,6.1576,615.76,70.5,131.534,0.705,"[10, 10, 10]",0.1,0.1,0.1
degreeTopM,100,500,65.412,12.246256,3.4994651019834446,6.85274,685.274,66.964,134.7154,0.66964,"[10, 10, 10]",0.1,0.1,0.1
pageRank,100,500,80.718,14.358476,3.7892579748547077,8.31698,831.6979999999999,83.426,165.2418,0.83426,"[10, 10, 10]",0.1,0.1,0.1
alpha_sort,100,500,39.978,23.921516,4.890962686424831,1.0,100.0,39.978,49.978,0.39978,"[10, 10, 10]",0.1,0.1,0.1
ris_optimized,100,500,80.186,15.887403999999998,3.9859006510448802,8.196,819.6,82.164,163.13500000000002,0.82164,"[10, 10, 10]",0.1,0.1,0.1
ris_naive,100,500,76.968,16.778976000000004,4.096214838115794,7.5579600000000005,755.796,78.736,153.4316,0.7873600000000001,"[10, 10, 10]",0.1,0.1,0.1
monterCarlo_CELF,100,500,81.306,14.148364,3.7614311106279747,8.33634,833.634,83.43,165.7314,0.8343,"[10, 10, 10]",0.1,0.1,0.1
