method,seed_num,num_sims,E_activated_users,variance,std_deviation,avg_steps,total_steps,E_redemptions,comprehensive_score,usage_rate,random_dirichlet,degree_exponent_succ,degree_exponent_dis,degree_exponent_tran
random,140,500,98.068,22.327376,4.725185287372337,6.570171428571428,919.824,100.454,191.2434,0.7175285714285714,"[10, 10, 10]",0.1,0.1,0.1
degreeTopM,140,500,96.404,17.652784,4.2015216291243815,7.306242857142857,1022.874,99.85,200.4144,0.7132142857142857,"[10, 10, 10]",0.1,0.1,0.1
pageRank,140,500,111.006,19.977964,4.469671576301776,8.372914285714288,1172.2080000000003,116.338,230.89280000000002,0.8309857142857142,"[10, 10, 10]",0.1,0.1,0.1
alpha_sort,140,500,55.924,37.374224000000005,6.11344616398967,1.0,140.0,55.924,69.924,0.39945714285714284,"[10, 10, 10]",0.1,0.1,0.1
ris_optimized,140,500,105.586,22.118603999999998,4.703041994284125,7.492414285714285,1048.9379999999999,108.812,212.0928,0.7772285714285714,"[10, 10, 10]",0.1,0.1,0.1
ris_naive,140,500,107.272,20.466016,4.523938107445768,7.731871428571429,1082.462,110.798,217.2812,0.7914142857142857,"[10, 10, 10]",0.1,0.1,0.1
monterCarlo_CELF,140,500,111.382,19.556076,4.422225231713102,8.333242857142857,1166.654,115.454,230.0834,0.8246714285714285,"[10, 10, 10]",0.1,0.1,0.1
