method,seed_num,num_sims,E_activated_users,variance,std_deviation,avg_steps,total_steps,E_redemptions,comprehensive_score,usage_rate,random_dirichlet,degree_exponent_succ,degree_exponent_dis,degree_exponent_tran
random,60,500,41.276,10.307824,3.2105800099047523,6.042299999999999,362.53799999999995,41.68,77.73179999999999,0.6946666666666667,"[10, 10, 10]",0.1,0.1,0.1
degreeTopM,60,500,33.4,5.244,2.289978165834775,5.8741,352.446,33.728,68.80860000000001,0.5621333333333334,"[10, 10, 10]",0.1,0.1,0.1
pageRank,60,500,49.252,8.760496,2.9598135076386147,8.320133333333334,499.2080000000001,50.322,99.70780000000002,0.8387,"[10, 10, 10]",0.1,0.1,0.1
alpha_sort,60,500,23.934,14.593644,3.8201628237550294,1.0,60.0,23.934,29.934,0.39890000000000003,"[10, 10, 10]",0.1,0.1,0.1
ris_optimized,60,500,48.274,8.450923999999999,2.9070472992368046,7.989533333333333,479.372,48.986,96.5672,0.8164333333333332,"[10, 10, 10]",0.1,0.1,0.1
ris_naive,60,500,49.182,9.076876,3.012785422163351,8.2315,493.89000000000004,49.874,98.91700000000002,0.8312333333333334,"[10, 10, 10]",0.1,0.1,0.1
monterCarlo_CELF,60,500,49.47,8.501100000000003,2.91566458976337,8.415766666666666,504.94599999999997,50.278,100.36859999999999,0.8379666666666666,"[10, 10, 10]",0.1,0.1,0.1
