method,seed_num,num_sims,E_activated_users,variance,std_deviation,avg_steps,total_steps,E_redemptions,comprehensive_score,usage_rate,random_dirichlet,degree_exponent_succ,degree_exponent_dis,degree_exponent_tran
random,20,500,15.212,3.5270560000000004,1.8780457928389287,7.362100000000001,147.24200000000002,15.296,29.9782,0.7647999999999999,"[10, 10, 10]",0.1,0.1,0.1
degreeTopM,20,500,0.198,0.202796,0.45032876879009187,1.0,20.0,0.198,2.198,0.0099,"[10, 10, 10]",0.1,0.1,0.1
pageRank,20,500,16.438,3.4061559999999993,1.8455774164201293,8.470799999999999,169.41599999999997,16.564,33.4426,0.8282,"[10, 10, 10]",0.1,0.1,0.1
alpha_sort,20,500,7.82,4.587599999999999,2.1418683432928365,1.0,20.0,7.82,9.82,0.391,"[10, 10, 10]",0.1,0.1,0.1
ris_optimized,20,500,15.672,3.620416,1.9027390782763673,7.7593,155.18599999999998,15.744,31.226599999999998,0.7872,"[10, 10, 10]",0.1,0.1,0.1
ris_naive,20,500,16.006,3.4059640000000004,1.845525399445914,8.1753,163.506,16.08,32.3936,0.8039999999999999,"[10, 10, 10]",0.1,0.1,0.1
monterCarlo_CELF,20,500,16.5,3.35,1.8303005217723127,8.521400000000002,170.42800000000003,16.564,33.5748,0.8282,"[10, 10, 10]",0.1,0.1,0.1
