method,seed_num,num_sims,E_activated_users,variance,std_deviation,avg_steps,total_steps,E_redemptions,comprehensive_score,usage_rate,random_dirichlet,degree_exponent_succ,degree_exponent_dis,degree_exponent_tran
random,120,500,85.812,21.784656000000002,4.6674035608676485,6.713833333333333,805.66,87.706,167.325,0.7308833333333333,"[10, 10, 10]",0.1,0.1,0.1
degreeTopM,120,500,81.14,14.716399999999998,3.8361960325301414,7.1108666666666664,853.304,83.338,167.5694,0.6944833333333332,"[10, 10, 10]",0.1,0.1,0.1
pageRank,120,500,95.866,17.476043999999998,4.180435862443054,8.353266666666666,1002.3919999999999,99.722,198.0332,0.8310166666666666,"[10, 10, 10]",0.1,0.1,0.1
alpha_sort,120,500,47.928,30.450815999999993,5.518225801831599,1.0,120.0,47.928,59.928,0.3994,"[10, 10, 10]",0.1,0.1,0.1
ris_optimized,120,500,93.364,16.755504000000002,4.093348751328183,7.8553500000000005,942.642,95.924,188.90820000000002,0.7993666666666667,"[10, 10, 10]",0.1,0.1,0.1
ris_naive,120,500,92.602,19.031595999999997,4.362521747796794,7.725916666666666,927.1099999999999,95.03,186.527,0.7919166666666667,"[10, 10, 10]",0.1,0.1,0.1
monterCarlo_CELF,120,500,96.706,17.271563999999998,4.155907121195082,8.405466666666667,1008.6560000000001,99.774,199.10560000000004,0.83145,"[10, 10, 10]",0.1,0.1,0.1
