method,seed_num,num_sims,E_activated_users,variance,std_deviation,avg_steps,total_steps,E_redemptions,comprehensive_score,usage_rate,random_dirichlet,degree_exponent_succ,degree_exponent_dis,degree_exponent_tran
random,40,500,30.172,5.898416,2.4286654771705387,7.2543999999999995,290.176,30.366,59.2866,0.75915,"[10, 10, 10]",0.1,0.1,0.1
degreeTopM,40,500,16.842,2.9130359999999995,1.7067618463042815,4.64285,185.714,16.912,35.4484,0.42279999999999995,"[10, 10, 10]",0.1,0.1,0.1
pageRank,40,500,32.988,5.031855999999999,2.2431798857871383,8.3125,332.5,33.434,66.461,0.83585,"[10, 10, 10]",0.1,0.1,0.1
alpha_sort,40,500,15.802,9.454795999999998,3.0748652002974044,1.0,40.0,15.802,19.802,0.39505,"[10, 10, 10]",0.1,0.1,0.1
ris_optimized,40,500,30.906,5.217164,2.284111205699057,7.4627,298.508,31.152,60.8798,0.7788,"[10, 10, 10]",0.1,0.1,0.1
ris_naive,40,500,30.582,6.499276,2.54936776476051,7.233700000000001,289.348,30.848,59.6498,0.7712,"[10, 10, 10]",0.1,0.1,0.1
monterCarlo_CELF,40,500,33.134,5.5200439999999995,2.349477388697325,8.358099999999999,334.32399999999996,33.44,66.7194,0.836,"[10, 10, 10]",0.1,0.1,0.1
