method,seed_num,num_sims,E_activated_users,variance,std_deviation,avg_steps,total_steps,E_redemptions,comprehensive_score,usage_rate,random_dirichlet,degree_exponent_succ,degree_exponent_dis,degree_exponent_tran
random,120,500,32.942,20.526636,4.530633,1.44648,173.5776,33.006,50.33176,0.27505,"[10, 10, 10]",-0.5,0.8,0.0
degreeTopM,120,500,18.898,16.279596,4.034798,1.30252,156.3024,18.952,34.55524,0.15793,"[10, 10, 10]",-0.5,0.8,0.0
pageRank,120,500,18.424,15.820224,3.977465,1.30298,156.3576,18.464,34.07976,0.15387,"[10, 10, 10]",-0.5,0.8,0.0
alpha_sort,120,500,45.997,13.793787,3.713999,0.9856,118.272,46.142,57.8967,0.38452,"[10, 10, 10]",-0.5,0.8,0.0
ris_optimized,120,500,50.498,28.273996,5.31733,1.43868,172.6416,50.672,67.84916,0.42227,"[10, 10, 10]",-0.5,0.8,0.0
1hop_sort,120,500,45.785,16.108605,4.013553,0.99696,119.63502,46.025,57.86845,0.38354,"[10, 10, 10]",-0.5,0.8,0.0
monterCarlo_CELF,120,500,51.199,29.171247,5.401041,1.46589,175.9068,51.684,69.03218,0.4307,"[10, 10, 10]",-0.5,0.8,0.0
