method,seed_num,num_sims,E_activated_users,variance,std_deviation,avg_steps,total_steps,E_redemptions,comprehensive_score,usage_rate,random_dirichlet,degree_exponent_succ,degree_exponent_dis,degree_exponent_tran
random,20,500,5.142,3.733836,1.932314,1.4718,29.436,5.142,8.0856,0.2571,"[10, 10, 10]",-0.5,0.8,0.0
degreeTopM,20,500,2.436,2.081904,1.44288,1.2923,25.846,2.438,5.0216,0.1219,"[10, 10, 10]",-0.5,0.8,0.0
pageRank,20,500,2.476,1.925424,1.387596,1.2982,25.964,2.478,5.0734,0.1239,"[10, 10, 10]",-0.5,0.8,0.0
alpha_sort,20,500,8.549,2.389578,1.545826,0.95665,19.133,8.551,10.4633,0.42755,"[10, 10, 10]",-0.5,0.8,0.0
ris_optimized,20,500,9.184,5.106144,2.259678,1.4103,28.206,9.186,12.0056,0.4593,"[10, 10, 10]",-0.5,0.8,0.0
1hop_sort,20,500,8.527,2.59462,1.610782,0.96642,19.32832,8.527,10.46003,0.42636,"[10, 10, 10]",-0.5,0.8,0.0
monterCarlo_CELF,20,500,9.344,4.928998,2.220135,1.41462,28.2924,9.564,12.28324,0.4782,"[10, 10, 10]",-0.5,0.8,0.0
