method,seed_num,num_sims,E_activated_users,variance,std_deviation,avg_steps,total_steps,E_redemptions,comprehensive_score,usage_rate,random_dirichlet,degree_exponent_succ,degree_exponent_dis,degree_exponent_tran
random,70,500,21.028,14.547216,3.814081,1.45809,102.0663,21.036,31.23863,0.30051,"[10, 10, 10]",-0.5,0.8,0.0
degreeTopM,70,500,8.922,7.099916,2.664567,1.27034,88.9238,8.934,17.82038,0.12763,"[10, 10, 10]",-0.5,0.8,0.0
pageRank,70,500,8.57,6.8491,2.617079,1.25951,88.1657,8.582,17.39257,0.1226,"[10, 10, 10]",-0.5,0.8,0.0
alpha_sort,70,500,28.22,10.608758,3.257109,0.99319,69.5233,28.263,35.19383,0.40376,"[10, 10, 10]",-0.5,0.8,0.0
ris_optimized,70,500,28.764,15.560304,3.944655,1.46437,102.5059,28.78,39.02259,0.41114,"[10, 10, 10]",-0.5,0.8,0.0
1hop_sort,70,500,27.867,9.723506,3.118254,0.99303,69.51178,27.959,34.86455,0.39942,"[10, 10, 10]",-0.5,0.8,0.0
monterCarlo_CELF,70,500,29.0,15.448936,3.930513,1.46442,102.5094,29.135,39.31844,0.41621,"[10, 10, 10]",-0.5,0.8,0.0
