method,seed_num,num_sims,E_activated_users,variance,std_deviation,avg_steps,total_steps,E_redemptions,comprehensive_score,usage_rate,random_dirichlet,degree_exponent_succ,degree_exponent_dis,degree_exponent_tran
random,30,500,8.462,6.116556,2.473167,1.463,43.89,8.464,12.852,0.28213,"[10, 10, 10]",-0.5,0.8,0.0
degreeTopM,30,500,3.414,2.902604,1.703703,1.28333,38.4999,3.414,7.26399,0.1138,"[10, 10, 10]",-0.5,0.8,0.0
pageRank,30,500,3.386,2.573004,1.604059,1.2934,38.802,3.386,7.2662,0.11287,"[10, 10, 10]",-0.5,0.8,0.0
alpha_sort,30,500,12.601,3.962445,1.990589,0.93554,28.0662,12.602,15.40812,0.42007,"[10, 10, 10]",-0.5,0.8,0.0
ris_optimized,30,500,13.878,6.999116,2.645584,1.3974,41.922,13.882,18.0722,0.46273,"[10, 10, 10]",-0.5,0.8,0.0
1hop_sort,30,500,12.572,4.471999,2.11471,0.96316,28.89472,12.587,15.4689,0.41955,"[10, 10, 10]",-0.5,0.8,0.0
monterCarlo_CELF,30,500,14.055,7.136001,2.671329,1.42205,42.6615,14.507,18.54715,0.48357,"[10, 10, 10]",-0.5,0.8,0.0
