method,seed_num,num_sims,E_activated_users,variance,std_deviation,avg_steps,total_steps,E_redemptions,comprehensive_score,usage_rate,random_dirichlet,degree_exponent_succ,degree_exponent_dis,degree_exponent_tran
random,50,500,12.868,9.122576,3.02036,1.41376,70.688,12.872,19.9388,0.25744,"[10, 10, 10]",-0.5,0.8,0.0
degreeTopM,50,500,6.37,5.5131,2.347999,1.23988,61.994,6.38,12.5744,0.1276,"[10, 10, 10]",-0.5,0.8,0.0
pageRank,50,500,6.398,5.331596,2.309025,1.23688,61.844,6.402,12.5844,0.12804,"[10, 10, 10]",-0.5,0.8,0.0
alpha_sort,50,500,20.262,6.677311,2.584049,0.96792,48.396,20.274,25.1076,0.40548,"[10, 10, 10]",-0.5,0.8,0.0
ris_optimized,50,500,21.066,12.881644,3.589101,1.46548,73.274,21.11,28.4154,0.4222,"[10, 10, 10]",-0.5,0.8,0.0
1hop_sort,50,500,20.102,6.444093,2.538522,0.98357,49.17865,20.168,25.05312,0.40337,"[10, 10, 10]",-0.5,0.8,0.0
monterCarlo_CELF,50,500,21.017,12.769812,3.573487,1.46271,73.1355,21.451,28.54755,0.42902,"[10, 10, 10]",-0.5,0.8,0.0
