method,seed_num,num_sims,E_activated_users,variance,std_deviation,avg_steps,total_steps,E_redemptions,comprehensive_score,usage_rate,random_dirichlet,degree_exponent_succ,degree_exponent_dis,degree_exponent_tran
random,140,500,39.458,23.620236,4.860065,1.48174,207.4436,39.542,60.24436,0.28244,"[10, 10, 10]",-0.5,0.8,0.0
degreeTopM,140,500,20.834,17.190444,4.146136,1.2884,180.376,20.888,38.8986,0.1492,"[10, 10, 10]",-0.5,0.8,0.0
pageRank,140,500,20.982,15.321676,3.914291,1.28397,179.7558,21.036,38.98458,0.15026,"[10, 10, 10]",-0.5,0.8,0.0
alpha_sort,140,500,52.104,17.427063,4.174573,0.99399,139.1586,52.223,66.07936,0.37302,"[10, 10, 10]",-0.5,0.8,0.0
ris_optimized,140,500,57.364,29.959504,5.473528,1.45989,204.3846,57.56,77.90046,0.41114,"[10, 10, 10]",-0.5,0.8,0.0
1hop_sort,140,500,51.654,18.023594,4.24542,0.99399,139.15923,51.818,65.65197,0.37013,"[10, 10, 10]",-0.5,0.8,0.0
monterCarlo_CELF,140,500,58.081,28.646234,5.352218,1.47124,205.9736,58.126,78.70086,0.41519,"[10, 10, 10]",-0.5,0.8,0.0
