method,seed_num,num_sims,E_activated_users,variance,std_deviation,avg_steps,total_steps,E_redemptions,comprehensive_score,usage_rate,random_dirichlet,degree_exponent_succ,degree_exponent_dis,degree_exponent_tran
random,100,500,28.68,19.0376,4.36321,1.46364,146.364,28.712,43.3324,0.28712,"[10, 10, 10]",-0.5,0.8,0.0
degreeTopM,100,500,14.63,11.0851,3.329429,1.2624,126.24,14.658,27.268,0.14658,"[10, 10, 10]",-0.5,0.8,0.0
pageRank,100,500,14.792,11.744736,3.427059,1.25978,125.978,14.816,27.4018,0.14816,"[10, 10, 10]",-0.5,0.8,0.0
alpha_sort,100,500,38.247,12.212759,3.494676,0.98815,98.815,38.31,48.16,0.3831,"[10, 10, 10]",-0.5,0.8,0.0
ris_optimized,100,500,43.388,23.061456,4.802234,1.44446,144.446,43.522,57.8996,0.43522,"[10, 10, 10]",-0.5,0.8,0.0
1hop_sort,100,500,38.104,13.852662,3.721916,1.00002,100.00175,38.284,48.19445,0.38284,"[10, 10, 10]",-0.5,0.8,0.0
monterCarlo_CELF,100,500,44.158,21.955993,4.685722,1.47024,147.024,45.727,59.6449,0.45727,"[10, 10, 10]",-0.5,0.8,0.0
