method,seed_num,num_sims,E_activated_users,variance,std_deviation,avg_steps,total_steps,E_redemptions,comprehensive_score,usage_rate,random_dirichlet,degree_exponent_succ,degree_exponent_dis,degree_exponent_tran
random,80,500,21.514,14.557804,3.815469,1.4523,116.184,21.536,33.1434,0.2692,"[10, 10, 10]",-0.5,0.8,0.0
degreeTopM,80,500,10.476,8.441424,2.905413,1.2887,103.096,10.49,20.7926,0.13112,"[10, 10, 10]",-0.5,0.8,0.0
pageRank,80,500,10.558,7.614636,2.759463,1.2774,102.192,10.57,20.7832,0.13212,"[10, 10, 10]",-0.5,0.8,0.0
alpha_sort,80,500,32.029,11.928197,3.453722,0.98269,78.6152,32.091,39.92152,0.40114,"[10, 10, 10]",-0.5,0.8,0.0
ris_optimized,80,500,34.258,19.475436,4.413098,1.44025,115.22,34.332,45.817,0.42915,"[10, 10, 10]",-0.5,0.8,0.0
1hop_sort,80,500,31.682,10.989809,3.315088,0.98901,79.12056,31.79,39.64823,0.39737,"[10, 10, 10]",-0.5,0.8,0.0
monterCarlo_CELF,80,500,34.542,19.86882,4.457445,1.42688,114.1504,34.844,46.10804,0.43555,"[10, 10, 10]",-0.5,0.8,0.0
