method,seed_num,num_sims,E_activated_users,variance,std_deviation,avg_steps,total_steps,E_redemptions,comprehensive_score,usage_rate,random_dirichlet,degree_exponent_succ,degree_exponent_dis,degree_exponent_tran
random,60,500,16.634,11.828044,3.439192,1.45597,87.3582,16.658,25.38182,0.27763,"[10, 10, 10]",-0.5,0.8,0.0
degreeTopM,60,500,8.088,6.380256,2.525917,1.28053,76.8318,8.096,15.77518,0.13493,"[10, 10, 10]",-0.5,0.8,0.0
pageRank,60,500,8.124,6.848624,2.616988,1.28137,76.8822,8.132,15.81622,0.13553,"[10, 10, 10]",-0.5,0.8,0.0
alpha_sort,60,500,23.768,7.990239,2.826701,0.96,57.6,23.816,29.552,0.39693,"[10, 10, 10]",-0.5,0.8,0.0
ris_optimized,60,500,24.926,14.132524,3.759325,1.45467,87.2802,24.96,33.67102,0.416,"[10, 10, 10]",-0.5,0.8,0.0
1hop_sort,60,500,23.688,8.016733,2.831384,0.96481,57.88863,23.733,29.49944,0.39555,"[10, 10, 10]",-0.5,0.8,0.0
monterCarlo_CELF,60,500,25.313,14.106322,3.755838,1.47729,88.6374,26.328,34.68424,0.4388,"[10, 10, 10]",-0.5,0.8,0.0
