method,seed_num,num_sims,E_activated_users,variance,std_deviation,avg_steps,total_steps,E_redemptions,comprehensive_score,usage_rate,random_dirichlet,degree_exponent_succ,degree_exponent_dis,degree_exponent_tran
random,110,500,31.15,20.8915,4.570722,1.46371,161.0081,31.206,47.27881,0.28369,"[10, 10, 10]",-0.5,0.8,0.0
degreeTopM,110,500,16.63,12.4811,3.53286,1.28304,141.1344,16.652,30.75444,0.15138,"[10, 10, 10]",-0.5,0.8,0.0
pageRank,110,500,16.42,13.6676,3.696972,1.28471,141.3181,16.438,30.56081,0.14944,"[10, 10, 10]",-0.5,0.8,0.0
alpha_sort,110,500,41.466,13.48119,3.671674,0.99247,109.1717,41.534,52.41717,0.37758,"[10, 10, 10]",-0.5,0.8,0.0
ris_optimized,110,500,44.954,26.067884,5.105672,1.45287,159.8157,45.036,60.97657,0.40942,"[10, 10, 10]",-0.5,0.8,0.0
1hop_sort,110,500,41.07,14.323161,3.784595,1.00254,110.27885,41.215,52.17048,0.37468,"[10, 10, 10]",-0.5,0.8,0.0
monterCarlo_CELF,110,500,44.825,25.008042,5.000804,1.47862,162.6482,45.11,61.23232,0.41009,"[10, 10, 10]",-0.5,0.8,0.0
