method,seed_num,num_sims,E_activated_users,variance,std_deviation,avg_steps,total_steps,E_redemptions,comprehensive_score,usage_rate,random_dirichlet,degree_exponent_succ,degree_exponent_dis,degree_exponent_tran
random,40,500,11.06,8.1524,2.855241,1.46535,58.614,11.068,16.9254,0.2767,"[10, 10, 10]",-0.5,0.8,0.0
degreeTopM,40,500,5.124,4.160624,2.039761,1.26125,50.45,5.132,10.173,0.1283,"[10, 10, 10]",-0.5,0.8,0.0
pageRank,40,500,5.074,4.240524,2.059253,1.277,51.08,5.076,10.183,0.1269,"[10, 10, 10]",-0.5,0.8,0.0
alpha_sort,40,500,16.109,5.479919,2.340923,0.96823,38.7292,16.117,19.98592,0.40292,"[10, 10, 10]",-0.5,0.8,0.0
ris_optimized,40,500,17.772,9.404016,3.066597,1.4236,56.944,17.788,23.4744,0.4447,"[10, 10, 10]",-0.5,0.8,0.0
1hop_sort,40,500,16.123,5.467092,2.338181,0.98524,39.4098,16.144,20.07483,0.40361,"[10, 10, 10]",-0.5,0.8,0.0
monterCarlo_CELF,40,500,17.753,9.559971,3.09192,1.44429,57.7716,17.875,23.59116,0.44688,"[10, 10, 10]",-0.5,0.8,0.0
