method,seed_num,num_sims,E_activated_users,variance,std_deviation,avg_steps,total_steps,E_redemptions,comprehensive_score,usage_rate,random_dirichlet,degree_exponent_succ,degree_exponent_dis,degree_exponent_tran
random,150,500,42.354,28.916684,5.377424,1.45663,218.4945,42.452,64.25245,0.28301,"[10, 10, 10]",-0.5,0.8,0.0
degreeTopM,150,500,24.496,18.661984,4.319952,1.28044,192.066,24.556,43.7326,0.16371,"[10, 10, 10]",-0.5,0.8,0.0
pageRank,150,500,24.682,18.860876,4.342911,1.28263,192.3945,24.742,43.95145,0.16495,"[10, 10, 10]",-0.5,0.8,0.0
alpha_sort,150,500,55.835,19.565589,4.423301,1.00062,150.093,55.995,70.9243,0.3733,"[10, 10, 10]",-0.5,0.8,0.0
ris_optimized,150,500,61.394,32.450764,5.696557,1.45384,218.076,61.546,83.2776,0.41031,"[10, 10, 10]",-0.5,0.8,0.0
1hop_sort,150,500,55.353,18.750323,4.330164,1.0115,151.72545,55.698,70.69814,0.37132,"[10, 10, 10]",-0.5,0.8,0.0
monterCarlo_CELF,150,500,62.314,32.279946,5.681544,1.44855,217.2825,63.05,84.41025,0.42033,"[10, 10, 10]",-0.5,0.8,0.0
