method,seed_num,num_sims,E_activated_users,variance,std_deviation,avg_steps,total_steps,E_redemptions,comprehensive_score,usage_rate,random_dirichlet,degree_exponent_succ,degree_exponent_dis,degree_exponent_tran
random,150,500,104.917,20.786133,4.559181,3.67418,551.12684,106.372,160.75732,0.70915,"[10, 10, 10]",0.1,0.1,0.1
degreeTopM,150,500,117.442,20.711584,4.550998,4.09552,614.32816,120.978,180.64291,0.80652,"[10, 10, 10]",0.1,0.1,0.1
pageRank,150,500,117.058,22.753141,4.770025,4.08449,612.67334,120.476,180.03413,0.80317,"[10, 10, 10]",0.1,0.1,0.1
alpha_sort,150,500,121.867,18.328265,4.281152,4.29282,643.92286,127.631,189.14108,0.85087,"[10, 10, 10]",0.1,0.1,0.1
ris_optimized,150,500,125.524,19.717424,4.440431,4.31356,647.034,127.728,191.3294,0.85152,"[10, 10, 10]",0.1,0.1,0.1
1hop_sort,150,500,124.088,17.200145,4.147306,4.26801,640.20194,126.8,189.46447,0.84534,"[10, 10, 10]",0.1,0.1,0.1
monterCarlo_CELF,150,500,127.279,19.613633,4.428728,4.29787,644.68065,129.004,192.6096,0.86003,"[10, 10, 10]",0.1,0.1,0.1
