method,seed_num,num_sims,E_activated_users,variance,std_deviation,avg_steps,total_steps,E_redemptions,comprehensive_score,usage_rate,random_dirichlet,degree_exponent_succ,degree_exponent_dis,degree_exponent_tran
random,200,500,142.883,31.199111,5.585616,3.76097,752.19426,145.64,219.48074,0.7282,"[10, 10, 10]",0.1,0.1,0.1
degreeTopM,200,500,155.109,27.524302,5.246361,4.09414,818.82744,161.047,239.96073,0.80524,"[10, 10, 10]",0.1,0.1,0.1
pageRank,200,500,155.373,30.114743,5.48769,4.08927,817.85356,160.997,239.97005,0.80498,"[10, 10, 10]",0.1,0.1,0.1
alpha_sort,200,500,161.22,26.043702,5.103303,4.30106,860.21152,170.637,251.94935,0.85318,"[10, 10, 10]",0.1,0.1,0.1
ris_optimized,200,500,166.308,30.201136,5.495556,4.31557,863.114,170.328,254.6294,0.85164,"[10, 10, 10]",0.1,0.1,0.1
1hop_sort,200,500,164.541,27.742531,5.267118,4.26104,852.20708,168.867,251.92491,0.84434,"[10, 10, 10]",0.1,0.1,0.1
monterCarlo_CELF,200,500,169.482,30.91652,5.560263,4.36386,872.7718,170.146,257.09124,0.85073,"[10, 10, 10]",0.1,0.1,0.1
