method,seed_num,num_sims,E_activated_users,variance,std_deviation,avg_steps,total_steps,E_redemptions,comprehensive_score,usage_rate,random_dirichlet,degree_exponent_succ,degree_exponent_dis,degree_exponent_tran
random,75,500,55.822,9.935618,3.152082,3.86262,289.69632,56.229,84.99489,0.74972,"[10, 10, 10]",0.1,0.1,0.1
degreeTopM,75,500,59.508,9.727867,3.118953,4.0964,307.23004,60.468,90.71071,0.80624,"[10, 10, 10]",0.1,0.1,0.1
pageRank,75,500,59.209,10.062361,3.172122,4.07954,305.96516,60.126,90.26413,0.80169,"[10, 10, 10]",0.1,0.1,0.1
alpha_sort,75,500,62.216,8.133516,2.851932,4.31816,323.86166,64.457,95.72232,0.85942,"[10, 10, 10]",0.1,0.1,0.1
ris_optimized,75,500,63.79,8.9579,2.992975,4.33365,325.024,64.346,96.5704,0.85795,"[10, 10, 10]",0.1,0.1,0.1
1hop_sort,75,500,62.928,8.086211,2.843626,4.26955,320.2164,63.653,95.3122,0.84871,"[10, 10, 10]",0.1,0.1,0.1
monterCarlo_CELF,75,500,64.921,8.671169,2.944685,4.41009,330.75668,68.031,99.55169,0.90708,"[10, 10, 10]",0.1,0.1,0.1
