method,seed_num,num_sims,E_activated_users,variance,std_deviation,avg_steps,total_steps,E_redemptions,comprehensive_score,usage_rate,random_dirichlet,degree_exponent_succ,degree_exponent_dis,degree_exponent_tran
random,250,500,179.438,35.332541,5.944118,3.79288,948.21962,183.801,276.44185,0.73521,"[10, 10, 10]",0.1,0.1,0.1
degreeTopM,250,500,192.52,38.107696,6.173143,4.1008,1025.19882,201.388,299.47353,0.80555,"[10, 10, 10]",0.1,0.1,0.1
pageRank,250,500,192.518,41.020621,6.404734,4.10373,1025.93214,201.525,299.61476,0.8061,"[10, 10, 10]",0.1,0.1,0.1
alpha_sort,250,500,200.136,34.820568,5.900895,4.30114,1075.2838,212.818,314.00549,0.85127,"[10, 10, 10]",0.1,0.1,0.1
ris_optimized,250,500,206.818,38.608876,6.213604,4.31629,1079.072,212.52,317.5762,0.85008,"[10, 10, 10]",0.1,0.1,0.1
1hop_sort,250,500,204.356,28.896002,5.3755,4.26888,1067.22116,210.991,314.39524,0.84396,"[10, 10, 10]",0.1,0.1,0.1
monterCarlo_CELF,250,500,210.908,39.933144,6.319268,4.33685,1084.212,210.949,319.34969,0.8438,"[10, 10, 10]",0.1,0.1,0.1
