method,seed_num,num_sims,E_activated_users,variance,std_deviation,avg_steps,total_steps,E_redemptions,comprehensive_score,usage_rate,random_dirichlet,degree_exponent_succ,degree_exponent_dis,degree_exponent_tran
random,50,500,38.666,7.003077,2.646333,3.95531,197.76554,38.829,58.52417,0.77658,"[10, 10, 10]",0.1,0.1,0.1
degreeTopM,50,500,39.865,6.714635,2.591261,4.09193,204.59628,40.34,60.56234,0.80681,"[10, 10, 10]",0.1,0.1,0.1
pageRank,50,500,39.609,6.524618,2.554333,4.07093,203.54674,40.075,60.19645,0.80149,"[10, 10, 10]",0.1,0.1,0.1
alpha_sort,50,500,42.02,5.703359,2.388171,4.29636,214.81814,42.752,63.8679,0.85504,"[10, 10, 10]",0.1,0.1,0.1
ris_optimized,50,500,42.81,5.6619,2.379475,4.33176,216.588,43.008,64.5678,0.86016,"[10, 10, 10]",0.1,0.1,0.1
1hop_sort,50,500,42.195,5.037579,2.244455,4.27665,213.83262,42.525,63.74316,0.8505,"[10, 10, 10]",0.1,0.1,0.1
monterCarlo_CELF,50,500,42.519,5.612746,2.369123,4.32357,216.17835,43.669,64.71193,0.87338,"[10, 10, 10]",0.1,0.1,0.1
