method,seed_num,num_sims,E_activated_users,variance,std_deviation,avg_steps,total_steps,E_redemptions,comprehensive_score,usage_rate,random_dirichlet,degree_exponent_succ,degree_exponent_dis,degree_exponent_tran
random,175,500,125.023,25.391033,5.038952,3.75214,656.62404,127.138,191.743,0.7265,"[10, 10, 10]",0.1,0.1,0.1
degreeTopM,175,500,136.081,26.520113,5.149768,4.09527,716.67286,140.854,210.13479,0.80488,"[10, 10, 10]",0.1,0.1,0.1
pageRank,175,500,135.773,27.153636,5.210915,4.08401,714.70182,140.439,209.57587,0.80251,"[10, 10, 10]",0.1,0.1,0.1
alpha_sort,175,500,141.688,26.203218,5.118908,4.29711,751.99444,149.236,220.66161,0.85278,"[10, 10, 10]",0.1,0.1,0.1
ris_optimized,175,500,146.282,23.414476,4.838851,4.31387,754.928,149.212,223.2398,0.85264,"[10, 10, 10]",0.1,0.1,0.1
1hop_sort,175,500,144.586,20.013541,4.47365,4.27222,747.63914,148.162,221.13788,0.84664,"[10, 10, 10]",0.1,0.1,0.1
monterCarlo_CELF,175,500,147.87,24.117678,4.910975,4.33078,757.8865,149.157,224.30187,0.85232,"[10, 10, 10]",0.1,0.1,0.1
