method,seed_num,num_sims,E_activated_users,variance,std_deviation,avg_steps,total_steps,E_redemptions,comprehensive_score,usage_rate,random_dirichlet,degree_exponent_succ,degree_exponent_dis,degree_exponent_tran
random,225,500,166.504,31.228738,5.588268,3.88331,873.74496,170.243,255.74807,0.75663,"[10, 10, 10]",0.1,0.1,0.1
degreeTopM,225,500,174.42,32.750286,5.722787,4.10588,923.82218,181.768,270.47616,0.80786,"[10, 10, 10]",0.1,0.1,0.1
pageRank,225,500,174.051,35.958981,5.996581,4.09883,922.2372,181.427,269.96264,0.80634,"[10, 10, 10]",0.1,0.1,0.1
alpha_sort,225,500,180.703,27.781706,5.270835,4.30464,968.545,192.062,283.23709,0.85361,"[10, 10, 10]",0.1,0.1,0.1
ris_optimized,225,500,185.256,33.246464,5.765975,4.28103,963.232,189.978,283.9402,0.84435,"[10, 10, 10]",0.1,0.1,0.1
1hop_sort,225,500,184.484,28.243842,5.314494,4.26797,960.29224,189.943,283.2431,0.84419,"[10, 10, 10]",0.1,0.1,0.1
monterCarlo_CELF,225,500,188.348,31.879949,5.646233,4.29841,967.14292,192.574,287.17536,0.85588,"[10, 10, 10]",0.1,0.1,0.1
