method,seed_num,num_sims,E_activated_users,variance,std_deviation,avg_steps,total_steps,E_redemptions,comprehensive_score,usage_rate,random_dirichlet,degree_exponent_succ,degree_exponent_dis,degree_exponent_tran
random,125,500,92.978,16.88039,4.108575,3.86152,482.68946,94.076,141.79635,0.75261,"[10, 10, 10]",0.1,0.1,0.1
degreeTopM,125,500,98.486,17.558112,4.19024,4.10647,513.30848,101.157,151.15258,0.80926,"[10, 10, 10]",0.1,0.1,0.1
pageRank,125,500,98.368,17.615436,4.197075,4.09394,511.7429,100.948,150.83209,0.80758,"[10, 10, 10]",0.1,0.1,0.1
alpha_sort,125,500,101.778,15.164037,3.894103,4.28132,535.16452,106.264,157.53731,0.85011,"[10, 10, 10]",0.1,0.1,0.1
ris_optimized,125,500,104.662,15.847756,3.980924,4.2975,537.188,106.16,159.1298,0.84928,"[10, 10, 10]",0.1,0.1,0.1
1hop_sort,125,500,104.019,13.771298,3.71097,4.27047,533.80846,105.959,158.36977,0.84767,"[10, 10, 10]",0.1,0.1,0.1
monterCarlo_CELF,125,500,103.657,15.175264,3.895544,4.28555,535.69387,105.747,158.27135,0.84598,"[10, 10, 10]",0.1,0.1,0.1
