method,seed_num,num_sims,E_activated_users,variance,std_deviation,avg_steps,total_steps,E_redemptions,comprehensive_score,usage_rate,random_dirichlet,degree_exponent_succ,degree_exponent_dis,degree_exponent_tran
random,100,500,73.557,11.983092,3.46166,3.81373,381.37296,74.253,112.04257,0.74253,"[10, 10, 10]",0.1,0.1,0.1
degreeTopM,100,500,79.045,14.088943,3.753524,4.09162,409.16152,80.696,120.78692,0.80696,"[10, 10, 10]",0.1,0.1,0.1
pageRank,100,500,78.956,13.868486,3.724042,4.08929,408.92872,80.688,120.71514,0.80688,"[10, 10, 10]",0.1,0.1,0.1
alpha_sort,100,500,81.765,12.630231,3.553904,4.28668,428.66822,85.315,126.4071,0.85315,"[10, 10, 10]",0.1,0.1,0.1
ris_optimized,100,500,84.694,11.900364,3.44969,4.32708,432.708,85.732,128.4838,0.85732,"[10, 10, 10]",0.1,0.1,0.1
1hop_sort,100,500,83.494,11.518709,3.393922,4.2642,426.41976,84.735,126.7565,0.84735,"[10, 10, 10]",0.1,0.1,0.1
monterCarlo_CELF,100,500,86.158,11.329914,3.365994,4.4043,440.4298,89.22,131.73237,0.8922,"[10, 10, 10]",0.1,0.1,0.1
