method,seed_num,num_sims,E_activated_users,variance,std_deviation,avg_steps,total_steps,E_redemptions,comprehensive_score,usage_rate,random_dirichlet,degree_exponent_succ,degree_exponent_dis,degree_exponent_tran
random,16,500,4.608,3.374336,1.8369365802879531,1.9185,30.696,4.608,7.6776,0.288,"[10, 10, 10]",-0.5,0.8,0.0
degreeTopM,16,500,1.946,1.491084,1.2210995045449817,1.62725,26.036,1.95,4.5516000000000005,0.121875,"[10, 10, 10]",-0.5,0.8,0.0
pageRank,16,500,2.246,1.857484,1.3628954472005548,1.63275,26.124,2.252,4.8614,0.14075,"[10, 10, 10]",-0.5,0.8,0.0
alpha_sort,16,500,7.508,4.2379359999999995,2.0586247836844866,1.7725,28.36,7.518,10.349,0.469875,"[10, 10, 10]",-0.5,0.8,0.0
ris_optimized,16,500,7.626,3.8741239999999997,1.9682794517039495,1.84225,29.476,7.628,10.5746,0.47675,"[10, 10, 10]",-0.5,0.8,0.0
1hop_sort,16,500,7.496,3.9979839999999998,1.9994959364799918,1.812875,29.006,7.602,10.4496,0.475125,"[10, 10, 10]",-0.5,0.8,0.0
