method,seed_num,num_sims,E_activated_users,variance,std_deviation,avg_steps,total_steps,E_redemptions,comprehensive_score,usage_rate,random_dirichlet,degree_exponent_succ,degree_exponent_dis,degree_exponent_tran
random,64,500,14.686,9.843403999999998,3.1374199591383998,1.90884375,122.166,14.846,26.982599999999998,0.23196875,"[10, 10, 10]",-0.5,0.8,0.0
degreeTopM,64,500,10.15,8.0035,2.829045775522199,1.69709375,108.614,10.338,21.105400000000003,0.16153125,"[10, 10, 10]",-0.5,0.8,0.0
pageRank,64,500,11.16,8.3744,2.8938555596297477,1.723125,110.28,11.324,22.270000000000003,0.1769375,"[10, 10, 10]",-0.5,0.8,0.0
alpha_sort,64,500,24.328,13.528416000000002,3.6780995092574646,1.85490625,118.714,24.766,36.4184,0.38696875,"[10, 10, 10]",-0.5,0.8,0.0
ris_optimized,64,500,24.988,15.379856000000004,3.921715950958203,1.98396875,126.974,25.594,37.9884,0.39990625,"[10, 10, 10]",-0.5,0.8,0.0
1hop_sort,64,500,24.522,13.009516,3.6068706658265417,1.88184375,120.438,25.656,37.1328,0.400875,"[10, 10, 10]",-0.5,0.8,0.0
