method,seed_num,num_sims,E_activated_users,variance,std_deviation,avg_steps,total_steps,E_redemptions,comprehensive_score,usage_rate,random_dirichlet,degree_exponent_succ,degree_exponent_dis,degree_exponent_tran
random,268,500,64.156,42.007664,6.481331961873269,1.9458805970149253,521.496,68.804,118.62960000000001,0.2567313432835821,"[10, 10, 10]",-0.5,0.8,0.0
degreeTopM,268,500,55.756,30.356463999999995,5.5096700445670965,1.8822910447761194,504.454,60.402,108.52440000000001,0.22538059701492538,"[10, 10, 10]",-0.5,0.8,0.0
pageRank,268,500,57.54,33.20439999999999,5.76232591927947,1.905768656716418,510.74600000000004,62.684,111.1866,0.2338955223880597,"[10, 10, 10]",-0.5,0.8,0.0
alpha_sort,268,500,73.76,39.2704,6.266609928821165,1.9760298507462686,529.576,79.804,129.73960000000002,0.2977761194029851,"[10, 10, 10]",-0.5,0.8,0.0
ris_optimized,268,500,74.448,42.499296,6.519148410643832,2.0119552238805967,539.204,80.704,131.4964,0.3011343283582089,"[10, 10, 10]",-0.5,0.8,0.0
1hop_sort,268,500,73.84,42.050399999999996,6.484627976992974,1.982902985074627,531.418,80.704,130.41379999999998,0.3011343283582089,"[10, 10, 10]",-0.5,0.8,0.0
