method,seed_num,num_sims,E_activated_users,variance,std_deviation,avg_steps,total_steps,E_redemptions,comprehensive_score,usage_rate,random_dirichlet,degree_exponent_succ,degree_exponent_dis,degree_exponent_tran
random,232,500,54.244,31.556463999999995,5.617514040925932,1.9404396551724137,450.18199999999996,57.946,101.1132,0.24976724137931033,"[10, 10, 10]",-0.5,0.8,0.0
degreeTopM,232,500,48.048,29.605695999999995,5.441111651124244,1.8307672413793101,424.73799999999994,51.53,92.2628,0.22211206896551725,"[10, 10, 10]",-0.5,0.8,0.0
pageRank,232,500,49.176,30.141023999999998,5.490084152360508,1.8502844827586207,429.266,52.874,93.95160000000001,0.2279051724137931,"[10, 10, 10]",-0.5,0.8,0.0
alpha_sort,232,500,64.81,36.7899,6.065467830266681,1.9368793103448276,449.356,69.53,112.10560000000001,0.299698275862069,"[10, 10, 10]",-0.5,0.8,0.0
ris_optimized,232,500,65.408,39.669536,6.298375663613595,1.9895431034482758,461.57399999999996,70.142,113.9324,0.3023362068965517,"[10, 10, 10]",-0.5,0.8,0.0
1hop_sort,232,500,64.428,37.28481599999999,6.106129379566076,1.9308879310344829,447.966,70.21,112.1156,0.30262931034482754,"[10, 10, 10]",-0.5,0.8,0.0
