method,seed_num,num_sims,E_activated_users,variance,std_deviation,avg_steps,total_steps,E_redemptions,comprehensive_score,usage_rate,random_dirichlet,degree_exponent_succ,degree_exponent_dis,degree_exponent_tran
random,364,500,85.604,50.90718400000001,7.134927049381795,1.9244945054945055,700.516,94.232,159.9696,0.25887912087912085,"[10, 10, 10]",-0.5,0.8,0.0
degreeTopM,364,500,84.552,53.535295999999995,7.31678180623148,1.9129780219780221,696.3240000000001,93.304,158.56040000000002,0.25632967032967036,"[10, 10, 10]",-0.5,0.8,0.0
pageRank,364,500,84.706,54.091564000000005,7.354696730661299,1.9217527472527471,699.5179999999999,93.562,159.0858,0.25703846153846155,"[10, 10, 10]",-0.5,0.8,0.0
alpha_sort,364,500,88.27,52.905100000000004,7.2735892102867625,1.933054945054945,703.632,97.244,163.1202,0.26715384615384613,"[10, 10, 10]",-0.5,0.8,0.0
ris_optimized,364,500,87.972,53.943216,7.3446045502804305,1.93210989010989,703.288,96.74,162.6848,0.26576923076923076,"[10, 10, 10]",-0.5,0.8,0.0
1hop_sort,364,500,87.676,54.371024000000006,7.373670998898717,1.9274065934065934,701.576,96.772,162.3816,0.26585714285714285,"[10, 10, 10]",-0.5,0.8,0.0
