method,seed_num,num_sims,E_activated_users,variance,std_deviation,avg_steps,total_steps,E_redemptions,comprehensive_score,usage_rate,random_dirichlet,degree_exponent_succ,degree_exponent_dis,degree_exponent_tran
random,100,500,28.87,21.0171,4.584441078255887,2.86342,286.342,29.028,57.5832,0.29028,"[10, 10, 10]",0.1,0.1,0.1
degreeTopM,100,500,19.654,16.006284,4.00078542288886,2.5855799999999998,258.558,19.742,45.5538,0.19742,"[10, 10, 10]",0.1,0.1,0.1
pageRank,100,500,21.07,14.9931,3.8720924575738116,2.60278,260.278,21.192,47.1588,0.21192,"[10, 10, 10]",0.1,0.1,0.1
alpha_sort,100,500,40.192,22.555135999999997,4.74922477884549,1.0,100.0,40.192,50.192,0.40192,"[10, 10, 10]",0.1,0.1,0.1
ris_optimized,100,500,34.374,21.966124000000004,4.68680317487304,2.09372,209.37199999999999,34.47,55.3592,0.3447,"[10, 10, 10]",0.1,0.1,0.1
ris_naive,100,500,34.468,21.556976,4.642949062826341,2.08226,208.22600000000003,34.516,55.31460000000001,0.34515999999999997,"[10, 10, 10]",0.1,0.1,0.1
monterCarlo_CELF,100,500,35.066,22.573644,4.7511729078197105,1.8401599999999998,184.016,35.134,53.501599999999996,0.35134,"[10, 10, 10]",0.1,0.1,0.1
