method,seed_num,num_sims,E_activated_users,variance,std_deviation,avg_steps,total_steps,E_redemptions,comprehensive_score,usage_rate,random_dirichlet,degree_exponent_succ,degree_exponent_dis,degree_exponent_tran
random,10,500,5.405,1.980421,1.407274,1.08427,10.84266,5.407,6.49008,0.54068,"[10, 10, 10]",-0.5,0.8,0.0
degreeTopM,10,500,2.064,1.207754,1.098979,1.01268,10.1268,2.064,3.07684,0.20642,"[10, 10, 10]",-0.5,0.8,0.0
pageRank,10,500,1.895,1.294569,1.137791,1.01035,10.10352,1.897,2.9067,0.18973,"[10, 10, 10]",-0.5,0.8,0.0
alpha_sort,10,500,8.024,1.213776,1.101715,1.03266,10.32662,8.024,9.0565,0.80238,"[10, 10, 10]",-0.5,0.8,0.0
ris_optimized,10,500,7.978,1.341516,1.158238,1.119,11.19,7.978,9.097,0.7978,"[10, 10, 10]",-0.5,0.8,0.0
1hop_sort,10,500,7.628,1.382656,1.175864,1.04391,10.43914,7.655,8.68557,0.76552,"[10, 10, 10]",-0.5,0.8,0.0
monterCarlo_CELF,10,500,8.107,1.306622,1.143076,1.10895,11.08954,8.468,9.39624,0.84678,"[10, 10, 10]",-0.5,0.8,0.0
