method,seed_num,num_sims,E_activated_users,variance,std_deviation,avg_steps,total_steps,E_redemptions,comprehensive_score,usage_rate,random_dirichlet,degree_exponent_succ,degree_exponent_dis,degree_exponent_tran
random,80,500,38.742,16.277946,4.034594,1.08926,87.14092,38.984,47.57714,0.4873,"[10, 10, 10]",-0.5,0.8,0.0
degreeTopM,80,500,25.249,14.152171,3.761937,1.07961,86.3688,25.625,34.07416,0.32032,"[10, 10, 10]",-0.5,0.8,0.0
pageRank,80,500,26.072,14.726135,3.837465,1.07556,86.04482,26.365,34.82261,0.32956,"[10, 10, 10]",-0.5,0.8,0.0
alpha_sort,80,500,54.44,14.01247,3.743323,1.07107,85.68592,54.836,63.20675,0.68545,"[10, 10, 10]",-0.5,0.8,0.0
ris_optimized,80,500,55.162,14.043756,3.7475,1.12425,89.94,55.346,64.248,0.69182,"[10, 10, 10]",-0.5,0.8,0.0
1hop_sort,80,500,51.717,14.109872,3.756311,1.072,85.75964,52.712,60.79009,0.6589,"[10, 10, 10]",-0.5,0.8,0.0
monterCarlo_CELF,80,500,55.619,14.327426,3.785159,1.11382,89.1052,56.172,64.80601,0.70215,"[10, 10, 10]",-0.5,0.8,0.0
