method,seed_num,num_sims,E_activated_users,variance,std_deviation,avg_steps,total_steps,E_redemptions,comprehensive_score,usage_rate,random_dirichlet,degree_exponent_succ,degree_exponent_dis,degree_exponent_tran
random,120,500,53.866,22.687899,4.763182,1.08118,129.74138,54.595,67.2049,0.45496,"[10, 10, 10]",-0.5,0.8,0.0
degreeTopM,120,500,41.76,20.945653,4.576642,1.058,126.95942,42.554,54.85311,0.35462,"[10, 10, 10]",-0.5,0.8,0.0
pageRank,120,500,42.643,21.12561,4.59626,1.05937,127.12432,43.293,55.68052,0.36078,"[10, 10, 10]",-0.5,0.8,0.0
alpha_sort,120,500,76.622,22.479923,4.7413,1.06344,127.6132,77.33,89.73761,0.64442,"[10, 10, 10]",-0.5,0.8,0.0
ris_optimized,120,500,78.334,24.002444,4.899229,1.11253,133.504,78.866,91.9504,0.65722,"[10, 10, 10]",-0.5,0.8,0.0
1hop_sort,120,500,72.242,20.652213,4.544471,1.06183,127.4192,73.974,85.84985,0.61645,"[10, 10, 10]",-0.5,0.8,0.0
monterCarlo_CELF,120,500,79.422,24.764141,4.976358,1.13357,136.02876,80.441,93.53426,0.67034,"[10, 10, 10]",-0.5,0.8,0.0
