method,seed_num,num_sims,E_activated_users,variance,std_deviation,avg_steps,total_steps,E_redemptions,comprehensive_score,usage_rate,random_dirichlet,degree_exponent_succ,degree_exponent_dis,degree_exponent_tran
random,160,500,77.255,31.336923,5.597939,1.0721,171.53674,78.405,94.98356,0.49003,"[10, 10, 10]",-0.5,0.8,0.0
degreeTopM,160,500,59.816,31.368142,5.600727,1.06236,169.97698,61.374,77.59263,0.38359,"[10, 10, 10]",-0.5,0.8,0.0
pageRank,160,500,61.108,30.152078,5.491091,1.06498,170.39602,62.606,78.8965,0.39129,"[10, 10, 10]",-0.5,0.8,0.0
alpha_sort,160,500,98.678,30.147471,5.490671,1.06855,170.96832,100.294,116.58294,0.62684,"[10, 10, 10]",-0.5,0.8,0.0
ris_optimized,160,500,100.684,32.536144,5.704046,1.11625,178.6,102.264,119.334,0.63915,"[10, 10, 10]",-0.5,0.8,0.0
1hop_sort,160,500,95.178,27.913789,5.28335,1.06738,170.78014,97.819,113.57652,0.61137,"[10, 10, 10]",-0.5,0.8,0.0
monterCarlo_CELF,160,500,101.012,31.967193,5.653954,1.11884,179.01456,102.385,119.60005,0.63991,"[10, 10, 10]",-0.5,0.8,0.0
