method,seed_num,num_sims,E_activated_users,variance,std_deviation,avg_steps,total_steps,E_redemptions,comprehensive_score,usage_rate,random_dirichlet,degree_exponent_succ,degree_exponent_dis,degree_exponent_tran
random,30,500,15.316,6.343454,2.518621,1.0736,32.20788,15.355,18.55649,0.51184,"[10, 10, 10]",-0.5,0.8,0.0
degreeTopM,30,500,7.331,4.676871,2.162608,1.05374,31.6123,7.362,10.50801,0.24541,"[10, 10, 10]",-0.5,0.8,0.0
pageRank,30,500,7.287,5.071316,2.251958,1.06532,31.95956,7.32,10.49909,0.24399,"[10, 10, 10]",-0.5,0.8,0.0
alpha_sort,30,500,22.291,4.98263,2.232181,1.06079,31.82376,22.312,25.48365,0.74373,"[10, 10, 10]",-0.5,0.8,0.0
ris_optimized,30,500,22.154,5.470284,2.338864,1.11013,33.304,22.216,25.5154,0.74053,"[10, 10, 10]",-0.5,0.8,0.0
1hop_sort,30,500,20.395,4.991779,2.234229,1.07017,32.10506,20.905,23.86084,0.69685,"[10, 10, 10]",-0.5,0.8,0.0
monterCarlo_CELF,30,500,22.437,5.577269,2.361624,1.12971,33.89142,23.159,26.18684,0.77195,"[10, 10, 10]",-0.5,0.8,0.0
