method,seed_num,num_sims,E_activated_users,variance,std_deviation,avg_steps,total_steps,E_redemptions,comprehensive_score,usage_rate,random_dirichlet,degree_exponent_succ,degree_exponent_dis,degree_exponent_tran
random,190,500,87.719,36.918447,6.076055,1.07317,203.90176,89.327,108.91335,0.47014,"[10, 10, 10]",-0.5,0.8,0.0
degreeTopM,190,500,71.588,37.597231,6.131658,1.07194,203.66896,73.503,92.91223,0.38686,"[10, 10, 10]",-0.5,0.8,0.0
pageRank,190,500,73.313,39.822275,6.310489,1.07287,203.8455,75.355,94.71856,0.39661,"[10, 10, 10]",-0.5,0.8,0.0
alpha_sort,190,500,113.154,37.777402,6.146332,1.07652,204.53808,115.1,134.5811,0.60579,"[10, 10, 10]",-0.5,0.8,0.0
ris_optimized,190,500,115.652,36.058896,6.004906,1.11464,211.782,117.714,137.8612,0.61955,"[10, 10, 10]",-0.5,0.8,0.0
1hop_sort,190,500,109.459,35.223216,5.934915,1.07491,204.2335,112.574,131.43985,0.5925,"[10, 10, 10]",-0.5,0.8,0.0
monterCarlo_CELF,190,500,115.203,37.268919,6.104828,1.13607,215.85406,117.395,137.88432,0.61787,"[10, 10, 10]",-0.5,0.8,0.0
