method,seed_num,num_sims,E_activated_users,variance,std_deviation,avg_steps,total_steps,E_redemptions,comprehensive_score,usage_rate,random_dirichlet,degree_exponent_succ,degree_exponent_dis,degree_exponent_tran
random,180,500,85.356,36.348834,6.028999,1.07967,194.34144,86.772,105.49836,0.48207,"[10, 10, 10]",-0.5,0.8,0.0
degreeTopM,180,500,69.384,35.153059,5.929002,1.06823,192.28116,71.169,89.50462,0.39538,"[10, 10, 10]",-0.5,0.8,0.0
pageRank,180,500,70.864,35.371126,5.947363,1.06781,192.2055,72.682,90.99376,0.40379,"[10, 10, 10]",-0.5,0.8,0.0
alpha_sort,180,500,109.011,32.76221,5.723828,1.07191,192.94464,111.075,129.33708,0.61708,"[10, 10, 10]",-0.5,0.8,0.0
ris_optimized,180,500,111.506,37.441964,6.118984,1.11472,200.65,113.326,132.481,0.62959,"[10, 10, 10]",-0.5,0.8,0.0
1hop_sort,180,500,105.437,29.990996,5.476404,1.07284,193.11148,108.498,126.27887,0.60277,"[10, 10, 10]",-0.5,0.8,0.0
monterCarlo_CELF,180,500,112.381,35.947233,5.995601,1.10918,199.65294,114.73,133.52075,0.63739,"[10, 10, 10]",-0.5,0.8,0.0
