method,seed_num,num_sims,E_activated_users,variance,std_deviation,avg_steps,total_steps,E_redemptions,comprehensive_score,usage_rate,random_dirichlet,degree_exponent_succ,degree_exponent_dis,degree_exponent_tran
random,230,500,110.192,46.755203,6.837778,1.09123,250.98362,113.057,136.72305,0.49155,"[10, 10, 10]",-0.5,0.8,0.0
degreeTopM,230,500,93.811,43.150668,6.568917,1.07552,247.3694,96.806,120.04526,0.4209,"[10, 10, 10]",-0.5,0.8,0.0
pageRank,230,500,95.159,47.940357,6.923898,1.07313,246.82038,98.362,121.44245,0.42766,"[10, 10, 10]",-0.5,0.8,0.0
alpha_sort,230,500,133.21,46.726129,6.835651,1.0781,247.96304,136.304,159.55355,0.59263,"[10, 10, 10]",-0.5,0.8,0.0
ris_optimized,230,500,137.082,49.151276,7.010797,1.12362,258.432,140.37,164.5692,0.6103,"[10, 10, 10]",-0.5,0.8,0.0
1hop_sort,230,500,129.474,43.583914,6.601811,1.07861,248.08138,133.874,156.48176,0.58206,"[10, 10, 10]",-0.5,0.8,0.0
monterCarlo_CELF,230,500,139.469,47.051724,6.859426,1.12051,257.7173,141.521,166.26662,0.61531,"[10, 10, 10]",-0.5,0.8,0.0
