method,seed_num,num_sims,E_activated_users,variance,std_deviation,avg_steps,total_steps,E_redemptions,comprehensive_score,usage_rate,random_dirichlet,degree_exponent_succ,degree_exponent_dis,degree_exponent_tran
random,20,500,9.51,4.186614,2.046122,1.08029,21.60578,9.51,11.67046,0.47549,"[10, 10, 10]",-0.5,0.8,0.0
degreeTopM,20,500,4.462,3.05228,1.747077,1.0348,20.69592,4.468,6.5345,0.22339,"[10, 10, 10]",-0.5,0.8,0.0
pageRank,20,500,4.629,3.022186,1.738444,1.03441,20.68816,4.635,6.70057,0.23173,"[10, 10, 10]",-0.5,0.8,0.0
alpha_sort,20,500,15.309,3.318061,1.821555,1.04294,20.85888,15.318,17.39928,0.76591,"[10, 10, 10]",-0.5,0.8,0.0
ris_optimized,20,500,15.124,3.652624,1.911184,1.0958,21.916,15.136,17.3216,0.7568,"[10, 10, 10]",-0.5,0.8,0.0
1hop_sort,20,500,14.486,3.565676,1.8883,1.05963,21.19256,14.678,16.70127,0.7339,"[10, 10, 10]",-0.5,0.8,0.0
monterCarlo_CELF,20,500,15.387,3.525905,1.877739,1.09916,21.98322,15.75,17.76691,0.78752,"[10, 10, 10]",-0.5,0.8,0.0
