method,seed_num,num_sims,E_activated_users,variance,std_deviation,avg_steps,total_steps,E_redemptions,comprehensive_score,usage_rate,random_dirichlet,degree_exponent_succ,degree_exponent_dis,degree_exponent_tran
random,90,500,45.206,17.443518,4.176544,1.06706,96.03582,45.588,55.00055,0.50653,"[10, 10, 10]",-0.5,0.8,0.0
degreeTopM,90,500,31.672,17.277649,4.156639,1.05415,94.87376,32.086,41.36643,0.35651,"[10, 10, 10]",-0.5,0.8,0.0
pageRank,90,500,31.471,17.872268,4.22756,1.05639,95.07552,31.847,41.16641,0.35386,"[10, 10, 10]",-0.5,0.8,0.0
alpha_sort,90,500,60.615,15.236841,3.90344,1.06152,95.53724,61.267,70.49494,0.68075,"[10, 10, 10]",-0.5,0.8,0.0
ris_optimized,90,500,61.932,17.639376,4.199926,1.1078,99.702,62.296,72.0842,0.69218,"[10, 10, 10]",-0.5,0.8,0.0
1hop_sort,90,500,58.891,15.262392,3.906711,1.0706,96.35398,60.206,69.1837,0.66896,"[10, 10, 10]",-0.5,0.8,0.0
monterCarlo_CELF,90,500,62.126,18.057483,4.24941,1.11729,100.55574,62.513,72.37512,0.69458,"[10, 10, 10]",-0.5,0.8,0.0
