method,seed_num,num_sims,E_activated_users,variance,std_deviation,avg_steps,total_steps,E_redemptions,comprehensive_score,usage_rate,random_dirichlet,degree_exponent_succ,degree_exponent_dis,degree_exponent_tran
random,240,500,113.762,42.398459,6.51141,1.0833,259.99298,116.604,141.18195,0.48585,"[10, 10, 10]",-0.5,0.8,0.0
degreeTopM,240,500,98.323,42.234653,6.498819,1.07099,257.03642,101.315,125.52246,0.42214,"[10, 10, 10]",-0.5,0.8,0.0
pageRank,240,500,99.386,50.797686,7.12725,1.0725,257.3992,102.713,126.78967,0.42797,"[10, 10, 10]",-0.5,0.8,0.0
alpha_sort,240,500,135.462,42.049664,6.484571,1.07554,258.13058,138.958,163.02344,0.57899,"[10, 10, 10]",-0.5,0.8,0.0
ris_optimized,240,500,138.922,50.735916,7.122915,1.11626,267.902,142.234,167.3682,0.59264,"[10, 10, 10]",-0.5,0.8,0.0
1hop_sort,240,500,132.281,47.994948,6.927839,1.07647,258.35174,136.477,160.21412,0.56865,"[10, 10, 10]",-0.5,0.8,0.0
monterCarlo_CELF,240,500,139.761,52.765241,7.263969,1.12891,270.93936,142.061,168.00508,0.59192,"[10, 10, 10]",-0.5,0.8,0.0
