method,seed_num,num_sims,E_activated_users,variance,std_deviation,avg_steps,total_steps,E_redemptions,comprehensive_score,usage_rate,random_dirichlet,degree_exponent_succ,degree_exponent_dis,degree_exponent_tran
random,150,500,72.007,31.135551,5.579924,1.08627,162.9406,73.031,88.8132,0.48688,"[10, 10, 10]",-0.5,0.8,0.0
degreeTopM,150,500,55.162,27.401432,5.234638,1.07415,161.12282,56.57,71.97846,0.37714,"[10, 10, 10]",-0.5,0.8,0.0
pageRank,150,500,56.175,30.312275,5.505658,1.06805,160.20714,57.535,72.87532,0.38356,"[10, 10, 10]",-0.5,0.8,0.0
alpha_sort,150,500,92.852,28.106399,5.301547,1.07031,160.54664,93.97,109.46566,0.62646,"[10, 10, 10]",-0.5,0.8,0.0
ris_optimized,150,500,94.28,31.4096,5.604427,1.12109,168.164,95.334,111.6234,0.63556,"[10, 10, 10]",-0.5,0.8,0.0
1hop_sort,150,500,88.276,28.217557,5.31202,1.07608,161.41188,90.815,105.68674,0.60544,"[10, 10, 10]",-0.5,0.8,0.0
monterCarlo_CELF,150,500,95.693,31.244263,5.589657,1.11702,167.5524,96.445,112.82435,0.64297,"[10, 10, 10]",-0.5,0.8,0.0
