method,seed_num,num_sims,E_activated_users,variance,std_deviation,avg_steps,total_steps,E_redemptions,comprehensive_score,usage_rate,random_dirichlet,degree_exponent_succ,degree_exponent_dis,degree_exponent_tran
random,260,500,124.395,48.982723,6.998766,1.08531,282.18076,127.995,154.41314,0.49229,"[10, 10, 10]",-0.5,0.8,0.0
degreeTopM,260,500,109.866,49.508562,7.036232,1.0784,280.38432,113.632,139.78728,0.43704,"[10, 10, 10]",-0.5,0.8,0.0
pageRank,260,500,110.557,47.371891,6.882724,1.08045,280.91782,114.741,140.74079,0.44131,"[10, 10, 10]",-0.5,0.8,0.0
alpha_sort,260,500,144.416,48.290823,6.94916,1.08342,281.688,148.493,174.62328,0.57113,"[10, 10, 10]",-0.5,0.8,0.0
ris_optimized,260,500,148.554,53.787084,7.333968,1.12442,292.348,152.766,179.8948,0.58756,"[10, 10, 10]",-0.5,0.8,0.0
1hop_sort,260,500,141.323,50.15784,7.08222,1.08328,281.65308,146.363,172.00855,0.56294,"[10, 10, 10]",-0.5,0.8,0.0
monterCarlo_CELF,260,500,151.165,55.220139,7.431025,1.14176,296.8576,155.212,182.87392,0.59697,"[10, 10, 10]",-0.5,0.8,0.0
