method,seed_num,num_sims,E_activated_users,variance,std_deviation,avg_steps,total_steps,E_redemptions,comprehensive_score,usage_rate,random_dirichlet,degree_exponent_succ,degree_exponent_dis,degree_exponent_tran
random,110,500,52.836,21.329356,4.618372,1.08897,119.78724,53.358,65.07555,0.48507,"[10, 10, 10]",-0.5,0.8,0.0
degreeTopM,110,500,36.769,21.09231,4.592636,1.05735,116.30882,37.384,48.70719,0.33985,"[10, 10, 10]",-0.5,0.8,0.0
pageRank,110,500,38.003,20.84876,4.566044,1.05661,116.22734,38.534,49.89117,0.35031,"[10, 10, 10]",-0.5,0.8,0.0
alpha_sort,110,500,70.884,21.800864,4.66914,1.07277,118.00438,71.669,83.07701,0.65154,"[10, 10, 10]",-0.5,0.8,0.0
ris_optimized,110,500,72.33,20.8251,4.563453,1.10951,122.046,72.746,84.7426,0.66133,"[10, 10, 10]",-0.5,0.8,0.0
1hop_sort,110,500,67.502,22.316172,4.724,1.07014,117.71532,69.299,80.17205,0.62999,"[10, 10, 10]",-0.5,0.8,0.0
monterCarlo_CELF,110,500,72.123,19.978414,4.469722,1.12917,124.20903,72.865,84.91459,0.66241,"[10, 10, 10]",-0.5,0.8,0.0
