method,seed_num,num_sims,E_activated_users,variance,std_deviation,avg_steps,total_steps,E_redemptions,comprehensive_score,usage_rate,random_dirichlet,degree_exponent_succ,degree_exponent_dis,degree_exponent_tran
random,140,500,65.417,26.426494,5.140671,1.08607,152.04944,66.497,81.16203,0.47498,"[10, 10, 10]",-0.5,0.8,0.0
degreeTopM,140,500,49.866,28.48437,5.337075,1.06681,149.35284,50.952,65.34424,0.36394,"[10, 10, 10]",-0.5,0.8,0.0
pageRank,140,500,51.515,27.595031,5.253097,1.06254,148.75532,52.394,66.8297,0.37424,"[10, 10, 10]",-0.5,0.8,0.0
alpha_sort,140,500,88.123,27.369742,5.23161,1.0707,149.89798,89.151,103.62646,0.63679,"[10, 10, 10]",-0.5,0.8,0.0
ris_optimized,140,500,89.832,29.579776,5.438729,1.12059,156.882,90.714,105.9612,0.64796,"[10, 10, 10]",-0.5,0.8,0.0
1hop_sort,140,500,84.149,25.907207,5.089912,1.07524,150.5343,86.396,100.32613,0.61711,"[10, 10, 10]",-0.5,0.8,0.0
monterCarlo_CELF,140,500,90.954,28.283152,5.318191,1.1293,158.10214,91.606,107.09013,0.65433,"[10, 10, 10]",-0.5,0.8,0.0
