method,seed_num,num_sims,E_activated_users,variance,std_deviation,avg_steps,total_steps,E_redemptions,comprehensive_score,usage_rate,random_dirichlet,degree_exponent_succ,degree_exponent_dis,degree_exponent_tran
random,200,500,93.844,34.916313,5.909003,1.09011,218.02108,95.91,116.67878,0.47955,"[10, 10, 10]",-0.5,0.8,0.0
degreeTopM,200,500,77.501,38.787281,6.227944,1.07959,215.91812,80.07,100.37715,0.40035,"[10, 10, 10]",-0.5,0.8,0.0
pageRank,200,500,79.212,37.639534,6.135107,1.0836,216.71934,81.938,102.24692,0.40969,"[10, 10, 10]",-0.5,0.8,0.0
alpha_sort,200,500,115.995,35.196506,5.932664,1.0824,216.48072,118.425,138.85802,0.59213,"[10, 10, 10]",-0.5,0.8,0.0
ris_optimized,200,500,118.614,41.273004,6.424407,1.12197,224.394,120.752,142.1224,0.60376,"[10, 10, 10]",-0.5,0.8,0.0
1hop_sort,200,500,111.932,37.597201,6.131656,1.07566,215.13242,115.525,135.24186,0.57763,"[10, 10, 10]",-0.5,0.8,0.0
monterCarlo_CELF,200,500,120.896,42.250652,6.50005,1.13452,226.9048,121.047,143.66192,0.60524,"[10, 10, 10]",-0.5,0.8,0.0
