method,seed_num,num_sims,E_activated_users,variance,std_deviation,avg_steps,total_steps,E_redemptions,comprehensive_score,usage_rate,random_dirichlet,degree_exponent_succ,degree_exponent_dis,degree_exponent_tran
random,220,500,102.752,38.566644,6.210205,1.09116,240.0556,105.392,128.07783,0.47906,"[10, 10, 10]",-0.5,0.8,0.0
degreeTopM,220,500,85.434,43.671143,6.608415,1.07075,235.5645,87.989,110.26766,0.39995,"[10, 10, 10]",-0.5,0.8,0.0
pageRank,220,500,86.479,46.505191,6.819471,1.07563,236.63926,89.459,111.63323,0.40663,"[10, 10, 10]",-0.5,0.8,0.0
alpha_sort,220,500,125.252,40.219828,6.34191,1.08492,238.68208,128.056,150.52208,0.58207,"[10, 10, 10]",-0.5,0.8,0.0
ris_optimized,220,500,128.232,48.970176,6.997869,1.12505,247.512,130.952,154.3432,0.59524,"[10, 10, 10]",-0.5,0.8,0.0
1hop_sort,220,500,120.406,42.495843,6.518884,1.0797,237.5336,124.331,146.12177,0.56514,"[10, 10, 10]",-0.5,0.8,0.0
monterCarlo_CELF,220,500,128.86,47.820352,6.915226,1.11892,246.16152,133.141,155.61653,0.60519,"[10, 10, 10]",-0.5,0.8,0.0
