method,seed_num,num_sims,E_activated_users,variance,std_deviation,avg_steps,total_steps,E_redemptions,comprehensive_score,usage_rate,random_dirichlet,degree_exponent_succ,degree_exponent_dis,degree_exponent_tran
random,270,500,126.451,53.652899,7.324814,1.07834,291.15132,130.009,157.34525,0.48152,"[10, 10, 10]",-0.5,0.8,0.0
degreeTopM,270,500,112.619,48.783403,6.984512,1.06889,288.60022,116.373,143.35591,0.43101,"[10, 10, 10]",-0.5,0.8,0.0
pageRank,270,500,112.918,50.765225,7.124972,1.07043,289.01538,116.957,143.83878,0.43317,"[10, 10, 10]",-0.5,0.8,0.0
alpha_sort,270,500,145.609,52.114057,7.219007,1.07975,291.5335,149.527,176.72139,0.55381,"[10, 10, 10]",-0.5,0.8,0.0
ris_optimized,270,500,150.558,50.050636,7.074647,1.11896,302.118,154.558,182.7698,0.57244,"[10, 10, 10]",-0.5,0.8,0.0
1hop_sort,270,500,143.335,50.934846,7.136865,1.07871,291.2522,148.199,174.89197,0.54888,"[10, 10, 10]",-0.5,0.8,0.0
monterCarlo_CELF,270,500,150.066,50.111066,7.078917,1.13567,306.63036,156.764,184.07783,0.58061,"[10, 10, 10]",-0.5,0.8,0.0
