method,seed_num,num_sims,E_activated_users,variance,std_deviation,avg_steps,total_steps,E_redemptions,comprehensive_score,usage_rate,random_dirichlet,degree_exponent_succ,degree_exponent_dis,degree_exponent_tran
random,170,500,78.634,29.628606,5.443217,1.07769,183.20778,79.775,97.52516,0.46926,"[10, 10, 10]",-0.5,0.8,0.0
degreeTopM,170,500,62.061,32.761762,5.723789,1.07009,181.91574,63.694,81.06891,0.37467,"[10, 10, 10]",-0.5,0.8,0.0
pageRank,170,500,63.347,29.059098,5.390649,1.07494,182.74024,64.903,82.39878,0.38178,"[10, 10, 10]",-0.5,0.8,0.0
alpha_sort,170,500,103.204,32.193067,5.673893,1.07897,183.42506,104.989,122.43903,0.61758,"[10, 10, 10]",-0.5,0.8,0.0
ris_optimized,170,500,105.824,32.513024,5.702019,1.12498,191.246,107.44,125.7566,0.632,"[10, 10, 10]",-0.5,0.8,0.0
1hop_sort,170,500,99.679,31.999403,5.656801,1.08351,184.19718,102.409,119.46365,0.6024,"[10, 10, 10]",-0.5,0.8,0.0
monterCarlo_CELF,170,500,107.756,31.974131,5.654567,1.14464,194.58897,110.384,128.52891,0.64932,"[10, 10, 10]",-0.5,0.8,0.0
