method,seed_num,num_sims,E_activated_users,variance,std_deviation,avg_steps,total_steps,E_redemptions,comprehensive_score,usage_rate,random_dirichlet,degree_exponent_succ,degree_exponent_dis,degree_exponent_tran
random,40,500,17.479,8.79892,2.966297,1.08111,43.24454,17.528,21.8281,0.4382,"[10, 10, 10]",-0.5,0.8,0.0
degreeTopM,40,500,11.147,6.964482,2.63903,1.05808,42.32304,11.211,15.41155,0.28028,"[10, 10, 10]",-0.5,0.8,0.0
pageRank,40,500,11.557,7.348997,2.710903,1.06487,42.59464,11.624,15.84999,0.29061,"[10, 10, 10]",-0.5,0.8,0.0
alpha_sort,40,500,28.929,6.128104,2.475501,1.05444,42.17754,28.947,33.15576,0.72367,"[10, 10, 10]",-0.5,0.8,0.0
ris_optimized,40,500,28.738,7.189356,2.681297,1.12,44.8,28.756,33.227,0.7189,"[10, 10, 10]",-0.5,0.8,0.0
1hop_sort,40,500,27.193,6.556985,2.560661,1.06758,42.70328,27.874,31.80378,0.69685,"[10, 10, 10]",-0.5,0.8,0.0
monterCarlo_CELF,40,500,28.707,7.308583,2.703439,1.13628,45.4512,28.897,33.34686,0.72242,"[10, 10, 10]",-0.5,0.8,0.0
