method,seed_num,num_sims,E_activated_users,variance,std_deviation,avg_steps,total_steps,E_redemptions,comprehensive_score,usage_rate,random_dirichlet,degree_exponent_succ,degree_exponent_dis,degree_exponent_tran
random,300,500,138.08,60.213366,7.759727,1.08394,325.18086,142.134,172.62489,0.47378,"[10, 10, 10]",-0.5,0.8,0.0
degreeTopM,300,500,130.382,59.636692,7.72248,1.07493,322.47844,134.846,164.86139,0.44949,"[10, 10, 10]",-0.5,0.8,0.0
pageRank,300,500,129.67,53.881203,7.340382,1.07454,322.36204,134.324,164.23283,0.44775,"[10, 10, 10]",-0.5,0.8,0.0
alpha_sort,300,500,155.183,63.741907,7.983853,1.08154,324.46112,159.643,189.85868,0.53214,"[10, 10, 10]",-0.5,0.8,0.0
ris_optimized,300,500,159.564,62.881904,7.929811,1.11999,335.996,164.02,195.3916,0.54673,"[10, 10, 10]",-0.5,0.8,0.0
1hop_sort,300,500,151.471,59.332838,7.702781,1.0788,323.6405,156.826,186.51257,0.52275,"[10, 10, 10]",-0.5,0.8,0.0
monterCarlo_CELF,300,500,160.069,61.937449,7.870035,1.13854,341.562,166.841,197.61142,0.55614,"[10, 10, 10]",-0.5,0.8,0.0
