method,seed_num,num_sims,E_activated_users,variance,std_deviation,avg_steps,total_steps,E_redemptions,comprehensive_score,usage_rate,random_dirichlet,degree_exponent_succ,degree_exponent_dis,degree_exponent_tran
random,70,500,31.42,14.300114,3.781549,1.08665,76.06546,31.707,39.17035,0.45296,"[10, 10, 10]",-0.5,0.8,0.0
degreeTopM,70,500,21.875,13.032684,3.610081,1.05517,73.86162,22.141,29.39449,0.3163,"[10, 10, 10]",-0.5,0.8,0.0
pageRank,70,500,23.389,12.035481,3.469219,1.04804,73.36304,23.573,30.81709,0.33676,"[10, 10, 10]",-0.5,0.8,0.0
alpha_sort,70,500,47.357,12.516149,3.537817,1.07404,75.18276,47.58,54.98717,0.67972,"[10, 10, 10]",-0.5,0.8,0.0
ris_optimized,70,500,47.982,13.105676,3.620176,1.13611,79.528,48.196,56.0418,0.68851,"[10, 10, 10]",-0.5,0.8,0.0
1hop_sort,70,500,44.661,12.77388,3.574057,1.06977,74.884,45.503,52.57012,0.65004,"[10, 10, 10]",-0.5,0.8,0.0
monterCarlo_CELF,70,500,48.376,13.011876,3.607198,1.13615,79.53078,48.79,56.53584,0.697,"[10, 10, 10]",-0.5,0.8,0.0
