method,seed_num,num_sims,E_activated_users,variance,std_deviation,avg_steps,total_steps,E_redemptions,comprehensive_score,usage_rate,random_dirichlet,degree_exponent_succ,degree_exponent_dis,degree_exponent_tran
random,250,500,119.481,51.430557,7.17151,1.07692,269.22932,122.984,148.15547,0.49194,"[10, 10, 10]",-0.5,0.8,0.0
degreeTopM,250,500,101.476,49.232596,7.016594,1.07059,267.64822,104.589,129.79725,0.41836,"[10, 10, 10]",-0.5,0.8,0.0
pageRank,250,500,102.888,48.333186,6.952207,1.06981,267.45228,106.463,131.42084,0.42585,"[10, 10, 10]",-0.5,0.8,0.0
alpha_sort,250,500,136.786,46.589364,6.82564,1.08065,270.16246,140.072,165.44495,0.56029,"[10, 10, 10]",-0.5,0.8,0.0
ris_optimized,250,500,140.498,49.929996,7.066116,1.11776,279.44,143.74,170.063,0.57496,"[10, 10, 10]",-0.5,0.8,0.0
1hop_sort,250,500,132.987,49.583548,7.041559,1.07577,268.9422,137.336,162.05596,0.54935,"[10, 10, 10]",-0.5,0.8,0.0
monterCarlo_CELF,250,500,143.281,51.642574,7.186277,1.12308,280.771,143.334,171.38478,0.57334,"[10, 10, 10]",-0.5,0.8,0.0
