method,seed_num,num_sims,E_activated_users,variance,std_deviation,avg_steps,total_steps,E_redemptions,comprehensive_score,usage_rate,random_dirichlet,degree_exponent_succ,degree_exponent_dis,degree_exponent_tran
random,210,500,99.627,39.780063,6.307144,1.08651,228.16728,101.943,123.60167,0.48544,"[10, 10, 10]",-0.5,0.8,0.0
degreeTopM,210,500,82.429,39.778915,6.307053,1.07026,224.75482,84.972,106.17581,0.40463,"[10, 10, 10]",-0.5,0.8,0.0
pageRank,210,500,83.721,40.336289,6.351086,1.07122,224.95658,86.413,107.56272,0.41149,"[10, 10, 10]",-0.5,0.8,0.0
alpha_sort,210,500,121.025,42.824288,6.544027,1.0878,228.43888,123.797,145.25498,0.58951,"[10, 10, 10]",-0.5,0.8,0.0
ris_optimized,210,500,123.922,39.431916,6.279484,1.13267,237.86,126.352,148.923,0.60168,"[10, 10, 10]",-0.5,0.8,0.0
1hop_sort,210,500,116.897,39.47062,6.282565,1.09049,229.00342,121.029,141.86308,0.57633,"[10, 10, 10]",-0.5,0.8,0.0
monterCarlo_CELF,210,500,126.004,40.314728,6.349388,1.12498,236.2458,128.505,150.87918,0.61193,"[10, 10, 10]",-0.5,0.8,0.0
