method,seed_num,num_sims,E_activated_users,variance,std_deviation,avg_steps,total_steps,E_redemptions,comprehensive_score,usage_rate,random_dirichlet,degree_exponent_succ,degree_exponent_dis,degree_exponent_tran
random,130,500,63.081,23.75488,4.873898,1.07924,140.3008,64.01,77.57575,0.49239,"[10, 10, 10]",-0.5,0.8,0.0
degreeTopM,130,500,45.225,22.708268,4.765319,1.0659,138.56644,46.116,59.52715,0.35474,"[10, 10, 10]",-0.5,0.8,0.0
pageRank,130,500,45.703,24.763118,4.976255,1.06518,138.47332,46.539,59.96792,0.35799,"[10, 10, 10]",-0.5,0.8,0.0
alpha_sort,130,500,83.618,24.130683,4.912299,1.08022,140.42884,84.718,98.21075,0.65168,"[10, 10, 10]",-0.5,0.8,0.0
ris_optimized,130,500,84.974,25.561324,5.055821,1.13446,147.48,85.8,100.135,0.66,"[10, 10, 10]",-0.5,0.8,0.0
1hop_sort,130,500,79.177,23.227174,4.819458,1.07649,139.94384,81.338,94.25218,0.62568,"[10, 10, 10]",-0.5,0.8,0.0
monterCarlo_CELF,130,500,85.587,26.835964,5.180344,1.14936,149.41628,85.752,100.61124,0.65963,"[10, 10, 10]",-0.5,0.8,0.0
