method,seed_num,num_sims,E_activated_users,variance,std_deviation,avg_steps,total_steps,E_redemptions,comprehensive_score,usage_rate,random_dirichlet,degree_exponent_succ,degree_exponent_dis,degree_exponent_tran
random,50,500,23.775,10.381797,3.22208,1.0838,54.19002,23.967,29.28973,0.47934,"[10, 10, 10]",-0.5,0.8,0.0
degreeTopM,50,500,14.496,8.751183,2.95824,1.05811,52.90574,14.583,19.8299,0.29166,"[10, 10, 10]",-0.5,0.8,0.0
pageRank,50,500,15.2,8.77775,2.962727,1.05711,52.8553,15.291,20.53102,0.30582,"[10, 10, 10]",-0.5,0.8,0.0
alpha_sort,50,500,35.306,8.027379,2.833263,1.04279,52.13944,35.438,40.58596,0.70876,"[10, 10, 10]",-0.5,0.8,0.0
ris_optimized,50,500,35.602,8.991596,2.998599,1.08896,54.448,35.818,41.1548,0.71636,"[10, 10, 10]",-0.5,0.8,0.0
1hop_sort,50,500,34.191,8.538193,2.922019,1.06056,53.02796,34.623,39.70967,0.69246,"[10, 10, 10]",-0.5,0.8,0.0
monterCarlo_CELF,50,500,35.519,8.913535,2.985554,1.0869,54.345,36.396,41.39213,0.72792,"[10, 10, 10]",-0.5,0.8,0.0
