method,seed_num,num_sims,E_activated_users,variance,std_deviation,avg_steps,total_steps,E_redemptions,comprehensive_score,usage_rate,random_dirichlet,degree_exponent_succ,degree_exponent_dis,degree_exponent_tran
random,280,500,133.709,50.860974,7.131688,1.08882,304.86906,137.585,166.13365,0.49137,"[10, 10, 10]",-0.5,0.8,0.0
degreeTopM,280,500,117.861,55.928944,7.478566,1.08303,303.24722,122.505,150.50772,0.43752,"[10, 10, 10]",-0.5,0.8,0.0
pageRank,280,500,119.085,52.82041,7.267765,1.08376,303.45286,124.032,151.90375,0.44297,"[10, 10, 10]",-0.5,0.8,0.0
alpha_sort,280,500,149.479,54.139006,7.357921,1.08625,304.14932,154.123,182.21605,0.55044,"[10, 10, 10]",-0.5,0.8,0.0
ris_optimized,280,500,153.492,54.553936,7.386064,1.12741,315.674,158.248,187.4374,0.56517,"[10, 10, 10]",-0.5,0.8,0.0
1hop_sort,280,500,147.296,54.337065,7.371368,1.08815,304.68088,152.742,180.48732,0.54551,"[10, 10, 10]",-0.5,0.8,0.0
monterCarlo_CELF,280,500,155.938,57.086657,7.555571,1.12786,315.80108,160.493,189.79552,0.57319,"[10, 10, 10]",-0.5,0.8,0.0
