method,seed_num,num_sims,E_activated_users,variance,std_deviation,avg_steps,total_steps,E_redemptions,comprehensive_score,usage_rate,random_dirichlet,degree_exponent_succ,degree_exponent_dis,degree_exponent_tran
random,60,500,28.848,11.968624,3.45957,1.08423,65.05402,29.001,35.42983,0.48335,"[10, 10, 10]",-0.5,0.8,0.0
degreeTopM,60,500,18.473,11.097035,3.331221,1.05843,63.5059,18.622,24.89796,0.31037,"[10, 10, 10]",-0.5,0.8,0.0
pageRank,60,500,19.567,11.575343,3.402256,1.0615,63.6902,19.699,26.00182,0.32831,"[10, 10, 10]",-0.5,0.8,0.0
alpha_sort,60,500,41.689,10.144328,3.185016,1.06739,64.04328,41.859,48.17835,0.69766,"[10, 10, 10]",-0.5,0.8,0.0
ris_optimized,60,500,42.238,10.761356,3.280451,1.11227,66.736,42.386,48.9856,0.70643,"[10, 10, 10]",-0.5,0.8,0.0
1hop_sort,60,500,39.339,9.998816,3.162091,1.07243,64.34592,40.224,46.21623,0.6704,"[10, 10, 10]",-0.5,0.8,0.0
monterCarlo_CELF,60,500,42.894,10.741404,3.277408,1.12956,67.77372,42.971,49.70967,0.71618,"[10, 10, 10]",-0.5,0.8,0.0
