method,seed_num,num_sims,E_activated_users,variance,std_deviation,avg_steps,total_steps,log_alpha_slope,log_beta_slope,degree_power_h,E_redemptions,comprehensive_score
random,164,600,2.678333333333333,2.581530555555556,1.606714210914796,1.6465853658536589,270.04,0.1,0.6,-0.5,2.7416666666666667,29.71400000000001
degreeTopM,164,600,3.083333333333333,2.713055555555556,1.6471355607707447,1.6455182926829268,269.865,0.1,0.6,-0.5,3.2466666666666666,30.1515
pageRank,164,600,2.8266666666666667,2.373288888888889,1.5405482429605666,1.6332012195121952,267.845,0.1,0.6,-0.5,2.9566666666666666,29.67616666666667
alpha_sort,164,600,4.513333333333334,4.366488888888889,2.089614531172888,1.6327134146341464,267.765,0.1,0.6,-0.5,4.59,31.328166666666664
ris_path_aware,164,600,5.048838666352721,4.4614691765532095,2.0119200337543792,1.7250631097560978,273.34333333333336,0.1,0.6,-0.5,5.380179260427822,32.266000000000005
1hop_sort,164,600,4.776666666666666,4.086788888888889,2.021580789602258,1.6253658536585367,266.56,0.1,0.6,-0.5,5.088333333333333,31.588500000000003
