method,seed_num,num_sims,E_activated_users,variance,std_deviation,avg_steps,total_steps,log_alpha_slope,log_beta_slope,degree_power_h,E_redemptions,comprehensive_score
random,140,600,1.975,2.031041666666667,1.4251461913314951,1.614142857142857,225.98,0.1,0.6,-0.5,1.9833333333333332,24.577166666666667
degreeTopM,140,600,1.8066666666666664,1.5959555555555551,1.2633113454550922,1.5763333333333334,220.68666666666667,0.1,0.6,-0.5,1.8316666666666668,23.887833333333337
pageRank,140,600,1.7466666666666666,1.6358222222222225,1.2789926591744858,1.591202380952381,222.76833333333332,0.1,0.6,-0.5,1.768333333333333,24.034333333333336
alpha_sort,140,600,3.7883333333333336,3.863530555555555,1.9655865678101168,1.5982857142857143,223.76,0.1,0.6,-0.5,3.8133333333333335,26.17683333333333
ris_path_aware,140,600,4.140236193245719,4.125555953268496,1.94155650617402,1.6840928571428573,227.8,0.1,0.6,-0.5,4.3020991872892855,26.793333333333337
1hop_sort,140,600,3.995,4.014975,2.0037402526275705,1.5870595238095238,222.18833333333333,0.1,0.6,-0.5,4.098333333333334,26.265500000000003
