method,seed_num,num_sims,E_activated_users,variance,std_deviation,avg_steps,total_steps,log_alpha_slope,log_beta_slope,degree_power_h,E_redemptions,comprehensive_score
random,200,600,2.8633333333333333,2.7313222222222224,1.6526712383962583,1.6185,323.7,0.1,0.6,-0.5,2.8866666666666667,35.245
degreeTopM,200,600,3.056666666666666,2.816788888888889,1.678329195625485,1.6069416666666667,321.3883333333333,0.1,0.6,-0.5,3.091666666666667,35.212999999999994
pageRank,200,600,3.1083333333333334,2.806597222222222,1.675290190451261,1.6136666666666668,322.7333333333333,0.1,0.6,-0.5,3.16,35.4075
alpha_sort,200,600,4.176666666666667,4.372122222222223,2.090962032707008,1.60095,320.19,0.1,0.6,-0.5,4.2283333333333335,36.2215
ris_path_aware,200,600,4.778872030064419,5.025836812148318,2.1360861145770524,1.6924019403892614,325.775,0.1,0.6,-0.5,4.857925852108294,37.145833333333336
1hop_sort,200,600,4.596666666666667,4.227322222222222,2.056045287006641,1.5890666666666668,317.8133333333334,0.1,0.6,-0.5,4.693333333333333,36.42633333333334
