method,seed_num,num_sims,E_activated_users,variance,std_deviation,avg_steps,total_steps,log_alpha_slope,log_beta_slope,degree_power_h,E_redemptions,comprehensive_score
random,176,600,2.655,2.755975,1.660112947964686,1.616496212121212,284.50333333333333,0.1,0.6,-0.5,2.681666666666666,31.118666666666662
degreeTopM,176,600,2.168333333333333,2.0699972222222223,1.4387484916489826,1.6282386363636363,286.57,0.1,0.6,-0.5,2.183333333333333,30.832833333333333
pageRank,176,600,2.263333333333333,2.167322222222222,1.47218280869674,1.6099810606060607,283.3566666666667,0.1,0.6,-0.5,2.2916666666666665,30.613166666666668
alpha_sort,176,600,4.458333333333333,3.861597222222223,1.9650947107511696,1.597007575757576,281.0733333333334,0.1,0.6,-0.5,4.5,32.58650000000001
ris_path_aware,176,600,4.8195873272551655,4.718613178615653,2.089284167683595,1.7238238636363639,293.1333333333333,0.1,0.6,-0.5,4.958622996177702,34.004999999999995
1hop_sort,176,600,4.626666666666667,4.403955555555556,2.0985603530886494,1.5963636363636362,280.96,0.1,0.6,-0.5,4.678333333333334,32.7485
