method,seed_num,num_sims,E_activated_users,variance,std_deviation,avg_steps,total_steps,log_alpha_slope,log_beta_slope,degree_power_h,E_redemptions,comprehensive_score
random,152,600,2.93,2.7851,1.6688618876348036,1.6318859649122808,248.04666666666668,0.1,0.6,-0.5,2.9683333333333333,27.753833333333336
degreeTopM,152,600,2.82,2.6542666666666666,1.6291920287880943,1.602642543859649,243.60166666666663,0.1,0.6,-0.5,2.89,27.21516666666667
pageRank,152,600,2.661666666666666,2.227197222222222,1.492379717840678,1.604923245614035,243.94833333333327,0.1,0.6,-0.5,2.725,27.088166666666663
alpha_sort,152,600,5.27,4.927099999999999,2.219707187896638,1.6382017543859648,249.00666666666663,0.1,0.6,-0.5,5.3566666666666665,30.214
ris_path_aware,152,600,5.505015326860563,5.193827007704485,2.1589709482889194,1.7539949272180757,254.92333333333332,0.1,0.6,-0.5,5.7013,30.775666666666663
1hop_sort,152,600,5.295,5.341308333333333,2.3111270699235327,1.6035416666666666,243.73833333333332,0.1,0.6,-0.5,5.466666666666667,29.754666666666672
