method,seed_num,num_sims,E_activated_users,variance,std_deviation,avg_steps,total_steps,log_alpha_slope,log_beta_slope,degree_power_h,E_redemptions,comprehensive_score
random,56,600,1.0083333333333333,0.8815972222222221,0.9389340883268762,1.6345833333333333,91.53666666666666,0.1,0.6,-0.5,1.015,10.165333333333333
degreeTopM,56,600,0.6683333333333333,0.6316638888888889,0.7947728536436615,1.5598809523809525,87.35333333333334,0.1,0.6,-0.5,0.67,9.404500000000002
pageRank,56,600,0.6816666666666666,0.6669972222222221,0.8166989789526017,1.575238095238095,88.21333333333332,0.1,0.6,-0.5,0.6816666666666666,9.503
alpha_sort,56,600,3.083333333333333,3.079722222222222,1.7549137364047902,1.5735416666666666,88.11833333333333,0.1,0.6,-0.5,3.0866666666666664,11.896833333333332
ris_path_aware,56,600,3.1779866660349723,2.8601129729798567,1.6127194079841938,1.7316264960212633,92.98166666666668,0.1,0.6,-0.5,3.222391343731033,12.3415
1hop_sort,56,600,3.075,2.699375,1.6429774800647756,1.5872916666666668,88.88833333333334,0.1,0.6,-0.5,3.111666666666667,11.982166666666668
