method,seed_num,num_sims,E_activated_users,variance,std_deviation,avg_steps,total_steps,log_alpha_slope,log_beta_slope,degree_power_h,E_redemptions,comprehensive_score
random,44,600,0.7383333333333333,0.6431972222222222,0.8019957744416252,1.6383333333333334,72.08666666666667,0.1,0.6,-0.5,0.7433333333333333,7.9495
degreeTopM,44,600,0.4633333333333333,0.4486555555555555,0.6698175539320804,1.624280303030303,71.46833333333333,0.1,0.6,-0.5,0.4683333333333333,7.612666666666667
pageRank,44,600,0.505,0.4333083333333333,0.6582615994673647,1.6088636363636362,70.78999999999999,0.1,0.6,-0.5,0.51,7.5865
alpha_sort,44,600,3.12,2.7022666666666666,1.643857252521236,1.6282575757575757,71.64333333333333,0.1,0.6,-0.5,3.1416666666666666,10.295166666666669
ris_path_aware,44,600,3.213555924326686,2.9151508761624507,1.619319987594244,1.7630830885236572,73.41666666666666,0.1,0.6,-0.5,3.332923656667008,10.449166666666668
1hop_sort,44,600,2.985,2.7947750000000005,1.6717580566577213,1.626022727272727,71.54499999999999,0.1,0.6,-0.5,3.026666666666667,10.160333333333332
