method,seed_num,num_sims,E_activated_users,variance,std_deviation,avg_steps,total_steps,log_alpha_slope,log_beta_slope,degree_power_h,E_redemptions,comprehensive_score
random,32,600,0.7683333333333333,0.6679972222222221,0.817310970330279,1.54171875,49.335,0.1,0.6,-0.5,0.7766666666666666,5.706
degreeTopM,32,600,0.3166666666666666,0.2997222222222221,0.5474689235218947,1.6068229166666668,51.41833333333334,0.1,0.6,-0.5,0.3166666666666666,5.458500000000001
pageRank,32,600,0.3716666666666666,0.3501972222222222,0.591774638035648,1.6322916666666667,52.23333333333333,0.1,0.6,-0.5,0.3733333333333333,5.595833333333333
alpha_sort,32,600,2.79,2.479233333333333,1.5745581390769072,1.5327083333333331,49.04666666666667,0.1,0.6,-0.5,2.796666666666667,7.698
ris_path_aware,32,600,2.8697165478942646,2.6943798773821444,1.562326434804484,1.626390479509968,49.93333333333333,0.1,0.6,-0.5,2.912546507156785,7.734166666666667
1hop_sort,32,600,2.661666666666666,2.320530555555555,1.5233287746102464,1.5453645833333334,49.45166666666667,0.1,0.6,-0.5,2.7133333333333334,7.632666666666667
