method,seed_num,num_sims,E_activated_users,variance,std_deviation,avg_steps,total_steps,log_alpha_slope,log_beta_slope,degree_power_h,E_redemptions,comprehensive_score
random,128,600,2.111666666666667,1.9925305555555552,1.4115702446408946,1.62390625,207.86,0.1,0.6,-0.5,2.13,22.90683333333333
degreeTopM,128,600,2.025,1.804375,1.3432702632009688,1.6065625,205.64,0.1,0.6,-0.5,2.055,22.604
pageRank,128,600,1.805,1.6903083333333335,1.3001185843350342,1.6099739583333332,206.07666666666665,0.1,0.6,-0.5,1.836666666666667,22.4285
alpha_sort,128,600,4.148333333333333,3.969663888888888,1.9924015380662825,1.6168880208333334,206.96166666666667,0.1,0.6,-0.5,4.213333333333333,24.877
ris_path_aware,128,600,4.664697890285598,4.1772810784493855,1.9394042613361684,1.7262534897435924,211.51,0.1,0.6,-0.5,4.879605503961988,25.659333333333333
1hop_sort,128,600,4.473333333333334,4.119288888888888,2.029603135809779,1.6179296875,207.095,0.1,0.6,-0.5,4.598333333333334,25.24533333333333
