method,seed_num,num_sims,E_activated_users,variance,std_deviation,avg_steps,total_steps,log_alpha_slope,log_beta_slope,degree_power_h,E_redemptions,comprehensive_score
random,92,600,1.975,1.5577083333333333,1.2480818616314129,1.662753623188406,152.97333333333336,0.1,0.6,-0.5,2.0166666666666666,17.293166666666668
degreeTopM,92,600,1.95,1.9408333333333332,1.3931379448329348,1.667228260869565,153.385,0.1,0.6,-0.5,1.985,17.306
pageRank,92,600,1.9883333333333333,1.9315305555555555,1.389795148773932,1.6629891304347826,152.995,0.1,0.6,-0.5,2.0083333333333333,17.297833333333337
alpha_sort,92,600,4.908333333333333,4.479930555555556,2.1165846440800697,1.6790217391304347,154.47,0.1,0.6,-0.5,4.966666666666667,20.384500000000003
ris_path_aware,92,600,5.114091806908939,4.516879071682362,2.0289399257302376,1.7962841714696025,158.95166666666665,0.1,0.6,-0.5,5.22566760567361,20.812666666666665
1hop_sort,92,600,4.96,4.295066666666667,2.072454261658545,1.676123188405797,154.20333333333332,0.1,0.6,-0.5,5.1,20.450333333333333
