method,seed_num,num_sims,E_activated_users,variance,std_deviation,avg_steps,total_steps,log_alpha_slope,log_beta_slope,degree_power_h,E_redemptions,comprehensive_score
random,104,600,1.1866666666666668,1.1618222222222223,1.077878574897109,1.5963141025641026,166.01666666666665,0.1,0.6,-0.5,1.1916666666666669,17.79083333333333
degreeTopM,104,600,1.3966666666666667,1.329322222222222,1.1529623680858894,1.595849358974359,165.96833333333333,0.1,0.6,-0.5,1.4216666666666666,18.006
pageRank,104,600,1.795,1.5563083333333334,1.2475208749088462,1.591746794871795,165.54166666666669,0.1,0.6,-0.5,1.8183333333333331,18.36083333333334
alpha_sort,104,600,3.845,3.5343083333333336,1.8799756204093003,1.5652884615384617,162.79,0.1,0.6,-0.5,3.8966666666666665,20.149833333333333
ris_path_aware,104,600,4.062935215915544,3.7344428041270987,1.8400717075399236,1.6885124804691882,167.67166666666665,0.1,0.6,-0.5,4.164537668112334,20.67883333333333
1hop_sort,104,600,3.7516666666666665,3.189997222222222,1.7860563323205183,1.5518429487179486,161.39166666666665,0.1,0.6,-0.5,3.83,19.93
