method,seed_num,num_sims,E_activated_users,variance,std_deviation,avg_steps,total_steps,log_alpha_slope,log_beta_slope,degree_power_h,E_redemptions,comprehensive_score
random,20,600,0.355,0.3456416666666667,0.5879129754195486,1.6275,32.55,0.1,0.6,-0.5,0.355,3.61
degreeTopM,20,600,0.3083333333333333,0.3099305555555555,0.5567140698379694,1.5528333333333335,31.056666666666672,0.1,0.6,-0.5,0.31,3.414833333333334
pageRank,20,600,0.3883333333333333,0.3608638888888889,0.6007194760359355,1.5919166666666666,31.83833333333333,0.1,0.6,-0.5,0.39,3.573
alpha_sort,20,600,1.856666666666667,1.5494555555555556,1.244771286444042,1.6460833333333331,32.92166666666667,0.1,0.6,-0.5,1.8716666666666664,5.156333333333333
ris_path_aware,20,600,2.0617843594691947,1.7800137253966795,1.274781026948027,1.7260525107648241,33.35,0.1,0.6,-0.5,2.0791252914010263,5.3025
1hop_sort,20,600,1.9016666666666664,1.6219972222222223,1.273576547452968,1.6515833333333334,33.031666666666666,0.1,0.6,-0.5,1.9366666666666668,5.222333333333333
