method,seed_num,num_sims,E_activated_users,variance,std_deviation,avg_steps,total_steps,log_alpha_slope,log_beta_slope,degree_power_h,E_redemptions,comprehensive_score
random,68,600,1.1316666666666666,1.060997222222222,1.0300471941722973,1.6172794117647058,109.975,0.1,0.6,-0.5,1.1366666666666667,12.131666666666668
degreeTopM,68,600,1.1616666666666666,1.1088638888888889,1.0530260627775976,1.6241666666666668,110.44333333333334,0.1,0.6,-0.5,1.1683333333333332,12.209333333333332
pageRank,68,600,1.44,1.2963999999999998,1.1385956261992225,1.6351960784313726,111.19333333333334,0.1,0.6,-0.5,1.46,12.569333333333336
alpha_sort,68,600,3.4883333333333333,3.109863888888889,1.7634806176674835,1.571985294117647,106.895,0.1,0.6,-0.5,3.513333333333333,14.190333333333337
ris_path_aware,68,600,3.62303991798289,3.2791396315925248,1.730567504863329,1.6954605926726922,110.18,0.1,0.6,-0.5,3.6328025633239163,14.485500000000002
1hop_sort,68,600,3.4833333333333334,3.2297222222222226,1.7971427940545577,1.5909313725490195,108.18333333333332,0.1,0.6,-0.5,3.5716666666666668,14.345833333333331
