method,seed_num,num_sims,E_activated_users,variance,std_deviation,avg_steps,total_steps,log_alpha_slope,log_beta_slope,degree_power_h,E_redemptions,comprehensive_score
random,188,600,2.8433333333333333,2.9787888888888894,1.7259168255999155,1.5841489361702126,297.81999999999994,0.1,0.6,-0.5,2.868333333333333,32.63783333333333
degreeTopM,188,600,3.3316666666666666,3.268330555555556,1.8078524706279424,1.5949024822695037,299.84166666666664,0.1,0.6,-0.5,3.385,33.3425
pageRank,188,600,2.9616666666666664,2.9001972222222228,1.7029965420464666,1.5932801418439717,299.53666666666663,0.1,0.6,-0.5,3.0383333333333336,32.95366666666666
alpha_sort,188,600,5.21,4.452566666666667,2.1101105816204675,1.5876241134751774,298.47333333333336,0.1,0.6,-0.5,5.31,35.10733333333334
ris_path_aware,188,600,5.704300842835808,5.722228152747565,2.2657590094466995,1.7139770324849666,305.18833333333333,0.1,0.6,-0.5,5.868293200771996,35.99966666666667
1hop_sort,188,600,5.381666666666667,4.642663888888889,2.154684173815014,1.5808687943262412,297.2033333333333,0.1,0.6,-0.5,5.56,35.19116666666667
