method,seed_num,num_sims,E_activated_users,variance,std_deviation,avg_steps,total_steps,log_alpha_slope,log_beta_slope,degree_power_h,E_redemptions,comprehensive_score
random,80,600,0.91,0.8885666666666666,0.942638141954094,1.6264583333333331,130.11666666666667,0.1,0.6,-0.5,0.92,13.92666666666667
degreeTopM,80,600,1.095,1.0693083333333333,1.0340736595297906,1.6661666666666666,133.29333333333332,0.1,0.6,-0.5,1.105,14.429333333333332
pageRank,80,600,1.0983333333333334,1.0953305555555557,1.046580410458535,1.6323958333333333,130.59166666666667,0.1,0.6,-0.5,1.106666666666667,14.161666666666669
alpha_sort,80,600,3.558333333333333,3.509930555555555,1.8734808660767144,1.6196875,129.575,0.1,0.6,-0.5,3.5766666666666667,16.525
ris_path_aware,80,600,3.5297225483640084,3.26529929469153,1.7283775307752902,1.734534928623186,133.61833333333334,0.1,0.6,-0.5,3.624618350842277,16.771833333333333
1hop_sort,80,600,3.5166666666666666,3.013055555555555,1.7358155303935827,1.6099375000000002,128.79500000000002,0.1,0.6,-0.5,3.5766666666666667,16.426166666666667
