method,seed_num,num_sims,E_activated_users,variance,std_deviation,avg_steps,total_steps,log_alpha_slope,log_beta_slope,degree_power_h,E_redemptions,comprehensive_score
random,116,600,1.99,2.033233333333333,1.425914910972367,1.6479741379310344,191.165,0.1,0.6,-0.5,2.0016666666666665,21.11233333333333
degreeTopM,116,600,1.795,1.5596416666666668,1.2488561433034098,1.6370545977011497,189.8983333333333,0.1,0.6,-0.5,1.8233333333333333,20.799
pageRank,116,600,1.856666666666667,1.6161222222222222,1.271267958465965,1.6261494252873565,188.63333333333333,0.1,0.6,-0.5,1.8766666666666667,20.73
alpha_sort,116,600,4.461666666666667,4.241863888888889,2.0595785707005425,1.61757183908046,187.63833333333332,0.1,0.6,-0.5,4.491666666666666,23.2405
ris_path_aware,116,600,4.677588287766463,4.674824612489617,2.0492247856743835,1.7672933738954848,194.2416666666667,0.1,0.6,-0.5,4.774722678171083,23.904166666666672
1hop_sort,116,600,4.41,3.8619,1.9651717482194784,1.613649425287356,187.1833333333333,0.1,0.6,-0.5,4.5,23.17333333333333
