method,seed_num,num_sims,E_activated_users,variance,std_deviation,avg_steps,total_steps,E_redemptions,comprehensive_score,usage_rate,random_dirichlet,degree_exponent_succ,degree_exponent_dis,degree_exponent_tran
random,50,500,32.994,8.161963999999998,2.856915119495152,3.28104,164.052,33.112,49.4582,0.66224,"[10, 10, 10]",0.1,0.1,0.1
degreeTopM,50,500,29.576,9.752224,3.1228551039073205,3.04832,152.416,30.192,45.1256,0.60384,"[10, 10, 10]",0.1,0.1,0.1
pageRank,50,500,31.742,8.807436,2.967732467726833,3.2009600000000002,160.048,32.04,47.895799999999994,0.6408,"[10, 10, 10]",0.1,0.1,0.1
alpha_sort,50,500,20.91,10.977900000000002,3.3132914148924484,1.59572,79.786,20.91,28.8886,0.4182,"[10, 10, 10]",0.1,0.1,0.1
ris_optimized,50,500,37.676,8.403023999999998,2.898796991857139,3.7123199999999996,185.61599999999999,37.808,56.3036,0.7561599999999999,"[10, 10, 10]",0.1,0.1,0.1
monterCarlo_CELF,50,500,41.684,6.164144,2.4827694214324456,4.151680000000001,207.58400000000003,41.842,62.5214,0.83684,"[10, 10, 10]",0.1,0.1,0.1
