method,seed_num,num_sims,E_activated_users,variance,std_deviation,avg_steps,total_steps,E_redemptions,comprehensive_score,usage_rate,random_dirichlet,degree_exponent_succ,degree_exponent_dis,degree_exponent_tran
random,90,500,57.67,15.3731,3.920854498703057,3.220822222222222,289.87399999999997,58.154,86.8994,0.6461555555555556,"[10, 10, 10]",0.1,0.1,0.1
degreeTopM,90,500,54.228,15.328016,3.9151010204080303,3.145266666666666,283.07399999999996,55.758,83.3004,0.6195333333333334,"[10, 10, 10]",0.1,0.1,0.1
pageRank,90,500,57.438,16.370155999999998,4.046004943150712,3.2484222222222225,292.358,58.282,87.0958,0.6475777777777777,"[10, 10, 10]",0.1,0.1,0.1
alpha_sort,90,500,37.598,20.788396000000002,4.5594293502586485,1.5823333333333331,142.41,37.668,51.873999999999995,0.4185333333333333,"[10, 10, 10]",0.1,0.1,0.1
ris_optimized,90,500,67.578,15.355916,3.9186625269344133,3.751688888888889,337.652,68.328,101.7182,0.7592,"[10, 10, 10]",0.1,0.1,0.1
monterCarlo_CELF,90,500,72.478,13.589516000000001,3.6863960720465188,4.114066666666666,370.26599999999996,74.148,110.33959999999999,0.8238666666666666,"[10, 10, 10]",0.1,0.1,0.1
