method,seed_num,num_sims,E_activated_users,variance,std_deviation,avg_steps,total_steps,E_redemptions,comprehensive_score,usage_rate,random_dirichlet,degree_exponent_succ,degree_exponent_dis,degree_exponent_tran
random,10,500,6.844,1.7396639999999997,1.3189632292069402,3.3473999999999995,33.474,6.846,10.192400000000001,0.6846,"[10, 10, 10]",0.1,0.1,0.1
degreeTopM,10,500,6.21,2.0818999999999996,1.4428790663115185,3.0774,30.774,6.24,9.3024,0.624,"[10, 10, 10]",0.1,0.1,0.1
pageRank,10,500,6.332,2.1217759999999997,1.4566317310837353,3.107,31.07,6.35,9.448,0.635,"[10, 10, 10]",0.1,0.1,0.1
alpha_sort,10,500,4.316,2.4841439999999997,1.5761167469448447,1.5988000000000002,15.988000000000003,4.318,5.915800000000001,0.43179999999999996,"[10, 10, 10]",0.1,0.1,0.1
ris_optimized,10,500,7.84,1.5544000000000004,1.2467557900406963,3.8698,38.698,7.842,11.710799999999999,0.7842,"[10, 10, 10]",0.1,0.1,0.1
monterCarlo_CELF,10,500,9.066,0.8416440000000002,0.9174115761205546,4.4736,44.736000000000004,9.066,13.5396,0.9066000000000001,"[10, 10, 10]",0.1,0.1,0.1
