method,seed_num,num_sims,E_activated_users,variance,std_deviation,avg_steps,total_steps,E_redemptions,comprehensive_score,usage_rate,random_dirichlet,degree_exponent_succ,degree_exponent_dis,degree_exponent_tran
random,100,500,62.25,17.7915,4.217997155048827,3.2023599999999997,320.236,62.904,94.6006,0.62904,"[10, 10, 10]",0.1,0.1,0.1
degreeTopM,100,500,61.328,20.884415999999998,4.569947045645058,3.19196,319.19599999999997,62.956,94.0616,0.62956,"[10, 10, 10]",0.1,0.1,0.1
pageRank,100,500,64.598,20.004396,4.47262741573675,3.30222,330.22200000000004,65.548,98.0952,0.6554800000000001,"[10, 10, 10]",0.1,0.1,0.1
alpha_sort,100,500,41.698,23.882796000000003,4.887002762430159,1.58402,158.402,41.784,57.581199999999995,0.41784,"[10, 10, 10]",0.1,0.1,0.1
ris_optimized,100,500,76.19,16.1459,4.018196112685393,3.8601,386.01,77.634,115.513,0.77634,"[10, 10, 10]",0.1,0.1,0.1
monterCarlo_CELF,100,500,81.654,13.770284,3.710833329590538,4.18518,418.518,83.12,124.2388,0.8312,"[10, 10, 10]",0.1,0.1,0.1
