method,seed_num,num_sims,E_activated_users,variance,std_deviation,avg_steps,total_steps,E_redemptions,comprehensive_score,usage_rate,random_dirichlet,degree_exponent_succ,degree_exponent_dis,degree_exponent_tran
random,20,500,12.668,4.029776000000001,2.0074301980392746,3.1752000000000002,63.504000000000005,12.676,19.0224,0.6338,"[10, 10, 10]",0.1,0.1,0.1
degreeTopM,20,500,11.552,3.8872960000000005,1.9716226819551455,2.958,59.160000000000004,11.678,17.531,0.5839000000000001,"[10, 10, 10]",0.1,0.1,0.1
pageRank,20,500,12.558,4.170635999999999,2.042213504998926,3.1379,62.758,12.632,18.8708,0.6315999999999999,"[10, 10, 10]",0.1,0.1,0.1
alpha_sort,20,500,8.63,5.317099999999999,2.305883778510964,1.6421,32.842,8.632,11.9152,0.4316,"[10, 10, 10]",0.1,0.1,0.1
ris_optimized,20,500,15.432,3.721376,1.9290868306014635,3.8021000000000003,76.042,15.482,23.0612,0.7741,"[10, 10, 10]",0.1,0.1,0.1
monterCarlo_CELF,20,500,17.86,1.9484,1.395850994913139,4.4509,89.018,17.866,26.7648,0.8933,"[10, 10, 10]",0.1,0.1,0.1
