method,seed_num,num_sims,E_activated_users,variance,std_deviation,avg_steps,total_steps,E_redemptions,comprehensive_score,usage_rate,random_dirichlet,degree_exponent_succ,degree_exponent_dis,degree_exponent_tran
random,70,500,44.904,12.398784,3.5211907077010185,3.2076285714285717,224.53400000000002,45.464,67.6374,0.6494857142857142,"[10, 10, 10]",0.1,0.1,0.1
degreeTopM,70,500,42.088,12.204255999999999,3.4934590308174505,3.121714285714286,218.52,43.024,64.408,0.6146285714285714,"[10, 10, 10]",0.1,0.1,0.1
pageRank,70,500,44.366,13.204044000000001,3.633736919481101,3.227314285714286,225.912,44.844,67.1962,0.6406285714285714,"[10, 10, 10]",0.1,0.1,0.1
alpha_sort,70,500,29.196,17.161583999999998,4.142654221631344,1.5847428571428572,110.932,29.222,40.302200000000006,0.41745714285714286,"[10, 10, 10]",0.1,0.1,0.1
ris_optimized,70,500,52.334,12.378444000000002,3.5183012946591146,3.7604,263.228,53.022,79.0008,0.7574571428571428,"[10, 10, 10]",0.1,0.1,0.1
monterCarlo_CELF,70,500,58.388,10.181456000000003,3.1908393879980865,4.197,293.79,58.684,87.915,0.8383428571428571,"[10, 10, 10]",0.1,0.1,0.1
