method,seed_num,num_sims,E_activated_users,variance,std_deviation,avg_steps,total_steps,E_redemptions,comprehensive_score,usage_rate,random_dirichlet,degree_exponent_succ,degree_exponent_dis,degree_exponent_tran
random,40,500,22.828,7.026416000000001,2.6507387649483682,2.79015,111.60600000000001,22.874,34.0116,0.57185,"[10, 10, 10]",0.1,0.1,0.1
degreeTopM,40,500,23.896,7.693184000000001,2.773658955243056,3.091,123.64000000000001,24.244,36.434000000000005,0.6061,"[10, 10, 10]",0.1,0.1,0.1
pageRank,40,500,25.954,6.815884,2.61072480357467,3.2816,131.264,26.15,39.1784,0.6537499999999999,"[10, 10, 10]",0.1,0.1,0.1
alpha_sort,40,500,16.864,10.109504000000001,3.1795446214827683,1.6018000000000001,64.072,16.87,23.2742,0.42175,"[10, 10, 10]",0.1,0.1,0.1
ris_optimized,40,500,30.438,7.454155999999999,2.730230026939122,3.78725,151.48999999999998,30.556,45.646,0.7639,"[10, 10, 10]",0.1,0.1,0.1
monterCarlo_CELF,40,500,34.418,4.919275999999999,2.217944093073583,4.3128,172.512,34.56,51.7402,0.8640000000000001,"[10, 10, 10]",0.1,0.1,0.1
