method,seed_num,num_sims,E_activated_users,variance,std_deviation,avg_steps,total_steps,E_redemptions,comprehensive_score,usage_rate,random_dirichlet,degree_exponent_succ,degree_exponent_dis,degree_exponent_tran
random,80,500,47.268,13.728176,3.705155327378327,3.0036750000000003,240.29400000000004,48.0,71.66340000000001,0.6,"[10, 10, 10]",0.1,0.1,0.1
degreeTopM,80,500,48.364,15.667504,3.958219801880638,3.128175,250.25400000000002,49.566,73.99040000000001,0.619575,"[10, 10, 10]",0.1,0.1,0.1
pageRank,80,500,50.776,15.305824000000001,3.9122658396382013,3.23595,258.876,51.462,77.00659999999999,0.643275,"[10, 10, 10]",0.1,0.1,0.1
alpha_sort,80,500,33.442,19.082635999999997,4.368367658519598,1.592225,127.378,33.534,46.2258,0.41917499999999996,"[10, 10, 10]",0.1,0.1,0.1
ris_optimized,80,500,61.198,14.258796,3.776082096565169,3.8213000000000004,305.704,61.658,91.9984,0.770725,"[10, 10, 10]",0.1,0.1,0.1
monterCarlo_CELF,80,500,65.954,11.099884,3.3316488410395233,4.178674999999999,334.2939999999999,67.04,99.9264,0.8380000000000001,"[10, 10, 10]",0.1,0.1,0.1
