method,seed_num,num_sims,E_activated_users,variance,std_deviation,avg_steps,total_steps,E_redemptions,comprehensive_score,usage_rate,random_dirichlet,degree_exponent_succ,degree_exponent_dis,degree_exponent_tran
random,60,500,37.968,10.902976,3.3019654752889225,3.174033333333334,190.44200000000004,38.296,57.17620000000001,0.6382666666666666,"[10, 10, 10]",0.1,0.1,0.1
degreeTopM,60,500,36.074,11.076523999999997,3.328141222965155,3.1075999999999997,186.456,36.758,55.0616,0.6126333333333334,"[10, 10, 10]",0.1,0.1,0.1
pageRank,60,500,37.876,10.716624,3.2736255130970617,3.2148000000000003,192.88800000000003,38.28,57.36680000000001,0.638,"[10, 10, 10]",0.1,0.1,0.1
alpha_sort,60,500,24.976,14.679424,3.831373644008112,1.583,94.98,24.988,34.480000000000004,0.41646666666666665,"[10, 10, 10]",0.1,0.1,0.1
ris_optimized,60,500,46.064,9.139904,3.023227414535665,3.8440333333333334,230.642,46.328,69.2602,0.7721333333333333,"[10, 10, 10]",0.1,0.1,0.1
monterCarlo_CELF,60,500,49.858,8.369836,2.893066884812724,4.230899999999999,253.85399999999996,50.874,75.75139999999999,0.8479,"[10, 10, 10]",0.1,0.1,0.1
