method,seed_num,num_sims,E_activated_users,variance,std_deviation,avg_steps,total_steps,E_redemptions,comprehensive_score,usage_rate,random_dirichlet,degree_exponent_succ,degree_exponent_dis,degree_exponent_tran
random,100,600,22.696666666666665,17.28798888888889,4.157882741118235,3.2359500000000003,323.595,22.723333333333333,55.069500000000005,0.22723333333333331,"[10, 10, 10]",-0.5,0.8,0.0
degreeTopM,100,600,9.608333333333333,8.808263888888888,2.9678719461743777,2.414066666666667,241.4066666666667,9.625,33.757333333333335,0.09625,"[10, 10, 10]",-0.5,0.8,0.0
pageRank,100,600,11.096666666666666,9.407322222222222,3.0671358336764647,2.4929,249.29000000000002,11.118333333333334,36.036500000000004,0.11118333333333334,"[10, 10, 10]",-0.5,0.8,0.0
alpha_sort,100,600,46.846666666666664,24.566488888888887,4.956459309717864,2.54175,254.17499999999998,46.86666666666667,72.27416666666667,0.4686666666666667,"[10, 10, 10]",-0.5,0.8,0.0
ris_path_aware,100,600,45.123333333333335,22.66145555555556,4.7604049781038125,4.548383333333333,454.83833333333325,45.30833333333333,90.69966666666667,0.4530833333333333,"[10, 10, 10]",-0.5,0.8,0.0
1hop_sort,100,600,47.46,21.4384,4.630161984207464,2.7485666666666666,274.8566666666667,52.37,77.40066666666667,0.5236999999999999,"[10, 10, 10]",-0.5,0.8,0.0
