method,seed_num,num_sims,E_activated_users,variance,std_deviation,avg_steps,total_steps,E_redemptions,comprehensive_score,usage_rate,random_dirichlet,degree_exponent_succ,degree_exponent_dis,degree_exponent_tran
random,184,500,56.056,35.936864,5.994736357839267,3.056967391304348,562.482,56.184,112.3682,0.3053478260869565,"[10, 10, 10]",-0.5,0.8,0.0
degreeTopM,184,500,27.418,23.615276,4.859555123671302,2.32854347826087,428.45200000000006,27.622,70.3652,0.1501195652173913,"[10, 10, 10]",-0.5,0.8,0.0
pageRank,184,500,29.276,24.155824,4.9148574750444185,2.409608695652174,443.36800000000005,29.418,73.68380000000002,0.1598804347826087,"[10, 10, 10]",-0.5,0.8,0.0
alpha_sort,184,500,97.468,45.136976000000004,6.718405763274499,2.345130434782609,431.5040000000001,97.748,140.75840000000002,0.5312391304347827,"[10, 10, 10]",-0.5,0.8,0.0
ris_optimized,184,500,71.92,42.2536,6.500276917178221,2.789434782608696,513.2560000000001,72.094,123.33260000000001,0.3918152173913043,"[10, 10, 10]",-0.5,0.8,0.0
1hop_sort,184,500,100.016,40.603744,6.372106715992757,2.5617608695652176,471.36400000000003,109.044,151.6664,0.5926304347826087,"[10, 10, 10]",-0.5,0.8,0.0
