method,seed_num,num_sims,E_activated_users,variance,std_deviation,avg_steps,total_steps,E_redemptions,comprehensive_score,usage_rate,random_dirichlet,degree_exponent_succ,degree_exponent_dis,degree_exponent_tran
random,148,500,42.952,30.385695999999992,5.5123221966789995,2.921,432.308,43.128,86.27080000000001,0.2914054054054054,"[10, 10, 10]",-0.5,0.8,0.0
degreeTopM,148,500,20.412,15.554255999999999,3.943888436555983,2.3134324324324327,342.38800000000003,20.518,54.7038,0.13863513513513515,"[10, 10, 10]",-0.5,0.8,0.0
pageRank,148,500,23.216,17.205343999999997,4.147932497039941,2.3706351351351356,350.85400000000004,23.298,58.342400000000005,0.1574189189189189,"[10, 10, 10]",-0.5,0.8,0.0
alpha_sort,148,500,79.522,38.089516,6.171670438382141,2.3230135135135135,343.806,79.712,113.9976,0.5385945945945946,"[10, 10, 10]",-0.5,0.8,0.0
ris_optimized,148,500,59.846,35.730284,5.977481409423203,2.86454054054054,423.95199999999994,59.896,102.2662,0.4047027027027027,"[10, 10, 10]",-0.5,0.8,0.0
1hop_sort,148,500,84.592,34.701536,5.890800964215307,2.5120270270270266,371.7799999999999,87.252,123.1,0.5895405405405405,"[10, 10, 10]",-0.5,0.8,0.0
