method,seed_num,num_sims,E_activated_users,variance,std_deviation,avg_steps,total_steps,E_redemptions,comprehensive_score,usage_rate,random_dirichlet,degree_exponent_succ,degree_exponent_dis,degree_exponent_tran
random,100,500,28.868,19.106576,4.371106953621703,3.1144399999999997,311.44399999999996,28.932,60.044399999999996,0.28931999999999997,"[10, 10, 10]",-0.5,0.8,0.0
degreeTopM,100,500,14.112,12.235455999999997,3.4979216686483987,2.34464,234.464,14.16,37.5824,0.1416,"[10, 10, 10]",-0.5,0.8,0.0
pageRank,100,500,15.806,13.200364,3.6332305184229643,2.41608,241.608,15.87,39.9988,0.15869999999999998,"[10, 10, 10]",-0.5,0.8,0.0
alpha_sort,100,500,55.806,20.844364,4.565562834963505,2.344,234.39999999999998,55.842,79.264,0.55842,"[10, 10, 10]",-0.5,0.8,0.0
ris_optimized,100,500,42.356,23.965263999999998,4.895432973701101,2.89506,289.506,42.542,71.39959999999999,0.42542,"[10, 10, 10]",-0.5,0.8,0.0
1hop_sort,100,500,57.928,20.278816,4.503200639545167,2.45772,245.77200000000002,59.56,83.3212,0.5956,"[10, 10, 10]",-0.5,0.8,0.0
