method,seed_num,num_sims,E_activated_users,variance,std_deviation,avg_steps,total_steps,E_redemptions,comprehensive_score,usage_rate,random_dirichlet,degree_exponent_succ,degree_exponent_dis,degree_exponent_tran
random,160,500,46.654,28.874284,5.373479691968697,3.0085874999999995,481.3739999999999,46.762,94.84539999999998,0.2922625,"[10, 10, 10]",-0.5,0.8,0.0
degreeTopM,160,500,23.664,17.619104,4.197511643819467,2.3461999999999996,375.39199999999994,23.796,61.2692,0.148725,"[10, 10, 10]",-0.5,0.8,0.0
pageRank,160,500,25.612,18.685456,4.322667694838454,2.4306375,388.902,25.73,64.5612,0.1608125,"[10, 10, 10]",-0.5,0.8,0.0
alpha_sort,160,500,86.996,37.371984,6.113262958518961,2.3753125,380.05,87.084,125.04499999999999,0.5442750000000001,"[10, 10, 10]",-0.5,0.8,0.0
ris_optimized,160,500,65.036,33.86270400000001,5.819166950689764,2.8056,448.896,65.162,109.9886,0.4072625,"[10, 10, 10]",-0.5,0.8,0.0
1hop_sort,160,500,91.122,39.32711600000001,6.271133549845675,2.52325,403.72,93.454,132.66,0.5840875,"[10, 10, 10]",-0.5,0.8,0.0
