method,seed_num,num_sims,E_activated_users,variance,std_deviation,avg_steps,total_steps,E_redemptions,comprehensive_score,usage_rate,random_dirichlet,degree_exponent_succ,degree_exponent_dis,degree_exponent_tran
random,136,500,41.812,29.892656000000002,5.467417671991047,3.0341617647058823,412.646,41.866,83.1036,0.30783823529411763,"[10, 10, 10]",-0.5,0.8,0.0
degreeTopM,136,500,18.822,14.930316000000001,3.863976708004333,2.293985294117647,311.98199999999997,18.93,50.0742,0.13919117647058823,"[10, 10, 10]",-0.5,0.8,0.0
pageRank,136,500,21.102,18.847596000000003,4.341381807673682,2.337661764705882,317.92199999999997,21.218,52.9522,0.15601470588235294,"[10, 10, 10]",-0.5,0.8,0.0
alpha_sort,136,500,74.34,33.2204,5.763714080347844,2.2814264705882352,310.274,74.578,105.4864,0.5483676470588236,"[10, 10, 10]",-0.5,0.8,0.0
ris_optimized,136,500,55.202,32.605196,5.710095971172463,2.8255882352941177,384.28000000000003,55.29,93.674,0.40654411764705883,"[10, 10, 10]",-0.5,0.8,0.0
1hop_sort,136,500,79.426,28.968524,5.382241540473634,2.4499558823529415,333.194,81.588,113.8264,0.5999117647058823,"[10, 10, 10]",-0.5,0.8,0.0
