method,seed_num,num_sims,E_activated_users,variance,std_deviation,avg_steps,total_steps,E_redemptions,comprehensive_score,usage_rate,random_dirichlet,degree_exponent_succ,degree_exponent_dis,degree_exponent_tran
random,124,500,37.326,27.207724,5.216102376295925,2.987548387096774,370.45599999999996,37.576,74.4966,0.3030322580645161,"[10, 10, 10]",-0.5,0.8,0.0
degreeTopM,124,500,17.704,13.940384,3.7336823646368207,2.3095645161290324,286.386,17.806,46.393600000000006,0.14359677419354838,"[10, 10, 10]",-0.5,0.8,0.0
pageRank,124,500,19.792,15.036736,3.8777230432303953,2.411032258064516,298.96799999999996,19.864,49.7248,0.1601935483870968,"[10, 10, 10]",-0.5,0.8,0.0
alpha_sort,124,500,67.082,29.451276000000004,5.426902984207476,2.309790322580645,286.414,67.218,95.79140000000001,0.5420806451612904,"[10, 10, 10]",-0.5,0.8,0.0
ris_optimized,124,500,51.372,28.793615999999993,5.36596831895232,2.8440161290322585,352.6580000000001,51.432,86.6678,0.4147741935483871,"[10, 10, 10]",-0.5,0.8,0.0
1hop_sort,124,500,69.15,26.4635,5.144268655503909,2.5359516129032253,314.45799999999997,74.472,103.2568,0.6005806451612903,"[10, 10, 10]",-0.5,0.8,0.0
