method,seed_num,num_sims,E_activated_users,variance,std_deviation,avg_steps,total_steps,E_redemptions,comprehensive_score,usage_rate,random_dirichlet,degree_exponent_succ,degree_exponent_dis,degree_exponent_tran
random,196,500,59.926,38.764523999999994,6.22611628545436,3.0497142857142863,597.7440000000001,60.098,119.78640000000001,0.30662244897959184,"[10, 10, 10]",-0.5,0.8,0.0
degreeTopM,196,500,28.332,25.413776,5.041207791789582,2.302704081632653,451.33,28.584,73.59100000000001,0.14583673469387756,"[10, 10, 10]",-0.5,0.8,0.0
pageRank,196,500,31.318,25.024876,5.002486981492305,2.359938775510204,462.548,31.492,77.6598,0.16067346938775512,"[10, 10, 10]",-0.5,0.8,0.0
alpha_sort,196,500,105.156,49.755664,7.053769488720198,2.3013163265306122,451.058,105.508,150.43779999999998,0.5383061224489796,"[10, 10, 10]",-0.5,0.8,0.0
ris_optimized,196,500,78.934,44.473644,6.668856273754893,2.872683673469388,563.046,79.112,135.32760000000002,0.4036326530612245,"[10, 10, 10]",-0.5,0.8,0.0
1hop_sort,196,500,111.332,42.99377600000001,6.55696393157687,2.4697551020408164,484.072,114.88,161.51319999999998,0.5861224489795918,"[10, 10, 10]",-0.5,0.8,0.0
