method,seed_num,num_sims,E_activated_users,variance,std_deviation,avg_steps,total_steps,E_redemptions,comprehensive_score,usage_rate,random_dirichlet,degree_exponent_succ,degree_exponent_dis,degree_exponent_tran
random,112,500,31.044,22.710064000000003,4.765507737901598,2.970375,332.682,31.078,64.3292,0.27748214285714284,"[10, 10, 10]",-0.5,0.8,0.0
degreeTopM,112,500,14.78,12.471599999999999,3.531515255524178,2.3042857142857147,258.08000000000004,14.83,40.61300000000001,0.1324107142857143,"[10, 10, 10]",-0.5,0.8,0.0
pageRank,112,500,17.038,14.224556,3.7715455717782334,2.3851607142857145,267.13800000000003,17.08,43.772800000000004,0.1525,"[10, 10, 10]",-0.5,0.8,0.0
alpha_sort,112,500,61.666,22.470444,4.74029999050693,2.275964285714285,254.90799999999996,61.808,87.22779999999999,0.5518571428571428,"[10, 10, 10]",-0.5,0.8,0.0
ris_optimized,112,500,47.928,28.098816,5.300831632866677,2.9566428571428567,331.14399999999995,47.982,81.0694,0.42841071428571426,"[10, 10, 10]",-0.5,0.8,0.0
1hop_sort,112,500,65.222,24.236715999999998,4.9230799302875425,2.532625,283.654,68.146,95.04939999999999,0.6084464285714286,"[10, 10, 10]",-0.5,0.8,0.0
