method,seed_num,num_sims,E_activated_users,variance,std_deviation,avg_steps,total_steps,E_redemptions,comprehensive_score,usage_rate,random_dirichlet,degree_exponent_succ,degree_exponent_dis,degree_exponent_tran
random,172,500,49.63,34.2291,5.850564075369143,2.952093023255814,507.76,49.81,100.49600000000001,0.289593023255814,"[10, 10, 10]",-0.5,0.8,0.0
degreeTopM,172,500,23.752,18.758496,4.331107941393287,2.3114069767441863,397.562,23.876,63.57020000000001,0.1388139534883721,"[10, 10, 10]",-0.5,0.8,0.0
pageRank,172,500,25.744,20.834464,4.564478502523591,2.4207558139534884,416.37,25.814,67.416,0.15008139534883722,"[10, 10, 10]",-0.5,0.8,0.0
alpha_sort,172,500,92.614,41.053004,6.407261817656588,2.335906976744186,401.776,92.872,132.9206,0.539953488372093,"[10, 10, 10]",-0.5,0.8,0.0
ris_optimized,172,500,66.816,41.058144,6.40766291248221,2.900790697674419,498.93600000000004,67.036,116.81960000000001,0.3897441860465116,"[10, 10, 10]",-0.5,0.8,0.0
1hop_sort,172,500,98.126,37.814124,6.149318986684623,2.5474767441860466,438.166,101.982,143.8706,0.5929186046511628,"[10, 10, 10]",-0.5,0.8,0.0
