method,seed_num,num_sims,E_activated_users,variance,std_deviation,avg_steps,total_steps,E_redemptions,comprehensive_score,usage_rate,random_dirichlet,degree_exponent_succ,degree_exponent_dis,degree_exponent_tran
random,200,500,125.396,30.940998,5.562463,3.16666,633.3324,127.315,189.68884,0.63658,"[10, 10, 10]",0.1,0.1,0.1
degreeTopM,200,500,140.823,26.163746,5.115051,3.63398,726.79578,145.729,215.95537,0.72864,"[10, 10, 10]",0.1,0.1,0.1
pageRank,200,500,140.304,25.859885,5.085262,3.61623,723.24558,145.098,215.02562,0.72549,"[10, 10, 10]",0.1,0.1,0.1
alpha_sort,200,500,86.206,50.339564,7.095038,1.65697,331.394,86.734,119.6094,0.43367,"[10, 10, 10]",0.1,0.1,0.1
ris_optimized,200,500,157.472,30.725216,5.543033,4.01259,802.518,161.016,239.4958,0.80508,"[10, 10, 10]",0.1,0.1,0.1
monterCarlo_CELF,200,500,160.477,31.453015,5.608299,4.05749,811.498,160.844,241.8103,0.80422,"[10, 10, 10]",0.1,0.1,0.1
