method,seed_num,num_sims,E_activated_users,variance,std_deviation,avg_steps,total_steps,E_redemptions,comprehensive_score,usage_rate,random_dirichlet,degree_exponent_succ,degree_exponent_dis,degree_exponent_tran
random,75,500,49.319,13.058904,3.613711,3.2527,243.95258,49.616,73.86235,0.66154,"[10, 10, 10]",0.1,0.1,0.1
degreeTopM,75,500,53.593,11.284296,3.359211,3.60109,270.08147,54.384,80.99689,0.72512,"[10, 10, 10]",0.1,0.1,0.1
pageRank,75,500,53.215,12.187504,3.491061,3.57525,268.14341,54.008,80.42576,0.7201,"[10, 10, 10]",0.1,0.1,0.1
alpha_sort,75,500,32.954,18.523884,4.303938,1.66621,124.96575,33.084,45.51558,0.44112,"[10, 10, 10]",0.1,0.1,0.1
ris_optimized,75,500,59.468,12.816976,3.58008,3.97171,297.87825,59.96,89.50182,0.79947,"[10, 10, 10]",0.1,0.1,0.1
monterCarlo_CELF,75,500,60.522,12.406721,3.522318,4.04176,303.132,63.422,92.2852,0.84563,"[10, 10, 10]",0.1,0.1,0.1
