method,seed_num,num_sims,E_activated_users,variance,std_deviation,avg_steps,total_steps,E_redemptions,comprehensive_score,usage_rate,random_dirichlet,degree_exponent_succ,degree_exponent_dis,degree_exponent_tran
random,75,500,52.416,14.750944,3.8406957702999596,3.4570133333333333,259.276,52.732,78.5016,0.7030933333333333,"[10, 10, 10]",0.1,0.1,0.1
degreeTopM,75,500,56.96,12.7464,3.5702100778525625,3.82728,287.046,57.8,86.0846,0.7706666666666666,"[10, 10, 10]",0.1,0.1,0.1
pageRank,75,500,56.558,13.766636000000002,3.7103417632342173,3.7998133333333337,284.98600000000005,57.4,85.47760000000001,0.7653333333333333,"[10, 10, 10]",0.1,0.1,0.1
alpha_sort,75,500,32.954,18.523884,4.303938196582288,1.666213333333333,124.96599999999998,33.084,45.515600000000006,0.44112000000000007,"[10, 10, 10]",0.1,0.1,0.1
ris_optimized,75,500,59.468,12.816975999999999,3.5800804460235245,3.971706666666667,297.87800000000004,59.96,89.5018,0.7994666666666667,"[10, 10, 10]",0.1,0.1,0.1
