method,seed_num,num_sims,E_activated_users,variance,std_deviation,avg_steps,total_steps,E_redemptions,comprehensive_score,usage_rate,random_dirichlet,degree_exponent_succ,degree_exponent_dis,degree_exponent_tran
random,150,500,96.726,23.285676,4.825523,3.26061,489.09097,97.959,146.25199,0.65306,"[10, 10, 10]",0.1,0.1,0.1
degreeTopM,150,500,106.324,20.427243,4.519651,3.62668,544.00267,109.304,162.21431,0.7287,"[10, 10, 10]",0.1,0.1,0.1
pageRank,150,500,106.009,21.652293,4.653202,3.61452,542.1781,108.916,161.68072,0.72611,"[10, 10, 10]",0.1,0.1,0.1
alpha_sort,150,500,65.26,37.2364,6.102164,1.66348,249.522,65.58,90.3722,0.4372,"[10, 10, 10]",0.1,0.1,0.1
ris_optimized,150,500,118.388,21.105456,4.594067,3.99101,598.6515,120.398,179.25815,0.80265,"[10, 10, 10]",0.1,0.1,0.1
monterCarlo_CELF,150,500,120.043,20.994359,4.58196,3.9765,596.475,121.601,180.4695,0.81067,"[10, 10, 10]",0.1,0.1,0.1
