method,seed_num,num_sims,E_activated_users,variance,std_deviation,avg_steps,total_steps,E_redemptions,comprehensive_score,usage_rate,random_dirichlet,degree_exponent_succ,degree_exponent_dis,degree_exponent_tran
random,150,500,102.802,26.302795999999997,5.128625156901213,3.4654133333333332,519.812,104.112,155.4382,0.6940799999999999,"[10, 10, 10]",0.1,0.1,0.1
degreeTopM,150,500,113.002,23.073995999999998,4.8035399446658085,3.85448,578.172,116.17,172.4032,0.7744666666666666,"[10, 10, 10]",0.1,0.1,0.1
pageRank,150,500,112.668,24.457776000000003,4.945480360895188,3.84156,576.2339999999999,115.758,171.8364,0.77172,"[10, 10, 10]",0.1,0.1,0.1
alpha_sort,150,500,65.26,37.23640000000001,6.102163550741656,1.66348,249.52200000000002,65.58,90.3722,0.4372,"[10, 10, 10]",0.1,0.1,0.1
ris_optimized,150,500,118.388,21.105455999999997,4.594067478825273,3.9910133333333335,598.652,120.398,179.25820000000002,0.8026533333333333,"[10, 10, 10]",0.1,0.1,0.1
