method,seed_num,num_sims,E_activated_users,variance,std_deviation,avg_steps,total_steps,E_redemptions,comprehensive_score,usage_rate,random_dirichlet,degree_exponent_succ,degree_exponent_dis,degree_exponent_tran
random,125,500,79.568,18.603228,4.313146,3.19282,399.10286,80.291,119.83974,0.64233,"[10, 10, 10]",0.1,0.1,0.1
degreeTopM,125,500,88.973,19.11361,4.371911,3.62942,453.67749,91.001,135.35465,0.728,"[10, 10, 10]",0.1,0.1,0.1
pageRank,125,500,88.823,18.347159,4.283358,3.62823,453.52835,90.987,135.25777,0.7279,"[10, 10, 10]",0.1,0.1,0.1
alpha_sort,125,500,54.774,31.486924,5.611321,1.67195,208.99375,55.026,75.79938,0.44021,"[10, 10, 10]",0.1,0.1,0.1
ris_optimized,125,500,98.314,18.723404,4.327055,3.97403,496.75375,99.724,148.69438,0.79779,"[10, 10, 10]",0.1,0.1,0.1
monterCarlo_CELF,125,500,97.37,17.928885,4.234251,3.96298,495.3725,99.336,147.89025,0.79469,"[10, 10, 10]",0.1,0.1,0.1
