method,seed_num,num_sims,E_activated_users,variance,std_deviation,avg_steps,total_steps,E_redemptions,comprehensive_score,usage_rate,random_dirichlet,degree_exponent_succ,degree_exponent_dis,degree_exponent_tran
random,125,500,84.566,21.013644,4.584064135676987,3.3933760000000004,424.172,85.334,127.36720000000001,0.6826720000000001,"[10, 10, 10]",0.1,0.1,0.1
degreeTopM,125,500,94.562,21.590156000000004,4.646520848979375,3.8573920000000004,482.17400000000004,96.716,143.8564,0.773728,"[10, 10, 10]",0.1,0.1,0.1
pageRank,125,500,94.402,20.724396000000002,4.5524055179652,3.8561279999999996,482.01599999999996,96.702,143.7536,0.773616,"[10, 10, 10]",0.1,0.1,0.1
alpha_sort,125,500,54.774,31.486924,5.611321056578388,1.671952,208.994,55.026,75.7994,0.44020800000000004,"[10, 10, 10]",0.1,0.1,0.1
ris_optimized,125,500,98.314,18.723403999999995,4.327054887564982,3.9740320000000002,496.754,99.724,148.6944,0.7977920000000001,"[10, 10, 10]",0.1,0.1,0.1
