method,seed_num,num_sims,E_activated_users,variance,std_deviation,avg_steps,total_steps,E_redemptions,comprehensive_score,usage_rate,random_dirichlet,degree_exponent_succ,degree_exponent_dis,degree_exponent_tran
random,225,500,137.253,38.122588,6.174349,3.08496,694.11575,139.573,207.82476,0.62033,"[10, 10, 10]",0.1,0.1,0.1
degreeTopM,225,500,158.028,31.827945,5.641626,3.63572,818.03592,164.053,242.84396,0.72913,"[10, 10, 10]",0.1,0.1,0.1
pageRank,225,500,157.841,33.053703,5.749235,3.62462,815.53914,163.562,242.25575,0.72694,"[10, 10, 10]",0.1,0.1,0.1
alpha_sort,225,500,96.848,54.804896,7.403033,1.65704,372.834,97.554,134.4844,0.43357,"[10, 10, 10]",0.1,0.1,0.1
ris_optimized,225,500,175.508,39.701936,6.300947,3.98476,896.571,179.92,267.3711,0.79964,"[10, 10, 10]",0.1,0.1,0.1
monterCarlo_CELF,225,500,178.438,38.070084,6.170096,4.00094,900.2115,182.378,270.42915,0.81057,"[10, 10, 10]",0.1,0.1,0.1
