method,seed_num,num_sims,E_activated_users,variance,std_deviation,avg_steps,total_steps,E_redemptions,comprehensive_score,usage_rate,random_dirichlet,degree_exponent_succ,degree_exponent_dis,degree_exponent_tran
random,100,500,64.818,18.728876,4.327687142111823,3.20888,320.88800000000003,65.258,97.1268,0.6525799999999999,"[10, 10, 10]",0.1,0.1,0.1
degreeTopM,100,500,75.714,17.220204,4.149723364273816,3.8414,384.14,77.236,114.889,0.77236,"[10, 10, 10]",0.1,0.1,0.1
pageRank,100,500,75.65,17.1755,4.144333480790367,3.84276,384.276,77.114,114.80960000000002,0.77114,"[10, 10, 10]",0.1,0.1,0.1
alpha_sort,100,500,44.0,24.656,4.965480842778471,1.66894,166.894,44.188,60.7834,0.44188000000000005,"[10, 10, 10]",0.1,0.1,0.1
ris_optimized,100,500,79.284,17.587343999999998,4.193726743601686,3.9887400000000004,398.874,80.132,119.59540000000001,0.80132,"[10, 10, 10]",0.1,0.1,0.1
