method,seed_num,num_sims,E_activated_users,variance,std_deviation,avg_steps,total_steps,E_redemptions,comprehensive_score,usage_rate,random_dirichlet,degree_exponent_succ,degree_exponent_dis,degree_exponent_tran
random,50,500,31.422,7.842972,2.800531,3.13007,156.50368,31.537,47.12978,0.63073,"[10, 10, 10]",0.1,0.1,0.1
degreeTopM,50,500,35.766,7.712543,2.777147,3.57526,178.76324,36.165,53.8415,0.72329,"[10, 10, 10]",0.1,0.1,0.1
pageRank,50,500,35.644,7.879174,2.806987,3.5723,178.61483,36.02,53.69328,0.7204,"[10, 10, 10]",0.1,0.1,0.1
alpha_sort,50,500,22.0,11.576,3.402352,1.66616,83.308,22.058,30.3598,0.44116,"[10, 10, 10]",0.1,0.1,0.1
ris_optimized,50,500,39.59,7.4939,2.737499,3.9298,196.49,39.814,59.351,0.79628,"[10, 10, 10]",0.1,0.1,0.1
monterCarlo_CELF,50,500,39.321,7.428841,2.72559,3.92237,196.1185,40.426,59.48535,0.80852,"[10, 10, 10]",0.1,0.1,0.1
