method,seed_num,num_sims,E_activated_users,variance,std_deviation,avg_steps,total_steps,E_redemptions,comprehensive_score,usage_rate,random_dirichlet,degree_exponent_succ,degree_exponent_dis,degree_exponent_tran
random,175,500,118.058,30.102636000000004,5.486586917200894,3.414457142857143,597.5300000000001,119.786,178.675,0.6844914285714285,"[10, 10, 10]",0.1,0.1,0.1
degreeTopM,175,500,131.136,31.645503999999995,5.625433672171417,3.8549714285714285,674.62,135.162,200.611,0.7723542857142858,"[10, 10, 10]",0.1,0.1,0.1
pageRank,175,500,130.772,30.936016,5.562015462042514,3.8425257142857143,672.442,134.674,199.96720000000002,0.7695657142857143,"[10, 10, 10]",0.1,0.1,0.1
alpha_sort,175,500,75.676,39.679024,6.299128828655594,1.6617828571428572,290.812,76.168,105.00319999999999,0.43524571428571435,"[10, 10, 10]",0.1,0.1,0.1
ris_optimized,175,500,138.034,26.864843999999998,5.183130714153368,3.9995657142857146,699.9240000000001,140.768,209.39340000000004,0.8043885714285715,"[10, 10, 10]",0.1,0.1,0.1
