method,seed_num,num_sims,E_activated_users,variance,std_deviation,avg_steps,total_steps,E_redemptions,comprehensive_score,usage_rate,random_dirichlet,degree_exponent_succ,degree_exponent_dis,degree_exponent_tran
random,100,500,60.987,16.580539,4.071921,3.01923,301.92317,61.401,91.38622,0.61401,"[10, 10, 10]",0.1,0.1,0.1
degreeTopM,100,500,71.24,15.244923,3.904475,3.61438,361.43752,72.671,108.09932,0.72671,"[10, 10, 10]",0.1,0.1,0.1
pageRank,100,500,71.179,15.205347,3.899403,3.61566,361.56556,72.557,108.02434,0.72557,"[10, 10, 10]",0.1,0.1,0.1
alpha_sort,100,500,44.0,24.656,4.965481,1.66894,166.894,44.188,60.7834,0.44188,"[10, 10, 10]",0.1,0.1,0.1
ris_optimized,100,500,79.284,17.587344,4.193727,3.98874,398.874,80.132,119.5954,0.80132,"[10, 10, 10]",0.1,0.1,0.1
monterCarlo_CELF,100,500,80.655,16.744286,4.091978,4.05992,405.992,83.521,122.6872,0.83521,"[10, 10, 10]",0.1,0.1,0.1
