method,seed_num,num_sims,E_activated_users,variance,std_deviation,avg_steps,total_steps,E_redemptions,comprehensive_score,usage_rate,random_dirichlet,degree_exponent_succ,degree_exponent_dis,degree_exponent_tran
random,50,500,33.396,8.859183999999999,2.9764381397905786,3.3266799999999996,166.33399999999997,33.518,50.0904,0.6703600000000001,"[10, 10, 10]",0.1,0.1,0.1
degreeTopM,50,500,38.012,8.711856000000001,2.951585336730077,3.79984,189.99200000000002,38.436,57.223200000000006,0.76872,"[10, 10, 10]",0.1,0.1,0.1
pageRank,50,500,37.882,8.900076,2.983299515637007,3.7966800000000003,189.834,38.282,57.0654,0.7656399999999999,"[10, 10, 10]",0.1,0.1,0.1
alpha_sort,50,500,22.0,11.576,3.402352127572924,1.66616,83.308,22.058,30.3598,0.44116,"[10, 10, 10]",0.1,0.1,0.1
ris_optimized,50,500,39.59,7.493900000000001,2.7374988584472506,3.9298,196.49,39.814,59.351,0.79628,"[10, 10, 10]",0.1,0.1,0.1
