method,seed_num,num_sims,E_activated_users,variance,std_deviation,avg_steps,total_steps,E_redemptions,comprehensive_score,usage_rate,random_dirichlet,degree_exponent_succ,degree_exponent_dis,degree_exponent_tran
random,175,500,111.081,26.649647,5.16233,3.21266,562.21539,112.706,168.11492,0.64404,"[10, 10, 10]",0.1,0.1,0.1
degreeTopM,175,500,123.386,28.015537,5.292971,3.62714,634.74957,127.174,188.75482,0.72671,"[10, 10, 10]",0.1,0.1,0.1
pageRank,175,500,123.044,27.387432,5.2333,3.61543,632.70069,126.715,188.14932,0.72409,"[10, 10, 10]",0.1,0.1,0.1
alpha_sort,175,500,75.676,39.679024,6.299129,1.66178,290.8115,76.168,105.00315,0.43525,"[10, 10, 10]",0.1,0.1,0.1
ris_optimized,175,500,138.034,26.864844,5.183131,3.99957,699.92475,140.768,209.39348,0.80439,"[10, 10, 10]",0.1,0.1,0.1
monterCarlo_CELF,175,500,139.532,27.67167,5.260387,4.01524,702.667,140.716,210.3907,0.80409,"[10, 10, 10]",0.1,0.1,0.1
