method,seed_num,num_sims,E_activated_users,variance,std_deviation,avg_steps,total_steps,E_redemptions,comprehensive_score,usage_rate,random_dirichlet,degree_exponent_succ,degree_exponent_dis,degree_exponent_tran
random,250,500,152.562,36.512365,6.042546,3.12911,782.27832,155.585,232.30118,0.62234,"[10, 10, 10]",0.1,0.1,0.1
degreeTopM,250,500,174.395,32.202969,5.674766,3.61689,904.22188,181.671,268.4555,0.72669,"[10, 10, 10]",0.1,0.1,0.1
pageRank,250,500,173.991,39.092406,6.252392,3.60691,901.72655,181.221,267.77868,0.72488,"[10, 10, 10]",0.1,0.1,0.1
alpha_sort,250,500,107.294,62.171564,7.884895,1.65626,414.065,108.132,149.1195,0.43253,"[10, 10, 10]",0.1,0.1,0.1
ris_optimized,250,500,194.468,44.752976,6.689767,3.98016,995.04,200.012,296.744,0.80005,"[10, 10, 10]",0.1,0.1,0.1
monterCarlo_CELF,250,500,198.313,46.287984,6.803527,3.99912,999.78,198.534,298.4015,0.79414,"[10, 10, 10]",0.1,0.1,0.1
