method,seed_num,num_sims,E_activated_users,variance,std_deviation,avg_steps,total_steps,log_alpha_slope,log_beta_slope,degree_power_h,E_redemptions,comprehensive_score
random,92,600,24.426666666666662,15.064622222222225,3.881317073136672,3.614565217391304,332.54,0.1,0.6,2.0,25.586666666666662,58.26066666666667
degreeTopM,92,600,19.74833333333333,12.494997222222224,3.534826335511014,3.3399456521739133,307.27500000000003,0.1,0.6,2.0,20.736666666666668,50.970000000000006
pageRank,92,600,21.793333333333333,13.393955555555555,3.65977534222465,3.397898550724637,312.6066666666666,0.1,0.6,2.0,22.72833333333333,53.5215
alpha_sort,92,600,34.73166666666667,18.122997222222228,4.257111370662297,3.468224637681159,319.07666666666665,0.1,0.6,2.0,37.125,67.836
ris_path_aware,92,600,38.2805320726988,21.050006636537844,4.153130011074646,4.578791188070203,388.2716666666667,0.1,0.6,2.0,41.30409938696847,74.52550000000001
1hop_sort,92,600,35.6,16.663333333333334,4.082074635933711,3.553876811594203,326.9566666666667,0.1,0.6,2.0,40.195,70.59316666666668
