method,seed_num,num_sims,E_activated_users,variance,std_deviation,avg_steps,total_steps,log_alpha_slope,log_beta_slope,degree_power_h,E_redemptions,comprehensive_score
random,164,600,42.59,27.055233333333334,5.201464537352277,3.7710772357723576,618.4566666666667,0.1,0.6,2.0,45.928333333333335,106.10483333333336
degreeTopM,164,600,36.156666666666666,23.35545555555556,4.83274824044824,3.383577235772357,554.9066666666666,0.1,0.6,2.0,39.67,93.404
pageRank,164,600,38.20333333333333,24.018655555555554,4.900883140369249,3.5272865853658533,578.4749999999999,0.1,0.6,2.0,41.943333333333335,97.92083333333332
alpha_sort,164,600,51.72166666666666,27.23753055555555,5.218958761626264,3.638536585365853,596.7199999999999,0.1,0.6,2.0,56.77,113.91783333333332
ris_path_aware,164,600,57.60834347292869,36.84261575587253,5.532079175138404,4.428677922692165,673.2516666666667,0.1,0.6,2.0,62.42488253476965,121.58766666666668
1hop_sort,164,600,52.815,27.57744166666666,5.251422823070588,3.684075203252032,604.1883333333333,0.1,0.6,2.0,59.47166666666666,116.56216666666666
