method,seed_num,num_sims,E_activated_users,variance,std_deviation,avg_steps,total_steps,log_alpha_slope,log_beta_slope,degree_power_h,E_redemptions,comprehensive_score
random,20,600,6.4383333333333335,3.516197222222222,1.875152586383898,3.769333333333334,75.38666666666668,0.1,0.6,2.0,6.566666666666666,14.041166666666667
degreeTopM,20,600,3.861666666666667,2.919197222222223,1.7085658378365824,2.7724166666666665,55.44833333333333,0.1,0.6,2.0,3.908333333333333,9.429833333333333
pageRank,20,600,4.015,2.904775,1.7043400482298126,2.7614166666666664,55.228333333333325,0.1,0.6,2.0,4.0633333333333335,9.562
alpha_sort,20,600,9.206666666666669,4.870622222222222,2.206948622469998,3.18825,63.76499999999999,0.1,0.6,2.0,9.446666666666667,15.703166666666668
ris_path_aware,20,600,9.621138158458866,5.6565971431186695,2.144595273912747,4.95226894202887,90.1,0.1,0.6,2.0,9.952925771449147,17.795833333333334
1hop_sort,20,600,8.925,3.676041666666667,1.917300619795098,3.104416666666667,62.08833333333334,0.1,0.6,2.0,9.48,15.411333333333337
