method,seed_num,num_sims,E_activated_users,variance,std_deviation,avg_steps,total_steps,log_alpha_slope,log_beta_slope,degree_power_h,E_redemptions,comprehensive_score
random,32,600,9.05,5.864166666666667,2.421604151521604,3.954375,126.54,0.1,0.6,2.0,9.228333333333332,21.79316666666667
degreeTopM,32,600,5.826666666666667,4.329955555555555,2.080854525322603,3.181458333333333,101.80666666666669,0.1,0.6,2.0,5.921666666666667,16.054833333333335
pageRank,32,600,6.368333333333333,4.615997222222222,2.148487193869729,3.27265625,104.725,0.1,0.6,2.0,6.44,16.876666666666665
alpha_sort,32,600,13.641666666666667,7.559930555555557,2.7495327885943746,3.46046875,110.735,0.1,0.6,2.0,13.988333333333332,24.8885
ris_path_aware,32,600,15.453177440311785,7.832562850571893,2.5490107013419063,4.778481525977236,141.67833333333334,0.1,0.6,2.0,15.965938834595342,28.35533333333333
1hop_sort,32,600,14.106666666666667,7.19528888888889,2.682403565627084,3.51640625,112.525,0.1,0.6,2.0,15.155,25.883333333333333
