method,seed_num,num_sims,E_activated_users,variance,std_deviation,avg_steps,total_steps,log_alpha_slope,log_beta_slope,degree_power_h,E_redemptions,comprehensive_score
random,44,600,13.261666666666668,9.279863888888888,3.0462869019330547,3.5486742424242426,156.14166666666668,0.1,0.6,2.0,13.535,29.012500000000003
degreeTopM,44,600,9.223333333333333,6.633455555555555,2.575549563793241,3.004583333333333,132.20166666666665,0.1,0.6,2.0,9.485,22.57433333333333
pageRank,44,600,10.086666666666666,6.809155555555557,2.609435869216861,3.0308333333333333,133.35666666666663,0.1,0.6,2.0,10.366666666666667,23.56233333333333
alpha_sort,44,600,17.953333333333333,9.024488888888888,3.0040787088371848,3.217462121212121,141.56833333333333,0.1,0.6,2.0,18.933333333333334,32.60016666666667
ris_path_aware,44,600,20.866320859705592,11.919272240906224,3.105628850258117,4.8733820847554625,192.7766666666667,0.1,0.6,2.0,22.131079315035514,38.619333333333344
1hop_sort,44,600,18.523333333333333,8.459455555555556,2.908514321016068,3.275340909090909,144.115,0.1,0.6,2.0,20.78833333333333,34.06733333333334
