method,seed_num,num_sims,E_activated_users,variance,std_deviation,avg_steps,total_steps,log_alpha_slope,log_beta_slope,degree_power_h,E_redemptions,comprehensive_score
random,188,600,46.086666666666666,25.48915555555556,5.048678594994492,3.830531914893618,720.1400000000002,0.1,0.6,2.0,50.513333333333335,120.31400000000002
degreeTopM,188,600,42.001666666666665,24.56499722222222,4.956308830392051,3.6154166666666665,679.6983333333333,0.1,0.6,2.0,46.975,112.45816666666666
pageRank,188,600,43.75666666666667,25.88412222222222,5.087644073854048,3.7543794326241127,705.8233333333332,0.1,0.6,2.0,49.208333333333336,117.06483333333333
alpha_sort,188,600,53.903333333333336,30.36398888888889,5.510352882428574,3.720328014184397,699.4216666666666,0.1,0.6,2.0,59.265,126.52633333333333
ris_path_aware,188,600,58.31875926475045,35.162108299423984,5.40367673183937,4.454059773161283,775.39,0.1,0.6,2.0,67.80438005721834,134.47316666666666
1hop_sort,188,600,55.125,31.176041666666663,5.583550990782359,3.753209219858156,705.6033333333332,0.1,0.6,2.0,62.17166666666667,129.20866666666666
