method,seed_num,num_sims,E_activated_users,variance,std_deviation,avg_steps,total_steps,log_alpha_slope,log_beta_slope,degree_power_h,E_redemptions,comprehensive_score
random,68,600,20.28333333333333,11.973055555555556,3.4602103340050814,3.798382352941176,258.29,0.1,0.6,2.0,21.1,46.52066666666667
degreeTopM,68,600,14.968333333333334,11.113997222222222,3.3337662218911244,3.2246323529411764,219.275,0.1,0.6,2.0,15.7,37.26166666666667
pageRank,68,600,16.768333333333334,11.031330555555556,3.321344690867775,3.387843137254902,230.3733333333333,0.1,0.6,2.0,17.455,40.149
alpha_sort,68,600,26.58333333333333,14.133055555555554,3.7593956370081023,3.520882352941177,239.42,0.1,0.6,2.0,27.691666666666663,51.0795
ris_path_aware,68,600,29.077142261717732,17.54340272565123,3.775021707075191,4.9678647502991895,305.02500000000003,0.1,0.6,2.0,31.893658543337356,57.93916666666667
1hop_sort,68,600,26.76333333333333,14.013988888888887,3.743526263950727,3.5155882352941177,239.06,0.1,0.6,2.0,29.07,51.82266666666666
