method,seed_num,num_sims,E_activated_users,variance,std_deviation,avg_steps,total_steps,log_alpha_slope,log_beta_slope,degree_power_h,E_redemptions,comprehensive_score
random,8,600,2.138333333333333,1.4691972222222225,1.212104460111513,3.6954166666666666,29.563333333333333,0.1,0.6,2.0,2.151666666666667,5.101333333333333
degreeTopM,8,600,1.2033333333333334,0.9853222222222224,0.9926339820005268,2.77125,22.17,0.1,0.6,2.0,1.2233333333333334,3.430333333333333
pageRank,8,600,1.3066666666666666,1.0159555555555555,1.007946206677497,3.044375,24.355,0.1,0.6,2.0,1.32,3.7488333333333337
alpha_sort,8,600,3.825,1.804375,1.3432702632009688,3.053333333333333,24.426666666666662,0.1,0.6,2.0,3.83,6.270166666666666
ris_path_aware,8,600,4.758901702932493,2.2616589377682246,1.3609637108395736,5.12962069196639,37.46833333333333,0.1,0.6,2.0,4.831970076954599,8.067666666666666
1hop_sort,8,600,3.995,2.1783083333333337,1.475909324224674,3.09625,24.77,0.1,0.6,2.0,4.011666666666667,6.480333333333334
