method,seed_num,num_sims,E_activated_users,variance,std_deviation,avg_steps,total_steps,log_alpha_slope,log_beta_slope,degree_power_h,E_redemptions,comprehensive_score
random,176,600,44.748333333333335,27.63499722222221,5.256899963117257,3.882727272727273,683.3600000000001,0.1,0.6,2.0,48.906666666666666,115.1635
degreeTopM,176,600,38.4,25.68,5.067543783727971,3.550653409090909,624.915,0.1,0.6,2.0,42.855,103.119
pageRank,176,600,41.545,26.844641666666668,5.181181493314693,3.76157196969697,662.0366666666666,0.1,0.6,2.0,46.52166666666667,110.237
alpha_sort,176,600,53.931666666666665,31.14033055555556,5.580352189204151,3.798806818181818,668.59,0.1,0.6,2.0,60.125,123.88733333333334
ris_path_aware,176,600,60.09802541155787,34.0317513364852,5.2932638009706885,4.61125697778883,740.9516666666667,0.1,0.6,2.0,67.85812749781157,131.95433333333335
1hop_sort,176,600,55.51833333333333,28.97299722222222,5.382657078267407,3.895397727272727,685.5899999999999,0.1,0.6,2.0,64.34833333333333,128.4923333333333
