method,seed_num,num_sims,E_activated_users,variance,std_deviation,avg_steps,total_steps,log_alpha_slope,log_beta_slope,degree_power_h,E_redemptions,comprehensive_score
random,188,600,25.75,18.424166666666668,4.292338135173727,2.652012411347518,498.5783333333334,0.1,0.6,1.0,27.01333333333333,76.2395
degreeTopM,188,600,22.063333333333333,16.922655555555558,4.113715541399959,2.4614450354609927,462.7516666666666,0.1,0.6,1.0,23.296666666666667,68.95516666666666
pageRank,188,600,22.365,17.748441666666665,4.212889942387133,2.530283687943262,475.69333333333327,0.1,0.6,1.0,23.74,70.62183333333333
alpha_sort,188,600,32.755,23.38830833333333,4.836146020679414,2.6352482269503548,495.4266666666667,0.1,0.6,1.0,34.876666666666665,83.35849999999999
ris_path_aware,188,600,36.58673795926788,27.43333789636891,4.763506819793819,3.1233238034221897,533.2633333333333,0.1,0.6,1.0,38.82766528153047,87.65133333333334
1hop_sort,188,600,32.961666666666666,23.356863888888885,4.832893945545348,2.6118262411347515,491.02333333333326,0.1,0.6,1.0,35.42166666666667,83.29399999999998
