method,seed_num,num_sims,E_activated_users,variance,std_deviation,avg_steps,total_steps,log_alpha_slope,log_beta_slope,degree_power_h,E_redemptions,comprehensive_score
random,176,600,25.54833333333333,19.227663888888888,4.384936018790797,2.684403409090909,472.455,0.1,0.6,1.0,26.67833333333333,73.35883333333334
degreeTopM,176,600,21.185,16.840775,4.103751332622385,2.4901609848484845,438.26833333333326,0.1,0.6,1.0,22.48333333333333,65.661
pageRank,176,600,21.87333333333333,17.267288888888892,4.155392747850543,2.574905303030304,453.1833333333334,0.1,0.6,1.0,23.091666666666665,67.80083333333334
alpha_sort,176,600,32.18833333333333,22.986197222222224,4.794392268288258,2.6574715909090907,467.715,0.1,0.6,1.0,33.876666666666665,79.804
ris_path_aware,176,600,36.27424768664845,30.716986839703043,4.970298169012487,3.269760304403609,518.305,0.1,0.6,1.0,38.46409401480536,85.27633333333333
1hop_sort,176,600,32.50833333333333,23.736597222222223,4.8720218823628265,2.653645833333333,467.0416666666667,0.1,0.6,1.0,34.825,80.37083333333334
