method,seed_num,num_sims,E_activated_users,variance,std_deviation,avg_steps,total_steps,log_alpha_slope,log_beta_slope,degree_power_h,E_redemptions,comprehensive_score
random,80,600,13.531666666666666,10.748997222222222,3.2785663364071533,2.7151875000000003,217.21500000000003,0.1,0.6,1.0,13.951666666666666,35.46316666666667
degreeTopM,80,600,9.03,7.535766666666668,2.745135090786366,2.3873333333333333,190.98666666666668,0.1,0.6,1.0,9.293333333333331,28.26033333333333
pageRank,80,600,9.991666666666667,7.74826388888889,2.783570349189848,2.4548333333333336,196.38666666666668,0.1,0.6,1.0,10.181666666666668,29.72533333333333
alpha_sort,80,600,20.70833333333333,13.176597222222224,3.629958294832356,2.562625,205.01,0.1,0.6,1.0,21.445,41.57766666666667
ris_path_aware,80,600,22.613035340606718,15.460078114655586,3.5720753382623696,3.1512585726932456,231.08833333333337,0.1,0.6,1.0,24.335729070233555,44.336333333333336
1hop_sort,80,600,20.955,13.44964166666667,3.66737531030936,2.5734375,205.875,0.1,0.6,1.0,22.17833333333333,42.15416666666667
