method,seed_num,num_sims,E_activated_users,variance,std_deviation,avg_steps,total_steps,log_alpha_slope,log_beta_slope,degree_power_h,E_redemptions,comprehensive_score
random,44,600,6.036666666666667,4.91198888888889,2.216300721673142,2.64969696969697,116.58666666666667,0.1,0.6,1.0,6.121666666666667,17.737833333333334
degreeTopM,44,600,4.3566666666666665,3.536122222222222,1.880457982041136,2.1847727272727275,96.13,0.1,0.6,1.0,4.406666666666666,13.994666666666667
pageRank,44,600,4.69,3.707233333333333,1.9254177035992304,2.285984848484848,100.58333333333331,0.1,0.6,1.0,4.726666666666667,14.766666666666666
alpha_sort,44,600,12.161666666666669,7.542197222222223,2.7463061049748667,2.514128787878788,110.62166666666668,0.1,0.6,1.0,12.393333333333333,23.339666666666663
ris_path_aware,44,600,13.494660991700304,9.600183046472306,2.7902429205278083,3.528965782595471,139.755,0.1,0.6,1.0,14.15714931987096,26.429666666666662
1hop_sort,44,600,12.451666666666666,7.794330555555556,2.791832830875724,2.591401515151515,114.02166666666666,0.1,0.6,1.0,13.078333333333331,24.167166666666667
