method,seed_num,num_sims,E_activated_users,variance,std_deviation,avg_steps,total_steps,log_alpha_slope,log_beta_slope,degree_power_h,E_redemptions,comprehensive_score
random,32,600,4.693333333333333,3.675955555555556,1.9172781633230889,2.6529166666666666,84.89333333333333,0.1,0.6,1.0,4.783333333333333,13.227666666666666
degreeTopM,32,600,3.3966666666666665,2.819322222222222,1.679083744850811,2.23671875,71.575,0.1,0.6,1.0,3.438333333333333,10.575
pageRank,32,600,3.826666666666666,2.9499555555555554,1.7175434654050403,2.2177083333333334,70.96666666666667,0.1,0.6,1.0,3.888333333333333,10.954166666666667
alpha_sort,32,600,9.241666666666667,5.876597222222222,2.424169388104351,2.45953125,78.705,0.1,0.6,1.0,9.428333333333333,17.2055
ris_path_aware,32,600,9.849153285284368,6.017946632455196,2.2194568905227445,3.399506423662906,99.63333333333334,0.1,0.6,1.0,10.761978428027787,19.227500000000003
1hop_sort,32,600,9.655,5.8293083333333335,2.4143960597493805,2.4975,79.92,0.1,0.6,1.0,10.323333333333334,17.981166666666667
