method,seed_num,num_sims,E_activated_users,variance,std_deviation,avg_steps,total_steps,E_redemptions,comprehensive_score,usage_rate,random_dirichlet,degree_exponent_succ,degree_exponent_dis,degree_exponent_tran
random,60,500,36.789,7.200972,2.683463,3.27734,196.64034,37.026,56.57156,0.6171,"[10, 10, 10]",0.1,0.1,0.1
degreeTopM,60,500,38.014,8.612479,2.934703,3.39935,203.96074,38.855,58.83087,0.64759,"[10, 10, 10]",0.1,0.1,0.1
pageRank,60,500,39.868,8.10009,2.846066,3.51282,210.76897,40.415,61.21841,0.67358,"[10, 10, 10]",0.1,0.1,0.1
alpha_sort,60,500,44.358,8.059054,2.838847,3.82303,229.38191,44.699,67.46653,0.74498,"[10, 10, 10]",0.1,0.1,0.1
ris_optimized,60,500,49.042,7.672236,2.76988,4.2347,254.082,49.702,74.7802,0.82837,"[10, 10, 10]",0.1,0.1,0.1
1hop_sort,60,500,48.547,5.648863,2.376734,4.14975,248.98484,49.081,73.71228,0.81802,"[10, 10, 10]",0.1,0.1,0.1
monterCarlo_CELF,60,500,49.759,7.658011,2.767311,4.30055,258.033,50.326,75.8458,0.83877,"[10, 10, 10]",0.1,0.1,0.1
