method,seed_num,num_sims,E_activated_users,variance,std_deviation,avg_steps,total_steps,E_redemptions,comprehensive_score,usage_rate,random_dirichlet,degree_exponent_succ,degree_exponent_dis,degree_exponent_tran
random,10,500,8.252,0.939384,0.969218,4.16668,41.66684,8.26,12.42235,0.82596,"[10, 10, 10]",0.1,0.1,0.1
degreeTopM,10,500,6.733,1.508241,1.228105,3.53778,35.37784,6.78,10.29432,0.67803,"[10, 10, 10]",0.1,0.1,0.1
pageRank,10,500,6.876,1.399768,1.183118,3.5901,35.90096,6.897,10.47661,0.68967,"[10, 10, 10]",0.1,0.1,0.1
alpha_sort,10,500,7.806,1.193715,1.092573,4.00523,40.05227,7.806,11.81082,0.78056,"[10, 10, 10]",0.1,0.1,0.1
ris_optimized,10,500,8.386,1.241004,1.114004,4.2856,42.856,8.386,12.6716,0.8386,"[10, 10, 10]",0.1,0.1,0.1
1hop_sort,10,500,8.194,0.99395,0.99697,4.15069,41.50688,8.21,12.35252,0.82101,"[10, 10, 10]",0.1,0.1,0.1
monterCarlo_CELF,10,500,8.515,1.208725,1.09942,4.24713,42.4713,8.894,12.95163,0.8894,"[10, 10, 10]",0.1,0.1,0.1
