method,seed_num,num_sims,E_activated_users,variance,std_deviation,avg_steps,total_steps,E_redemptions,comprehensive_score,usage_rate,random_dirichlet,degree_exponent_succ,degree_exponent_dis,degree_exponent_tran
random,30,500,20.566,3.447185,1.85666,3.56814,107.04435,20.61,31.2922,0.68699,"[10, 10, 10]",0.1,0.1,0.1
degreeTopM,30,500,17.813,4.3905,2.095352,3.20583,96.17492,18.116,27.58189,0.60386,"[10, 10, 10]",0.1,0.1,0.1
pageRank,30,500,19.895,4.007955,2.001988,3.5009,105.02714,20.099,30.49975,0.66998,"[10, 10, 10]",0.1,0.1,0.1
alpha_sort,30,500,21.947,3.558632,1.886434,3.79565,113.86946,22.115,33.41807,0.73717,"[10, 10, 10]",0.1,0.1,0.1
ris_optimized,30,500,25.048,3.661696,1.913556,4.28167,128.4501,25.148,37.94301,0.83827,"[10, 10, 10]",0.1,0.1,0.1
1hop_sort,30,500,24.501,3.01212,1.735546,4.14586,124.37573,24.514,36.94511,0.81713,"[10, 10, 10]",0.1,0.1,0.1
monterCarlo_CELF,30,500,25.331,3.73331,1.932178,4.35719,130.7157,26.146,38.81007,0.87153,"[10, 10, 10]",0.1,0.1,0.1
