method,seed_num,num_sims,E_activated_users,variance,std_deviation,avg_steps,total_steps,E_redemptions,comprehensive_score,usage_rate,random_dirichlet,degree_exponent_succ,degree_exponent_dis,degree_exponent_tran
random,100,500,64.909,11.676839,3.417139,3.44379,344.3791,65.717,99.75044,0.65717,"[10, 10, 10]",0.1,0.1,0.1
degreeTopM,100,500,64.606,13.452116,3.667713,3.48054,348.05443,66.526,100.37114,0.66526,"[10, 10, 10]",0.1,0.1,0.1
pageRank,100,500,68.629,13.786134,3.712968,3.62442,362.44244,69.887,105.50224,0.69887,"[10, 10, 10]",0.1,0.1,0.1
alpha_sort,100,500,73.768,11.222322,3.349973,3.83625,383.6253,74.775,112.63446,0.74775,"[10, 10, 10]",0.1,0.1,0.1
ris_optimized,100,500,82.242,12.595436,3.549005,4.26334,426.334,83.738,125.6234,0.83738,"[10, 10, 10]",0.1,0.1,0.1
1hop_sort,100,500,79.616,8.690516,2.947968,4.10647,410.64659,80.978,121.36126,0.80978,"[10, 10, 10]",0.1,0.1,0.1
monterCarlo_CELF,100,500,83.664,11.991667,3.462899,4.33942,433.942,86.637,128.5447,0.86637,"[10, 10, 10]",0.1,0.1,0.1
