method,seed_num,num_sims,E_activated_users,variance,std_deviation,avg_steps,total_steps,E_redemptions,comprehensive_score,usage_rate,random_dirichlet,degree_exponent_succ,degree_exponent_dis,degree_exponent_tran
random,80,500,56.238,9.381536,3.062929,3.68651,294.92113,57.022,86.12217,0.71278,"[10, 10, 10]",0.1,0.1,0.1
degreeTopM,80,500,51.245,11.658159,3.414405,3.45287,276.22962,52.574,79.53251,0.65718,"[10, 10, 10]",0.1,0.1,0.1
pageRank,80,500,53.59,10.763446,3.280769,3.54934,283.94694,54.484,82.43145,0.68105,"[10, 10, 10]",0.1,0.1,0.1
alpha_sort,80,500,59.166,9.663924,3.108685,3.8356,306.84825,59.645,90.09053,0.74557,"[10, 10, 10]",0.1,0.1,0.1
ris_optimized,80,500,67.204,9.126384,3.020991,4.3252,346.016,67.984,102.1956,0.8498,"[10, 10, 10]",0.1,0.1,0.1
1hop_sort,80,500,64.312,8.226226,2.86814,4.13053,330.44253,65.265,97.83249,0.81581,"[10, 10, 10]",0.1,0.1,0.1
monterCarlo_CELF,80,500,67.603,9.310728,3.051349,4.28506,342.8048,68.93,102.54698,0.86163,"[10, 10, 10]",0.1,0.1,0.1
