method,seed_num,num_sims,E_activated_users,variance,std_deviation,avg_steps,total_steps,E_redemptions,comprehensive_score,usage_rate,random_dirichlet,degree_exponent_succ,degree_exponent_dis,degree_exponent_tran
random,40,500,26.273,5.260609,2.293602,3.46468,138.587,26.597,40.29411,0.66494,"[10, 10, 10]",0.1,0.1,0.1
degreeTopM,40,500,25.18,6.19825,2.489629,3.35172,134.06874,25.538,38.76607,0.63845,"[10, 10, 10]",0.1,0.1,0.1
pageRank,40,500,27.659,5.261458,2.293787,3.61908,144.76319,27.926,42.26876,0.69816,"[10, 10, 10]",0.1,0.1,0.1
alpha_sort,40,500,29.032,5.119882,2.262716,3.76205,150.48192,29.218,44.17341,0.73046,"[10, 10, 10]",0.1,0.1,0.1
ris_optimized,40,500,33.786,4.964204,2.228049,4.30465,172.186,33.956,51.0896,0.8489,"[10, 10, 10]",0.1,0.1,0.1
1hop_sort,40,500,32.555,3.604913,1.898661,4.12396,164.95859,32.629,49.08786,0.81572,"[10, 10, 10]",0.1,0.1,0.1
monterCarlo_CELF,40,500,33.606,5.04653,2.246448,4.36722,174.6888,34.02,51.28188,0.8505,"[10, 10, 10]",0.1,0.1,0.1
