method,seed_num,num_sims,E_activated_users,variance,std_deviation,avg_steps,total_steps,E_redemptions,comprehensive_score,usage_rate,random_dirichlet,degree_exponent_succ,degree_exponent_dis,degree_exponent_tran
random,70,500,50.104,8.83212,2.971888,3.71944,260.36051,50.4,76.28836,0.72,"[10, 10, 10]",0.1,0.1,0.1
degreeTopM,70,500,44.665,9.873759,3.142254,3.42536,239.77527,45.63,69.12472,0.65185,"[10, 10, 10]",0.1,0.1,0.1
pageRank,70,500,46.663,9.714463,3.116803,3.53617,247.53217,47.295,71.73226,0.67565,"[10, 10, 10]",0.1,0.1,0.1
alpha_sort,70,500,51.947,8.422588,2.902169,3.84277,268.994,52.424,79.08491,0.74891,"[10, 10, 10]",0.1,0.1,0.1
ris_optimized,70,500,58.272,8.170016,2.858324,4.29526,300.6682,59.134,88.76982,0.84477,"[10, 10, 10]",0.1,0.1,0.1
1hop_sort,70,500,56.13,6.991745,2.644191,4.11577,288.10377,56.868,85.30948,0.8124,"[10, 10, 10]",0.1,0.1,0.1
monterCarlo_CELF,70,500,58.612,8.111542,2.848077,4.29541,300.6787,59.772,89.25987,0.85389,"[10, 10, 10]",0.1,0.1,0.1
