method,seed_num,num_sims,E_activated_users,variance,std_deviation,avg_steps,total_steps,E_redemptions,comprehensive_score,usage_rate,random_dirichlet,degree_exponent_succ,degree_exponent_dis,degree_exponent_tran
random,50,500,35.484,6.686666,2.585859,3.69838,184.91886,35.822,54.14472,0.71644,"[10, 10, 10]",0.1,0.1,0.1
degreeTopM,50,500,31.272,7.429647,2.725738,3.34422,167.21102,31.829,48.27132,0.63657,"[10, 10, 10]",0.1,0.1,0.1
pageRank,50,500,33.458,7.080926,2.661001,3.52683,176.34164,33.902,51.3145,0.67805,"[10, 10, 10]",0.1,0.1,0.1
alpha_sort,50,500,36.691,7.039834,2.653269,3.79605,189.80232,36.919,55.78543,0.73838,"[10, 10, 10]",0.1,0.1,0.1
ris_optimized,50,500,41.256,6.382464,2.526354,4.24156,212.078,41.592,62.6318,0.83184,"[10, 10, 10]",0.1,0.1,0.1
1hop_sort,50,500,40.491,5.27001,2.29565,4.142,207.09985,40.931,61.42089,0.81862,"[10, 10, 10]",0.1,0.1,0.1
monterCarlo_CELF,50,500,40.976,6.327054,2.515364,4.23354,211.677,42.231,62.7712,0.84462,"[10, 10, 10]",0.1,0.1,0.1
