method,seed_num,num_sims,E_activated_users,variance,std_deviation,avg_steps,total_steps,E_redemptions,comprehensive_score,usage_rate,random_dirichlet,degree_exponent_succ,degree_exponent_dis,degree_exponent_tran
random,20,500,15.051,2.301747,1.517151,3.87669,77.53385,15.139,22.84804,0.75694,"[10, 10, 10]",0.1,0.1,0.1
degreeTopM,20,500,12.404,3.114588,1.76482,3.3243,66.48593,12.566,19.13395,0.62832,"[10, 10, 10]",0.1,0.1,0.1
pageRank,20,500,13.575,2.755754,1.660046,3.56385,71.27696,13.689,20.75959,0.68443,"[10, 10, 10]",0.1,0.1,0.1
alpha_sort,20,500,15.239,2.338575,1.52924,3.93061,78.61229,15.335,23.14794,0.76674,"[10, 10, 10]",0.1,0.1,0.1
ris_optimized,20,500,17.25,2.3675,1.538668,4.4016,88.032,17.308,26.0822,0.8654,"[10, 10, 10]",0.1,0.1,0.1
1hop_sort,20,500,16.215,2.046127,1.430429,4.12923,82.58464,16.238,24.48511,0.81189,"[10, 10, 10]",0.1,0.1,0.1
monterCarlo_CELF,20,500,17.541,2.285365,1.511742,4.4151,88.302,17.955,26.5782,0.89775,"[10, 10, 10]",0.1,0.1,0.1
