method,seed_num,num_sims,E_activated_users,variance,std_deviation,avg_steps,total_steps,E_redemptions,comprehensive_score,usage_rate,random_dirichlet,degree_exponent_succ,degree_exponent_dis,degree_exponent_tran
random,90,500,58.697,10.046784,3.169666,3.46306,311.67497,59.463,90.24729,0.6607,"[10, 10, 10]",0.1,0.1,0.1
degreeTopM,90,500,57.263,13.371817,3.656749,3.44729,310.25634,59.021,89.16743,0.65578,"[10, 10, 10]",0.1,0.1,0.1
pageRank,90,500,61.098,11.845133,3.441676,3.59641,323.67697,62.15,93.9918,0.69055,"[10, 10, 10]",0.1,0.1,0.1
alpha_sort,90,500,66.904,10.438279,3.230833,3.85681,347.11266,67.611,101.96864,0.75123,"[10, 10, 10]",0.1,0.1,0.1
ris_optimized,90,500,74.55,10.7875,3.284433,4.28307,385.4763,75.676,113.66063,0.84084,"[10, 10, 10]",0.1,0.1,0.1
1hop_sort,90,500,71.851,8.820619,2.969953,4.11687,370.51866,73.082,109.51814,0.81202,"[10, 10, 10]",0.1,0.1,0.1
monterCarlo_CELF,90,500,74.533,11.043197,3.323131,4.31974,388.7766,75.689,113.98866,0.84099,"[10, 10, 10]",0.1,0.1,0.1
