method,seed_num,num_sims,E_activated_users,variance,std_deviation,avg_steps,total_steps,E_redemptions,comprehensive_score,usage_rate,random_dirichlet,degree_exponent_succ,degree_exponent_dis,degree_exponent_tran
random,40,500,31.802,4.787491,2.188034,3.73532,149.41298,33.077,47.38101,0.82692,"[10, 10, 10]",-0.5,0.8,0.0
degreeTopM,40,500,30.111,5.344534,2.311825,3.81506,152.60234,32.588,46.60966,0.8147,"[10, 10, 10]",-0.5,0.8,0.0
pageRank,40,500,29.99,5.257068,2.29283,3.66951,146.7804,31.983,45.66469,0.79957,"[10, 10, 10]",-0.5,0.8,0.0
alpha_sort,40,500,27.725,6.916816,2.629984,2.17843,87.13704,28.693,36.92227,0.71731,"[10, 10, 10]",-0.5,0.8,0.0
ris_optimized,40,500,32.022,5.509516,2.347236,3.3981,135.924,33.032,46.1194,0.8258,"[10, 10, 10]",-0.5,0.8,0.0
1hop_sort,40,500,27.129,7.164931,2.676739,2.14967,85.98662,28.506,36.41632,0.71266,"[10, 10, 10]",-0.5,0.8,0.0
monterCarlo_CELF,40,500,31.987,5.600885,2.366619,3.4475,137.8998,33.194,46.38041,0.82985,"[10, 10, 10]",-0.5,0.8,0.0
