method,seed_num,num_sims,E_activated_users,variance,std_deviation,avg_steps,total_steps,E_redemptions,comprehensive_score,usage_rate,random_dirichlet,degree_exponent_succ,degree_exponent_dis,degree_exponent_tran
random,20,500,16.114,2.323511,1.524307,3.94577,78.91532,16.626,24.26125,0.83129,"[10, 10, 10]",-0.5,0.8,0.0
degreeTopM,20,500,14.825,3.507058,1.872714,3.64895,72.97892,15.444,22.4328,0.77222,"[10, 10, 10]",-0.5,0.8,0.0
pageRank,20,500,14.763,3.390627,1.841366,3.60219,72.04384,15.392,22.28206,0.7696,"[10, 10, 10]",-0.5,0.8,0.0
alpha_sort,20,500,14.404,2.938901,1.714322,2.20423,44.08456,14.544,18.8828,0.72721,"[10, 10, 10]",-0.5,0.8,0.0
ris_optimized,20,500,15.884,3.422544,1.850012,3.2721,65.442,16.224,22.5982,0.8112,"[10, 10, 10]",-0.5,0.8,0.0
1hop_sort,20,500,13.499,3.719325,1.928555,2.12275,42.45496,14.176,18.08255,0.70878,"[10, 10, 10]",-0.5,0.8,0.0
monterCarlo_CELF,20,500,16.16,3.303807,1.817638,3.28214,65.6427,16.385,22.83658,0.81923,"[10, 10, 10]",-0.5,0.8,0.0
