method,seed_num,num_sims,E_activated_users,variance,std_deviation,avg_steps,total_steps,E_redemptions,comprehensive_score,usage_rate,random_dirichlet,degree_exponent_succ,degree_exponent_dis,degree_exponent_tran
random,100,500,74.302,13.748431,3.707888,3.70472,370.4721,82.091,115.24376,0.82091,"[10, 10, 10]",-0.5,0.8,0.0
degreeTopM,100,500,69.405,13.988639,3.740139,3.98396,398.39646,83.616,116.35034,0.83616,"[10, 10, 10]",-0.5,0.8,0.0
pageRank,100,500,72.519,14.088431,3.753456,3.88964,388.96418,83.298,116.80488,0.83298,"[10, 10, 10]",-0.5,0.8,0.0
alpha_sort,100,500,69.225,15.411983,3.92581,2.68323,268.32334,74.438,98.66374,0.74438,"[10, 10, 10]",-0.5,0.8,0.0
ris_optimized,100,500,77.028,14.855216,3.854246,3.52182,352.182,83.374,115.4192,0.83374,"[10, 10, 10]",-0.5,0.8,0.0
1hop_sort,100,500,65.785,17.289602,4.158077,2.55275,255.2749,73.441,95.14051,0.73441,"[10, 10, 10]",-0.5,0.8,0.0
monterCarlo_CELF,100,500,78.395,14.143124,3.760735,3.58467,358.4668,83.089,116.58866,0.83089,"[10, 10, 10]",-0.5,0.8,0.0
