method,seed_num,num_sims,E_activated_users,variance,std_deviation,avg_steps,total_steps,E_redemptions,comprehensive_score,usage_rate,random_dirichlet,degree_exponent_succ,degree_exponent_dis,degree_exponent_tran
random,10,500,7.989,1.306255,1.142915,3.73101,37.31008,8.032,11.74127,0.80316,"[10, 10, 10]",-0.5,0.8,0.0
degreeTopM,10,500,7.331,1.436412,1.198504,3.5566,35.56602,7.508,10.97613,0.75078,"[10, 10, 10]",-0.5,0.8,0.0
pageRank,10,500,7.374,1.606677,1.267548,3.518,35.17996,7.516,10.96275,0.75156,"[10, 10, 10]",-0.5,0.8,0.0
alpha_sort,10,500,7.176,1.813675,1.346728,2.07192,20.7192,7.277,9.29842,0.72769,"[10, 10, 10]",-0.5,0.8,0.0
ris_optimized,10,500,8.256,1.422464,1.192671,3.6044,36.044,8.3,11.8824,0.83,"[10, 10, 10]",-0.5,0.8,0.0
1hop_sort,10,500,6.84,1.901837,1.379071,2.0176,20.176,7.188,9.03167,0.71877,"[10, 10, 10]",-0.5,0.8,0.0
monterCarlo_CELF,10,500,8.389,1.385465,1.177058,3.57204,35.72042,8.763,12.14811,0.87629,"[10, 10, 10]",-0.5,0.8,0.0
