method,seed_num,num_sims,E_activated_users,variance,std_deviation,avg_steps,total_steps,E_redemptions,comprehensive_score,usage_rate,random_dirichlet,degree_exponent_succ,degree_exponent_dis,degree_exponent_tran
random,60,500,45.062,8.675158,2.945362,3.53746,212.24764,48.17,67.84102,0.80284,"[10, 10, 10]",-0.5,0.8,0.0
degreeTopM,60,500,44.426,7.99765,2.828012,3.962,237.71984,49.949,70.95957,0.83249,"[10, 10, 10]",-0.5,0.8,0.0
pageRank,60,500,45.54,7.976288,2.824232,3.83654,230.19264,49.406,70.49203,0.82343,"[10, 10, 10]",-0.5,0.8,0.0
alpha_sort,60,500,40.645,10.858359,3.295202,2.31914,139.14844,42.533,55.50359,0.70888,"[10, 10, 10]",-0.5,0.8,0.0
ris_optimized,60,500,46.868,8.470576,2.910425,3.50947,210.568,49.508,69.2448,0.82513,"[10, 10, 10]",-0.5,0.8,0.0
1hop_sort,60,500,40.106,10.141287,3.184539,2.28726,137.2356,42.276,54.91461,0.70461,"[10, 10, 10]",-0.5,0.8,0.0
monterCarlo_CELF,60,500,47.596,8.454871,2.907726,3.56404,213.84222,50.191,70.2776,0.83652,"[10, 10, 10]",-0.5,0.8,0.0
