method,seed_num,num_sims,E_activated_users,variance,std_deviation,avg_steps,total_steps,E_redemptions,comprehensive_score,usage_rate,random_dirichlet,degree_exponent_succ,degree_exponent_dis,degree_exponent_tran
random,80,500,59.639,12.801645,3.577939,3.62101,289.6808,64.662,91.11889,0.80828,"[10, 10, 10]",-0.5,0.8,0.0
degreeTopM,80,500,57.554,10.329618,3.213972,3.96534,317.22686,66.616,93.80754,0.8327,"[10, 10, 10]",-0.5,0.8,0.0
pageRank,80,500,59.436,9.152063,3.025238,3.91688,313.35074,66.212,94.15906,0.82765,"[10, 10, 10]",-0.5,0.8,0.0
alpha_sort,80,500,53.592,12.968895,3.601235,2.45422,196.3377,56.722,74.79088,0.70902,"[10, 10, 10]",-0.5,0.8,0.0
ris_optimized,80,500,62.39,11.8459,3.441787,3.54928,283.942,66.374,92.7762,0.82968,"[10, 10, 10]",-0.5,0.8,0.0
1hop_sort,80,500,52.917,12.881941,3.589142,2.42747,194.19788,56.698,74.2277,0.70873,"[10, 10, 10]",-0.5,0.8,0.0
monterCarlo_CELF,80,500,62.907,12.085175,3.476374,3.51633,281.30656,67.365,93.26638,0.84206,"[10, 10, 10]",-0.5,0.8,0.0
