method,seed_num,num_sims,E_activated_users,variance,std_deviation,avg_steps,total_steps,E_redemptions,comprehensive_score,usage_rate,random_dirichlet,degree_exponent_succ,degree_exponent_dis,degree_exponent_tran
random,70,500,52.853,9.41451,3.068307,3.81537,267.07592,57.705,81.98692,0.82436,"[10, 10, 10]",-0.5,0.8,0.0
degreeTopM,70,500,50.582,9.210173,3.034827,4.00879,280.61518,58.47,82.58716,0.83528,"[10, 10, 10]",-0.5,0.8,0.0
pageRank,70,500,52.624,8.133606,2.851948,3.88382,271.86772,57.857,82.4273,0.82652,"[10, 10, 10]",-0.5,0.8,0.0
alpha_sort,70,500,46.853,13.984405,3.739573,2.32221,162.55454,49.239,64.30149,0.70342,"[10, 10, 10]",-0.5,0.8,0.0
ris_optimized,70,500,54.82,10.4756,3.236603,3.52109,246.476,57.854,80.9846,0.82649,"[10, 10, 10]",-0.5,0.8,0.0
1hop_sort,70,500,46.374,12.878226,3.588625,2.3147,162.0288,49.396,64.0879,0.70566,"[10, 10, 10]",-0.5,0.8,0.0
monterCarlo_CELF,70,500,55.27,10.400624,3.225,3.52121,246.4847,58.567,81.56679,0.83667,"[10, 10, 10]",-0.5,0.8,0.0
