method,seed_num,num_sims,E_activated_users,variance,std_deviation,avg_steps,total_steps,E_redemptions,comprehensive_score,usage_rate,random_dirichlet,degree_exponent_succ,degree_exponent_dis,degree_exponent_tran
random,90,500,66.631,13.482284,3.671823,3.77918,340.12662,73.819,104.23775,0.82021,"[10, 10, 10]",-0.5,0.8,0.0
degreeTopM,90,500,64.328,12.202415,3.493196,3.98666,358.79912,75.439,105.76356,0.83821,"[10, 10, 10]",-0.5,0.8,0.0
pageRank,90,500,65.828,11.175544,3.342984,3.96148,356.5332,74.925,106.02973,0.8325,"[10, 10, 10]",-0.5,0.8,0.0
alpha_sort,90,500,61.191,14.995071,3.872347,2.56712,231.04042,65.077,86.23843,0.72308,"[10, 10, 10]",-0.5,0.8,0.0
ris_optimized,90,500,69.28,13.8736,3.724728,3.5972,323.748,75.206,104.6178,0.83562,"[10, 10, 10]",-0.5,0.8,0.0
1hop_sort,90,500,58.582,14.462352,3.80294,2.49406,224.46576,64.476,83.97562,0.7164,"[10, 10, 10]",-0.5,0.8,0.0
monterCarlo_CELF,90,500,69.498,14.202446,3.768613,3.628,326.52009,75.468,105.13454,0.83853,"[10, 10, 10]",-0.5,0.8,0.0
