method,seed_num,num_sims,E_activated_users,variance,std_deviation,avg_steps,total_steps,E_redemptions,comprehensive_score,usage_rate,random_dirichlet,degree_exponent_succ,degree_exponent_dis,degree_exponent_tran
random,30,500,24.027,3.591509,1.895128,3.96387,118.91618,25.08,36.44523,0.83601,"[10, 10, 10]",-0.5,0.8,0.0
degreeTopM,30,500,22.663,4.308855,2.075778,3.79535,113.86054,24.011,34.72328,0.80038,"[10, 10, 10]",-0.5,0.8,0.0
pageRank,30,500,22.62,4.148993,2.036908,3.7422,112.26586,23.866,34.46973,0.79553,"[10, 10, 10]",-0.5,0.8,0.0
alpha_sort,30,500,21.299,4.663322,2.159473,2.22757,66.82718,21.647,28.15561,0.72155,"[10, 10, 10]",-0.5,0.8,0.0
ris_optimized,30,500,23.852,4.722096,2.173038,3.29173,98.752,24.36,33.9812,0.812,"[10, 10, 10]",-0.5,0.8,0.0
1hop_sort,30,500,20.199,5.270003,2.295649,2.1598,64.79406,21.222,27.18988,0.70739,"[10, 10, 10]",-0.5,0.8,0.0
monterCarlo_CELF,30,500,24.156,4.814448,2.194185,3.34979,100.49379,24.401,34.32822,0.81338,"[10, 10, 10]",-0.5,0.8,0.0
