method,seed_num,num_sims,E_activated_users,variance,std_deviation,avg_steps,total_steps,E_redemptions,comprehensive_score,usage_rate,random_dirichlet,degree_exponent_succ,degree_exponent_dis,degree_exponent_tran
random,50,500,38.786,6.599288,2.568908,3.75584,187.792,41.008,58.67627,0.82015,"[10, 10, 10]",-0.5,0.8,0.0
degreeTopM,50,500,37.401,6.901159,2.627006,3.9245,196.22518,40.808,58.7271,0.81616,"[10, 10, 10]",-0.5,0.8,0.0
pageRank,50,500,37.793,7.324489,2.706379,3.81074,190.5371,40.538,58.2194,0.81076,"[10, 10, 10]",-0.5,0.8,0.0
alpha_sort,50,500,33.973,9.073498,3.012225,2.28047,114.0235,35.188,45.98285,0.70375,"[10, 10, 10]",-0.5,0.8,0.0
ris_optimized,50,500,40.308,7.445136,2.728578,3.62212,181.106,42.036,59.2826,0.84072,"[10, 10, 10]",-0.5,0.8,0.0
1hop_sort,50,500,33.224,9.462157,3.076062,2.26006,113.00306,34.951,45.38805,0.69902,"[10, 10, 10]",-0.5,0.8,0.0
monterCarlo_CELF,50,500,40.214,7.380501,2.716708,3.61527,180.76345,42.714,59.54068,0.85429,"[10, 10, 10]",-0.5,0.8,0.0
