method,seed_num,num_sims,E_activated_users,variance,std_deviation,avg_steps,total_steps,E_redemptions,comprehensive_score,usage_rate,random_dirichlet,degree_exponent_succ,degree_exponent_dis,degree_exponent_tran
random,100,500,24.888,16.687456,4.085028274075958,2.4813199999999997,248.13199999999998,24.894,49.7042,0.24894,"[10, 10, 10]",-0.5,0.8,0.0
degreeTopM,100,500,8.838,7.671756,2.769793494107458,1.7057200000000001,170.572,8.86,25.906200000000002,0.0886,"[10, 10, 10]",-0.5,0.8,0.0
pageRank,100,500,9.504,8.201983999999998,2.8639106131302348,1.7442599999999997,174.42599999999996,9.528,26.958599999999997,0.09528,"[10, 10, 10]",-0.5,0.8,0.0
alpha_sort,100,500,52.938,28.938155999999996,5.379419671302844,2.0109,201.09,52.992,73.07400000000001,0.52992,"[10, 10, 10]",-0.5,0.8,0.0
ris_optimized,100,500,40.952,25.173695999999996,5.017339534055872,2.3438600000000003,234.38600000000002,41.09,64.45960000000001,0.41090000000000004,"[10, 10, 10]",-0.5,0.8,0.0
1hop_sort,100,500,55.064,25.407904,5.040625358028506,2.1256600000000003,212.56600000000003,56.07,76.8236,0.5607,"[10, 10, 10]",-0.5,0.8,0.0
