method,seed_num,num_sims,E_activated_users,variance,std_deviation,avg_steps,total_steps,E_redemptions,comprehensive_score,usage_rate,random_dirichlet,degree_exponent_succ,degree_exponent_dis,degree_exponent_tran
random,100,500,39.904,19.290784,4.39212750270299,2.66246,266.246,46.806,69.9796,0.46806,"[10, 10, 10]",0.1,0.1,0.1
degreeTopM,100,500,35.348,16.146896,4.01832004698481,2.4027600000000002,240.276,48.002,65.7026,0.48002,"[10, 10, 10]",0.1,0.1,0.1
pageRank,100,500,36.134,19.164044,4.377675638966414,2.3993599999999997,239.93599999999998,47.372,65.7466,0.47372,"[10, 10, 10]",0.1,0.1,0.1
alpha_sort,100,500,40.012,21.695855999999996,4.657881063316236,1.0,100.0,40.012,50.012,0.40012000000000003,"[10, 10, 10]",0.1,0.1,0.1
ris_optimized,100,500,43.364,21.879504,4.67755320653865,2.14424,214.42399999999998,46.804,66.5264,0.46804,"[10, 10, 10]",0.1,0.1,0.1
ris_naive,100,500,43.086,21.610604,4.648720684231308,2.2164800000000007,221.64800000000008,47.164,67.28980000000001,0.47164,"[10, 10, 10]",0.1,0.1,0.1
monterCarlo_CELF,100,500,41.06,19.9724,4.469049115863463,2.9549000000000003,295.49,51.042,75.60000000000001,0.51042,"[10, 10, 10]",0.1,0.1,0.1
