method,seed_num,num_sims,E_activated_users,variance,std_deviation,avg_steps,total_steps,E_redemptions,comprehensive_score,usage_rate,random_dirichlet,degree_exponent_succ,degree_exponent_dis,degree_exponent_tran
random,40,500,17.592,9.729536,3.11922,1.6893,67.572,17.61,24.3582,0.44025,"[10, 10, 10]",-0.5,0.8,0.0
degreeTopM,40,500,8.458,5.328236,2.308297,1.3685,54.74,8.52,13.963,0.213,"[10, 10, 10]",-0.5,0.8,0.0
pageRank,40,500,8.54,6.4964,2.548804,1.3928,55.712,8.558,14.1202,0.21395,"[10, 10, 10]",-0.5,0.8,0.0
alpha_sort,40,500,22.531,4.986106,2.232959,1.12732,45.0928,22.539,27.04428,0.56348,"[10, 10, 10]",-0.5,0.8,0.0
ris_optimized,40,500,24.322,10.502316,3.240728,1.6874,67.496,24.34,31.0806,0.6085,"[10, 10, 10]",-0.5,0.8,0.0
1hop_sort,40,500,22.923,5.336066,2.309993,1.25413,50.16532,23.473,28.21458,0.58681,"[10, 10, 10]",-0.5,0.8,0.0
monterCarlo_CELF,40,500,24.295,10.676485,3.267489,1.71193,68.4772,24.459,31.22472,0.61148,"[10, 10, 10]",-0.5,0.8,0.0
