method,seed_num,num_sims,E_activated_users,variance,std_deviation,avg_steps,total_steps,E_redemptions,comprehensive_score,usage_rate,random_dirichlet,degree_exponent_succ,degree_exponent_dis,degree_exponent_tran
random,110,500,49.15,27.0195,5.198028,1.71235,188.3585,49.414,68.11785,0.44922,"[10, 10, 10]",-0.5,0.8,0.0
degreeTopM,110,500,28.456,18.832064,4.339593,1.41831,156.0141,28.834,44.24641,0.26213,"[10, 10, 10]",-0.5,0.8,0.0
pageRank,110,500,29.054,20.275084,4.502786,1.41313,155.4443,29.442,44.79243,0.26765,"[10, 10, 10]",-0.5,0.8,0.0
alpha_sort,110,500,59.761,15.171828,3.895103,1.182,130.02,59.871,72.818,0.54428,"[10, 10, 10]",-0.5,0.8,0.0
ris_optimized,110,500,65.534,25.936844,5.092823,1.66507,183.1577,65.688,83.92677,0.59716,"[10, 10, 10]",-0.5,0.8,0.0
1hop_sort,110,500,59.912,14.721873,3.836909,1.2711,139.821,61.307,74.59163,0.55734,"[10, 10, 10]",-0.5,0.8,0.0
monterCarlo_CELF,110,500,65.346,24.88233,4.988219,1.69458,186.4038,65.795,84.21088,0.59814,"[10, 10, 10]",-0.5,0.8,0.0
