method,seed_num,num_sims,E_activated_users,variance,std_deviation,avg_steps,total_steps,E_redemptions,comprehensive_score,usage_rate,random_dirichlet,degree_exponent_succ,degree_exponent_dis,degree_exponent_tran
random,20,500,9.27,4.4891,2.11875,1.7136,34.272,9.272,12.6982,0.4636,"[10, 10, 10]",-0.5,0.8,0.0
degreeTopM,20,500,3.38,2.7436,1.656382,1.339,26.78,3.384,6.06,0.1692,"[10, 10, 10]",-0.5,0.8,0.0
pageRank,20,500,3.222,2.300716,1.516811,1.3394,26.788,3.224,5.9018,0.1612,"[10, 10, 10]",-0.5,0.8,0.0
alpha_sort,20,500,11.895,2.6956,1.641828,1.10634,22.1268,11.895,14.10768,0.59475,"[10, 10, 10]",-0.5,0.8,0.0
ris_optimized,20,500,12.258,4.783436,2.187107,1.5827,31.654,12.258,15.4234,0.6129,"[10, 10, 10]",-0.5,0.8,0.0
1hop_sort,20,500,11.435,2.419096,1.555344,1.17908,23.58166,11.621,13.88642,0.58107,"[10, 10, 10]",-0.5,0.8,0.0
monterCarlo_CELF,20,500,12.471,4.617486,2.148834,1.58755,31.751,12.766,15.7936,0.6383,"[10, 10, 10]",-0.5,0.8,0.0
