method,seed_num,num_sims,E_activated_users,variance,std_deviation,avg_steps,total_steps,E_redemptions,comprehensive_score,usage_rate,random_dirichlet,degree_exponent_succ,degree_exponent_dis,degree_exponent_tran
random,30,500,12.436,7.129904,2.670188,1.69967,50.9901,12.456,17.54501,0.4152,"[10, 10, 10]",-0.5,0.8,0.0
degreeTopM,30,500,6.008,4.335936,2.082291,1.3794,41.382,6.026,10.1552,0.20087,"[10, 10, 10]",-0.5,0.8,0.0
pageRank,30,500,6.272,4.894016,2.212242,1.36567,40.9701,6.3,10.38301,0.21,"[10, 10, 10]",-0.5,0.8,0.0
alpha_sort,30,500,17.702,3.948178,1.987002,1.14346,34.3038,17.704,21.13338,0.59013,"[10, 10, 10]",-0.5,0.8,0.0
ris_optimized,30,500,18.872,6.847616,2.616795,1.64193,49.2579,18.874,23.79879,0.62913,"[10, 10, 10]",-0.5,0.8,0.0
1hop_sort,30,500,17.668,3.827363,1.956365,1.21828,36.5484,17.852,21.41509,0.59508,"[10, 10, 10]",-0.5,0.8,0.0
monterCarlo_CELF,30,500,19.113,6.981538,2.64226,1.67089,50.1267,19.728,24.43317,0.6576,"[10, 10, 10]",-0.5,0.8,0.0
