method,seed_num,num_sims,E_activated_users,variance,std_deviation,avg_steps,total_steps,E_redemptions,comprehensive_score,usage_rate,random_dirichlet,degree_exponent_succ,degree_exponent_dis,degree_exponent_tran
random,50,500,21.786,12.656204,3.557556,1.72384,86.192,21.858,30.4412,0.43716,"[10, 10, 10]",-0.5,0.8,0.0
degreeTopM,50,500,11.838,8.927756,2.987935,1.39968,69.984,11.916,18.8754,0.23832,"[10, 10, 10]",-0.5,0.8,0.0
pageRank,50,500,11.88,8.0616,2.839296,1.4024,70.12,11.932,18.918,0.23864,"[10, 10, 10]",-0.5,0.8,0.0
alpha_sort,50,500,28.941,6.504821,2.550455,1.14695,57.3475,28.959,34.68475,0.57918,"[10, 10, 10]",-0.5,0.8,0.0
ris_optimized,50,500,29.588,12.242256,3.498894,1.64772,82.386,29.602,37.8336,0.59204,"[10, 10, 10]",-0.5,0.8,0.0
1hop_sort,50,500,28.941,7.340731,2.709378,1.23381,61.69062,29.477,35.37776,0.58953,"[10, 10, 10]",-0.5,0.8,0.0
monterCarlo_CELF,50,500,29.519,12.135974,3.483672,1.6446,82.23,30.08,38.0225,0.6016,"[10, 10, 10]",-0.5,0.8,0.0
