method,seed_num,num_sims,E_activated_users,variance,std_deviation,avg_steps,total_steps,E_redemptions,comprehensive_score,usage_rate,random_dirichlet,degree_exponent_succ,degree_exponent_dis,degree_exponent_tran
random,70,500,31.806,15.716364,3.964387,1.69889,118.9223,31.91,43.75023,0.45586,"[10, 10, 10]",-0.5,0.8,0.0
degreeTopM,70,500,16.556,12.702864,3.564108,1.37914,96.5398,16.674,26.26898,0.2382,"[10, 10, 10]",-0.5,0.8,0.0
pageRank,70,500,16.832,10.859776,3.295417,1.38163,96.7141,16.954,26.56441,0.2422,"[10, 10, 10]",-0.5,0.8,0.0
alpha_sort,70,500,39.578,10.302611,3.209768,1.16381,81.4667,39.61,47.74067,0.56586,"[10, 10, 10]",-0.5,0.8,0.0
ris_optimized,70,500,42.268,16.916176,4.112928,1.66423,116.4961,42.404,53.98561,0.60577,"[10, 10, 10]",-0.5,0.8,0.0
1hop_sort,70,500,39.567,9.521354,3.085669,1.2368,86.57568,40.104,48.49344,0.57292,"[10, 10, 10]",-0.5,0.8,0.0
monterCarlo_CELF,70,500,42.615,16.795104,4.098183,1.66429,116.5003,42.927,54.42103,0.61324,"[10, 10, 10]",-0.5,0.8,0.0
