method,seed_num,num_sims,E_activated_users,variance,std_deviation,avg_steps,total_steps,E_redemptions,comprehensive_score,usage_rate,random_dirichlet,degree_exponent_succ,degree_exponent_dis,degree_exponent_tran
random,90,500,40.626,19.326124,4.396149,1.69116,152.2044,40.734,55.90044,0.4526,"[10, 10, 10]",-0.5,0.8,0.0
degreeTopM,90,500,19.692,14.473136,3.804358,1.39644,125.6796,19.864,32.34596,0.22071,"[10, 10, 10]",-0.5,0.8,0.0
pageRank,90,500,20.262,15.405356,3.924966,1.40327,126.2943,20.434,32.97743,0.22704,"[10, 10, 10]",-0.5,0.8,0.0
alpha_sort,90,500,49.33,13.959629,3.736259,1.17129,105.4161,49.371,59.89211,0.54857,"[10, 10, 10]",-0.5,0.8,0.0
ris_optimized,90,500,55.224,20.909824,4.572726,1.63089,146.7801,55.466,70.02301,0.61629,"[10, 10, 10]",-0.5,0.8,0.0
1hop_sort,90,500,49.565,12.223312,3.496185,1.26088,113.47902,50.909,61.58485,0.56565,"[10, 10, 10]",-0.5,0.8,0.0
monterCarlo_CELF,90,500,55.397,21.40545,4.626602,1.64485,148.0365,55.659,70.33165,0.61843,"[10, 10, 10]",-0.5,0.8,0.0
