method,seed_num,num_sims,E_activated_users,variance,std_deviation,avg_steps,total_steps,E_redemptions,comprehensive_score,usage_rate,random_dirichlet,degree_exponent_succ,degree_exponent_dis,degree_exponent_tran
random,80,500,35.844,16.947664,4.116754,1.69472,135.5776,35.956,49.45776,0.44945,"[10, 10, 10]",-0.5,0.8,0.0
degreeTopM,80,500,18.874,13.082124,3.616922,1.39915,111.932,19.042,30.1512,0.23802,"[10, 10, 10]",-0.5,0.8,0.0
pageRank,80,500,18.846,13.590284,3.6865,1.4043,112.344,18.968,30.1414,0.2371,"[10, 10, 10]",-0.5,0.8,0.0
alpha_sort,80,500,44.649,11.268114,3.356801,1.18201,94.5608,44.707,54.13408,0.55884,"[10, 10, 10]",-0.5,0.8,0.0
ris_optimized,80,500,49.112,17.839456,4.223678,1.65448,132.3584,49.29,62.43684,0.61612,"[10, 10, 10]",-0.5,0.8,0.0
1hop_sort,80,500,45.512,9.898646,3.146211,1.27607,102.08548,46.494,56.21135,0.58117,"[10, 10, 10]",-0.5,0.8,0.0
monterCarlo_CELF,80,500,49.519,18.199795,4.266122,1.63912,131.1296,50.026,62.88546,0.62532,"[10, 10, 10]",-0.5,0.8,0.0
