method,seed_num,num_sims,E_activated_users,variance,std_deviation,avg_steps,total_steps,E_redemptions,comprehensive_score,usage_rate,random_dirichlet,degree_exponent_succ,degree_exponent_dis,degree_exponent_tran
random,150,500,68.53,33.8931,5.821778,1.66592,249.888,68.992,93.7498,0.45995,"[10, 10, 10]",-0.5,0.8,0.0
degreeTopM,150,500,40.562,27.786156,5.271258,1.45777,218.6655,41.302,62.79855,0.27535,"[10, 10, 10]",-0.5,0.8,0.0
pageRank,150,500,40.97,28.2651,5.316493,1.46325,219.4875,41.574,63.22075,0.27716,"[10, 10, 10]",-0.5,0.8,0.0
alpha_sort,150,500,82.365,22.653894,4.759611,1.18669,178.0035,82.848,100.40685,0.55232,"[10, 10, 10]",-0.5,0.8,0.0
ris_optimized,150,500,87.682,36.652876,6.054162,1.67331,250.9965,88.01,112.94565,0.58673,"[10, 10, 10]",-0.5,0.8,0.0
1hop_sort,150,500,81.476,19.16421,4.377695,1.24791,187.18657,84.41,101.66173,0.56274,"[10, 10, 10]",-0.5,0.8,0.0
monterCarlo_CELF,150,500,88.996,36.459939,6.038207,1.66722,250.083,89.036,114.0243,0.59357,"[10, 10, 10]",-0.5,0.8,0.0
