method,seed_num,num_sims,E_activated_users,variance,std_deviation,avg_steps,total_steps,E_redemptions,comprehensive_score,usage_rate,random_dirichlet,degree_exponent_succ,degree_exponent_dis,degree_exponent_tran
random,120,500,54.426,27.292524,5.224225,1.71172,205.4064,54.618,75.06264,0.45515,"[10, 10, 10]",-0.5,0.8,0.0
degreeTopM,120,500,31.29,21.6979,4.6581,1.412,169.44,31.82,48.499,0.26517,"[10, 10, 10]",-0.5,0.8,0.0
pageRank,120,500,31.648,19.824096,4.452426,1.41103,169.3236,32.114,48.81336,0.26762,"[10, 10, 10]",-0.5,0.8,0.0
alpha_sort,120,500,65.169,19.752614,4.444391,1.18795,142.554,65.307,79.4934,0.54423,"[10, 10, 10]",-0.5,0.8,0.0
ris_optimized,120,500,70.37,28.1451,5.305196,1.70575,204.69,70.614,90.961,0.58845,"[10, 10, 10]",-0.5,0.8,0.0
1hop_sort,120,500,65.132,16.595265,4.073729,1.24891,149.86896,66.99,81.048,0.55825,"[10, 10, 10]",-0.5,0.8,0.0
monterCarlo_CELF,120,500,71.347,29.038261,5.388716,1.73801,208.5612,72.024,92.54162,0.6002,"[10, 10, 10]",-0.5,0.8,0.0
