method,seed_num,num_sims,E_activated_users,variance,std_deviation,avg_steps,total_steps,E_redemptions,comprehensive_score,usage_rate,random_dirichlet,degree_exponent_succ,degree_exponent_dis,degree_exponent_tran
random,140,500,64.874,34.282124,5.855094,1.71313,239.8382,65.304,89.07282,0.46646,"[10, 10, 10]",-0.5,0.8,0.0
degreeTopM,140,500,37.25,22.3435,4.726891,1.44589,202.4246,37.844,57.78946,0.27031,"[10, 10, 10]",-0.5,0.8,0.0
pageRank,140,500,37.332,25.017776,5.001777,1.45021,203.0294,37.878,57.90794,0.27056,"[10, 10, 10]",-0.5,0.8,0.0
alpha_sort,140,500,76.029,21.676377,4.65579,1.18243,165.5402,76.391,92.76402,0.54565,"[10, 10, 10]",-0.5,0.8,0.0
ris_optimized,140,500,82.442,32.474636,5.698652,1.67127,233.9778,82.878,106.05778,0.59199,"[10, 10, 10]",-0.5,0.8,0.0
1hop_sort,140,500,76.794,17.956453,4.237506,1.25143,175.2009,78.252,95.04294,0.55894,"[10, 10, 10]",-0.5,0.8,0.0
monterCarlo_CELF,140,500,83.472,31.051116,5.572353,1.68427,235.7978,83.693,107.16228,0.59781,"[10, 10, 10]",-0.5,0.8,0.0
