method,seed_num,num_sims,E_activated_users,variance,std_deviation,avg_steps,total_steps,E_redemptions,comprehensive_score,usage_rate,random_dirichlet,degree_exponent_succ,degree_exponent_dis,degree_exponent_tran
random,100,500,46.168,23.267776,4.823668,1.70858,170.858,46.3,63.3198,0.463,"[10, 10, 10]",-0.5,0.8,0.0
degreeTopM,100,500,24.968,18.222976,4.268838,1.45704,145.704,25.232,39.6704,0.25232,"[10, 10, 10]",-0.5,0.8,0.0
pageRank,100,500,25.87,17.5251,4.186299,1.46566,146.566,26.194,40.6886,0.26194,"[10, 10, 10]",-0.5,0.8,0.0
alpha_sort,100,500,55.403,14.438417,3.799792,1.18995,118.995,55.694,67.448,0.55694,"[10, 10, 10]",-0.5,0.8,0.0
ris_optimized,100,500,61.994,19.817964,4.451737,1.66102,166.102,62.214,78.7142,0.62214,"[10, 10, 10]",-0.5,0.8,0.0
1hop_sort,100,500,56.192,13.204625,3.633817,1.27024,127.02355,57.807,69.7014,0.57807,"[10, 10, 10]",-0.5,0.8,0.0
monterCarlo_CELF,100,500,63.094,18.86798,4.343729,1.69066,169.066,65.336,81.1216,0.65336,"[10, 10, 10]",-0.5,0.8,0.0
