method,seed_num,num_sims,E_activated_users,variance,std_deviation,avg_steps,total_steps,E_redemptions,comprehensive_score,usage_rate,random_dirichlet,degree_exponent_succ,degree_exponent_dis,degree_exponent_tran
random,60,500,28.376,14.322624,3.784524,1.6423,98.538,28.508,38.2958,0.47513,"[10, 10, 10]",-0.5,0.8,0.0
degreeTopM,60,500,13.218,9.138476,3.022991,1.4086,84.516,13.3,21.7106,0.22167,"[10, 10, 10]",-0.5,0.8,0.0
pageRank,60,500,13.502,9.509996,3.083828,1.41193,84.7158,13.594,22.01958,0.22657,"[10, 10, 10]",-0.5,0.8,0.0
alpha_sort,60,500,34.506,8.947886,2.991302,1.16116,69.6696,34.53,41.48496,0.5755,"[10, 10, 10]",-0.5,0.8,0.0
ris_optimized,60,500,35.708,15.302736,3.911871,1.6404,98.424,35.744,45.5684,0.59573,"[10, 10, 10]",-0.5,0.8,0.0
1hop_sort,60,500,34.286,7.437464,2.727171,1.2474,74.84385,35.075,42.16509,0.58458,"[10, 10, 10]",-0.5,0.8,0.0
monterCarlo_CELF,60,500,36.262,15.274364,3.908243,1.66591,99.9546,37.716,46.98446,0.6286,"[10, 10, 10]",-0.5,0.8,0.0
