method,seed_num,num_sims,E_activated_users,variance,std_deviation,avg_steps,total_steps,E_redemptions,comprehensive_score,usage_rate,random_dirichlet,degree_exponent_succ,degree_exponent_dis,degree_exponent_tran
random,130,500,61.928,30.734816,5.543899,1.65457,215.0941,62.294,83.62041,0.47918,"[10, 10, 10]",-0.5,0.8,0.0
degreeTopM,130,500,34.28,23.3296,4.830072,1.42328,185.0264,34.822,53.05364,0.26786,"[10, 10, 10]",-0.5,0.8,0.0
pageRank,130,500,34.642,23.489836,4.846631,1.43148,186.0924,35.096,53.47824,0.26997,"[10, 10, 10]",-0.5,0.8,0.0
alpha_sort,130,500,71.318,18.723316,4.327045,1.16393,151.3109,71.521,86.55059,0.55016,"[10, 10, 10]",-0.5,0.8,0.0
ris_optimized,130,500,78.43,28.0771,5.298783,1.65597,215.2761,78.694,100.08961,0.60534,"[10, 10, 10]",-0.5,0.8,0.0
1hop_sort,130,500,70.59,17.773328,4.215842,1.239,161.06994,72.427,87.61539,0.55713,"[10, 10, 10]",-0.5,0.8,0.0
monterCarlo_CELF,130,500,78.996,29.477191,5.42929,1.67771,218.1023,81.728,102.17223,0.62868,"[10, 10, 10]",-0.5,0.8,0.0
