method,seed_num,num_sims,E_activated_users,variance,std_deviation,avg_steps,total_steps,E_redemptions,comprehensive_score,usage_rate,random_dirichlet,degree_exponent_succ,degree_exponent_dis,degree_exponent_tran
random,300,500,147.396,72.94718400000001,8.54091236344221,1.7712466666666669,531.374,150.624,202.1474,0.50208,"[10, 10, 10]",0.1,0.1,0.1
degreeTopM,300,500,123.004,55.315984,7.437471613391207,1.6883,506.48999999999995,128.36,176.33100000000002,0.42786666666666673,"[10, 10, 10]",0.1,0.1,0.1
pageRank,300,500,123.242,52.199436,7.224917715794416,1.69302,507.906,128.824,176.82360000000003,0.42941333333333337,"[10, 10, 10]",0.1,0.1,0.1
alpha_sort,300,500,160.29,68.49789999999999,8.276345812011481,1.6387933333333335,491.6380000000001,165.368,211.99280000000002,0.5512266666666666,"[10, 10, 10]",0.1,0.1,0.1
ris_optimized,300,500,156.716,79.37934400000002,8.90950862842615,1.8658733333333335,559.7620000000001,161.182,214.92520000000002,0.5372733333333333,"[10, 10, 10]",0.1,0.1,0.1
ris_naive,300,500,155.73,70.7171,8.409345991217153,1.8306733333333334,549.202,159.828,212.6992,0.53276,"[10, 10, 10]",0.1,0.1,0.1
monterCarlo_CELF,300,500,151.436,76.061904,8.721347602291747,1.8091,542.73,155.68,207.831,0.5189333333333334,"[10, 10, 10]",0.1,0.1,0.1
