method,seed_num,num_sims,E_activated_users,variance,std_deviation,avg_steps,total_steps,E_redemptions,comprehensive_score,usage_rate,random_dirichlet,degree_exponent_succ,degree_exponent_dis,degree_exponent_tran
random,200,500,98.674,46.335724,6.807034890464423,1.7951100000000002,359.02200000000005,100.154,135.3162,0.5007699999999999,"[10, 10, 10]",0.1,0.1,0.1
degreeTopM,200,500,72.532,35.396975999999995,5.949535780210082,1.5857,317.14000000000004,74.722,105.34100000000001,0.37361,"[10, 10, 10]",0.1,0.1,0.1
pageRank,200,500,72.764,35.144304000000005,5.928263152053897,1.59117,318.234,74.914,105.66239999999999,0.37457,"[10, 10, 10]",0.1,0.1,0.1
alpha_sort,200,500,107.842,44.057036,6.637547438625203,1.4963199999999999,299.26399999999995,109.79,138.7424,0.54895,"[10, 10, 10]",0.1,0.1,0.1
ris_optimized,200,500,105.764,47.33230399999999,6.879847672732296,1.8690499999999999,373.81,107.822,144.174,0.53911,"[10, 10, 10]",0.1,0.1,0.1
ris_naive,200,500,105.818,45.236876,6.7258364535572825,1.8711200000000001,374.22400000000005,107.838,144.2504,0.53919,"[10, 10, 10]",0.1,0.1,0.1
monterCarlo_CELF,200,500,103.016,46.935744,6.8509666471236015,1.8398299999999999,367.96599999999995,105.1,140.8546,0.5255,"[10, 10, 10]",0.1,0.1,0.1
