method,seed_num,num_sims,E_activated_users,variance,std_deviation,avg_steps,total_steps,E_redemptions,comprehensive_score,usage_rate,random_dirichlet,degree_exponent_succ,degree_exponent_dis,degree_exponent_tran
random,150,500,73.136,31.885503999999997,5.6467250685685055,1.7785066666666667,266.776,73.914,100.2026,0.49276000000000003,"[10, 10, 10]",0.1,0.1,0.1
degreeTopM,150,500,44.772,25.864015999999996,5.085667704441571,1.4650666666666665,219.76,45.672,67.198,0.30448,"[10, 10, 10]",0.1,0.1,0.1
pageRank,150,500,44.748,21.848496,4.674237477920864,1.4650133333333333,219.75199999999998,45.726,67.2122,0.30484,"[10, 10, 10]",0.1,0.1,0.1
alpha_sort,150,500,79.804,39.037584,6.248006402045376,1.3435466666666667,201.532,80.54,100.3252,0.5369333333333334,"[10, 10, 10]",0.1,0.1,0.1
ris_optimized,150,500,80.352,30.764096,5.546539101097188,1.8815333333333333,282.23,81.69,109.244,0.5446,"[10, 10, 10]",0.1,0.1,0.1
ris_naive,150,500,79.878,33.395116,5.778850750798121,1.88648,282.972,81.092,108.7822,0.5406133333333333,"[10, 10, 10]",0.1,0.1,0.1
monterCarlo_CELF,150,500,79.14,35.596399999999996,5.966271867757955,1.8724266666666667,280.864,80.434,107.8734,0.5362266666666666,"[10, 10, 10]",0.1,0.1,0.1
