method,seed_num,num_sims,E_activated_users,variance,std_deviation,avg_steps,total_steps,E_redemptions,comprehensive_score,usage_rate,random_dirichlet,degree_exponent_succ,degree_exponent_dis,degree_exponent_tran
random,100,500,48.588,21.834256,4.6727139865393,1.78726,178.726,48.962,66.64760000000001,0.48962000000000006,"[10, 10, 10]",0.1,0.1,0.1
degreeTopM,100,500,14.928,12.594815999999998,3.548917581460578,1.181,118.10000000000001,14.976,26.762000000000004,0.14976,"[10, 10, 10]",0.1,0.1,0.1
pageRank,100,500,14.878,12.135115999999998,3.4835493393950943,1.18076,118.07600000000001,14.936,26.7146,0.14936,"[10, 10, 10]",0.1,0.1,0.1
alpha_sort,100,500,49.672,25.380416,5.037897974353987,1.0,100.0,49.672,59.672,0.49672,"[10, 10, 10]",0.1,0.1,0.1
ris_optimized,100,500,53.566,24.309644,4.930481112427062,1.8865,188.65,54.05,72.673,0.5405,"[10, 10, 10]",0.1,0.1,0.1
ris_naive,100,500,53.592,21.165536,4.600601699777975,1.8748399999999998,187.48399999999998,54.146,72.6174,0.54146,"[10, 10, 10]",0.1,0.1,0.1
monterCarlo_CELF,100,500,52.08,23.105600000000003,4.806828476240858,1.84398,184.398,52.644,70.8018,0.52644,"[10, 10, 10]",0.1,0.1,0.1
