method,seed_num,num_sims,E_activated_users,variance,std_deviation,avg_steps,total_steps,E_redemptions,comprehensive_score,usage_rate,random_dirichlet,degree_exponent_succ,degree_exponent_dis,degree_exponent_tran
random,200,500,94.564,49.749904,7.053361,1.68925,337.85,94.708,128.421,0.47354,"[10, 10, 10]",-0.5,0.8,0.0
degreeTopM,200,500,38.824,32.577024,5.707629,1.3344,266.88,39.06,65.63,0.1953,"[10, 10, 10]",-0.5,0.8,0.0
pageRank,200,500,40.786,31.104204,5.577114,1.35746,271.492,40.926,68.0052,0.20463,"[10, 10, 10]",-0.5,0.8,0.0
alpha_sort,200,500,112.376,25.109936,5.010982,1.07371,214.742,112.461,133.8927,0.5623,"[10, 10, 10]",-0.5,0.8,0.0
ris_optimized,200,500,117.22,50.0196,7.072454,1.67224,334.448,117.472,150.7908,0.58736,"[10, 10, 10]",-0.5,0.8,0.0
1hop_sort,200,500,111.417,23.360282,4.833248,1.15323,230.6467,114.891,136.2187,0.57446,"[10, 10, 10]",-0.5,0.8,0.0
monterCarlo_CELF,200,500,119.475,51.204431,7.155727,1.69095,338.19,123.241,155.177,0.6162,"[10, 10, 10]",-0.5,0.8,0.0
