method,seed_num,num_sims,E_activated_users,variance,std_deviation,avg_steps,total_steps,E_redemptions,comprehensive_score,usage_rate,random_dirichlet,degree_exponent_succ,degree_exponent_dis,degree_exponent_tran
random,400,500,185.868,95.690576,9.782156,1.69303,677.212,186.548,253.9292,0.46637,"[10, 10, 10]",-0.5,0.8,0.0
degreeTopM,400,500,88.28,68.5816,8.281401,1.37796,551.184,89.386,143.9514,0.22346,"[10, 10, 10]",-0.5,0.8,0.0
pageRank,400,500,92.086,67.982604,8.245156,1.3938,557.52,93.114,148.352,0.23279,"[10, 10, 10]",-0.5,0.8,0.0
alpha_sort,400,500,218.056,47.523167,6.893705,1.1007,440.28,218.357,262.2345,0.54589,"[10, 10, 10]",-0.5,0.8,0.0
ris_optimized,400,500,234.21,94.9659,9.745045,1.71335,685.34,234.864,303.071,0.58716,"[10, 10, 10]",-0.5,0.8,0.0
1hop_sort,400,500,218.35,50.755771,7.124308,1.17561,470.2424,224.723,268.56092,0.56181,"[10, 10, 10]",-0.5,0.8,0.0
monterCarlo_CELF,400,500,233.649,91.766445,9.57948,1.70414,681.656,237.462,303.7211,0.59365,"[10, 10, 10]",-0.5,0.8,0.0
