method,seed_num,num_sims,E_activated_users,variance,std_deviation,avg_steps,total_steps,E_redemptions,comprehensive_score,usage_rate,random_dirichlet,degree_exponent_succ,degree_exponent_dis,degree_exponent_tran
random,100,500,47.394,22.098764,4.700932,1.62352,162.352,47.448,63.6562,0.47448,"[10, 10, 10]",-0.5,0.8,0.0
degreeTopM,100,500,16.856,13.311264,3.64846,1.31928,131.928,16.888,30.0648,0.16888,"[10, 10, 10]",-0.5,0.8,0.0
pageRank,100,500,18.096,14.462784,3.802997,1.34132,134.132,18.132,31.5272,0.18132,"[10, 10, 10]",-0.5,0.8,0.0
alpha_sort,100,500,57.545,9.498708,3.081997,1.04978,104.978,57.56,68.0503,0.5756,"[10, 10, 10]",-0.5,0.8,0.0
ris_optimized,100,500,60.136,22.481504,4.741466,1.65648,165.648,60.178,76.7218,0.60178,"[10, 10, 10]",-0.5,0.8,0.0
1hop_sort,100,500,57.251,11.294488,3.360727,1.13302,113.30175,58.83,69.37042,0.5883,"[10, 10, 10]",-0.5,0.8,0.0
monterCarlo_CELF,100,500,61.203,21.403841,4.626429,1.68604,168.604,63.378,79.1509,0.63378,"[10, 10, 10]",-0.5,0.8,0.0
