method,seed_num,num_sims,E_activated_users,variance,std_deviation,avg_steps,total_steps,E_redemptions,comprehensive_score,usage_rate,random_dirichlet,degree_exponent_succ,degree_exponent_dis,degree_exponent_tran
random,300,500,141.67,66.5171,8.155802,1.70126,510.378,142.074,192.9098,0.47358,"[10, 10, 10]",-0.5,0.8,0.0
degreeTopM,300,500,61.628,49.669616,7.047667,1.38203,414.609,62.212,103.3809,0.20737,"[10, 10, 10]",-0.5,0.8,0.0
pageRank,300,500,65.032,54.862976,7.406955,1.39357,418.071,65.5,107.0731,0.21833,"[10, 10, 10]",-0.5,0.8,0.0
alpha_sort,300,500,164.859,37.23477,6.10203,1.07522,322.566,165.264,197.3181,0.55088,"[10, 10, 10]",-0.5,0.8,0.0
ris_optimized,300,500,178.682,76.268876,8.733205,1.70752,512.256,179.136,230.1346,0.59712,"[10, 10, 10]",-0.5,0.8,0.0
1hop_sort,300,500,168.056,32.981218,5.742928,1.18334,355.0017,172.809,205.93254,0.57603,"[10, 10, 10]",-0.5,0.8,0.0
monterCarlo_CELF,300,500,179.248,75.123355,8.667373,1.73581,520.743,182.217,232.8068,0.60739,"[10, 10, 10]",-0.5,0.8,0.0
