method,seed_num,num_sims,E_activated_users,variance,std_deviation,avg_steps,total_steps,E_redemptions,comprehensive_score,usage_rate,random_dirichlet,degree_exponent_succ,degree_exponent_dis,degree_exponent_tran
random,256,500,75.902,58.148396000000005,7.625509556744388,3.003484375,768.892,76.128,152.9042,0.297375,"[10, 10, 10]",-0.5,0.8,0.0
degreeTopM,256,500,37.24,32.9624,5.741289053862381,2.308734375,591.036,37.586,96.5166,0.1468203125,"[10, 10, 10]",-0.5,0.8,0.0
pageRank,256,500,40.732,32.308176,5.6840281491210085,2.3578203125,603.602,41.04,101.2462,0.1603125,"[10, 10, 10]",-0.5,0.8,0.0
alpha_sort,256,500,132.384,58.792544,7.667629620684609,2.368265625,606.276,132.762,193.2006,0.5186015625,"[10, 10, 10]",-0.5,0.8,0.0
ris_path_aware,256,500,153.36143577913973,81.94540888978952,7.347679633734721,4.666046570981033,984.21,163.19411351848396,223.995,0.4923828125,"[10, 10, 10]",-0.5,0.8,0.0
1hop_sort,256,500,139.346,56.762284,7.534074860259885,2.510859375,642.78,144.276,206.089,0.563578125,"[10, 10, 10]",-0.5,0.8,0.0
