method,seed_num,num_sims,E_activated_users,variance,std_deviation,avg_steps,total_steps,E_redemptions,comprehensive_score,usage_rate,random_dirichlet,degree_exponent_succ,degree_exponent_dis,degree_exponent_tran
random,244,500,71.764,52.120304,7.219439313409317,3.065606557377049,748.008,72.22,146.7928,0.295983606557377,"[10, 10, 10]",-0.5,0.8,0.0
degreeTopM,244,500,35.23,30.1931,5.494824837972544,2.3386065573770494,570.62,35.468,92.411,0.1453606557377049,"[10, 10, 10]",-0.5,0.8,0.0
pageRank,244,500,38.714,30.648204,5.536082008063104,2.3974098360655733,584.9679999999998,38.94,97.32379999999998,0.1595901639344262,"[10, 10, 10]",-0.5,0.8,0.0
alpha_sort,244,500,127.274,55.418924,7.44438875932739,2.399131147540984,585.388,127.536,185.9438,0.5226885245901639,"[10, 10, 10]",-0.5,0.8,0.0
ris_path_aware,244,500,142.6488697341166,98.17574743075696,8.024498489002287,4.693679383331359,920.072,150.3054257545198,211.0852,0.4898524590163934,"[10, 10, 10]",-0.5,0.8,0.0
1hop_sort,244,500,136.49,51.8019,7.197353680346687,2.562,625.1279999999999,139.816,200.6658,0.573016393442623,"[10, 10, 10]",-0.5,0.8,0.0
