method,seed_num,num_sims,E_activated_users,variance,std_deviation,avg_steps,total_steps,E_redemptions,comprehensive_score,usage_rate,random_dirichlet,degree_exponent_succ,degree_exponent_dis,degree_exponent_tran
random,100,500,30.356,19.541264,4.4205501920009915,3.0181400000000003,301.814,30.378,60.5484,0.30378,"[10, 10, 10]",-0.5,0.8,0.0
degreeTopM,100,500,14.182,12.360876000000001,3.515803748789173,2.3596999999999997,235.96999999999997,14.236,37.806,0.14236000000000001,"[10, 10, 10]",-0.5,0.8,0.0
pageRank,100,500,15.81,11.913899999999998,3.451651778496782,2.43274,243.274,15.862,40.1634,0.15862,"[10, 10, 10]",-0.5,0.8,0.0
alpha_sort,100,500,55.728,21.866016,4.676111204836771,2.35228,235.22799999999998,55.752,79.2628,0.55752,"[10, 10, 10]",-0.5,0.8,0.0
ris_path_aware,100,500,50.89,23.2179,4.818495615853562,3.8611999999999997,386.11999999999995,51.042,89.578,0.51042,"[10, 10, 10]",-0.5,0.8,0.0
1hop_sort,100,500,57.468,24.368976,4.936494302640286,2.4653400000000003,246.53400000000002,59.128,82.9514,0.59128,"[10, 10, 10]",-0.5,0.8,0.0
