method,seed_num,num_sims,E_activated_users,variance,std_deviation,avg_steps,total_steps,E_redemptions,comprehensive_score,usage_rate,random_dirichlet,degree_exponent_succ,degree_exponent_dis,degree_exponent_tran
random,340,600,98.98666666666666,76.85315555555556,8.76659315558533,2.9958676470588235,1018.595,99.63833333333334,201.17200000000003,0.2930539215686275,"[10, 10, 10]",-0.5,0.8,0.0
degreeTopM,340,600,51.07666666666667,40.86078888888889,6.392244432817701,2.349490196078431,798.8266666666666,51.67166666666667,131.25683333333333,0.15197549019607842,"[10, 10, 10]",-0.5,0.8,0.0
pageRank,340,600,55.08833333333333,43.61386388888889,6.604079336962034,2.4021274509803927,816.7233333333335,55.76,137.09650000000002,0.164,"[10, 10, 10]",-0.5,0.8,0.0
alpha_sort,340,600,173.575,84.93770833333333,9.216165598193934,2.3541666666666665,800.4166666666666,174.41666666666666,254.03750000000002,0.5129901960784313,"[10, 10, 10]",-0.5,0.8,0.0
ris_path_aware,340,600,165.17666666666668,83.29545555555558,9.126634404617924,3.785862745098039,1287.1933333333334,166.61833333333334,294.6168333333334,0.4900539215686275,"[10, 10, 10]",-0.5,0.8,0.0
1hop_sort,340,600,183.94166666666666,72.55493055555554,8.517918205498075,2.510186274509804,853.4633333333333,190.99166666666667,272.813,0.5617401960784314,"[10, 10, 10]",-0.5,0.8,0.0
