method,seed_num,num_sims,E_activated_users,variance,std_deviation,avg_steps,total_steps,E_redemptions,comprehensive_score,usage_rate,random_dirichlet,degree_exponent_succ,degree_exponent_dis,degree_exponent_tran
random,304,600,88.575,57.27104166666667,7.567763319942469,3.0374725877192983,923.3916666666668,88.855,181.05416666666667,0.2922861842105263,"[10, 10, 10]",-0.5,0.8,0.0
degreeTopM,304,600,46.015,38.24810833333333,6.184505504349828,2.3784375,723.045,46.598333333333336,118.61116666666668,0.1532839912280701,"[10, 10, 10]",-0.5,0.8,0.0
pageRank,304,600,49.72666666666667,41.70528888888889,6.457963215200973,2.431217105263158,739.09,50.24333333333333,123.894,0.1652741228070175,"[10, 10, 10]",-0.5,0.8,0.0
alpha_sort,304,600,155.8766666666667,75.55145555555555,8.692034028669903,2.3963815789473686,728.5,156.19,228.88333333333333,0.5137828947368421,"[10, 10, 10]",-0.5,0.8,0.0
ris_path_aware,304,600,182.33526188794713,114.66667545158391,8.764602893964385,4.711147518706655,1184.5500000000002,188.5644866360378,266.7658333333334,0.4895175438596491,"[10, 10, 10]",-0.5,0.8,0.0
1hop_sort,304,600,165.11166666666668,68.45253055555557,8.273604447612634,2.5764802631578942,783.2499999999999,171.56,246.66083333333333,0.5643421052631579,"[10, 10, 10]",-0.5,0.8,0.0
