method,seed_num,num_sims,E_activated_users,variance,std_deviation,avg_steps,total_steps,E_redemptions,comprehensive_score,usage_rate,random_dirichlet,degree_exponent_succ,degree_exponent_dis,degree_exponent_tran
random,196,500,60.822,43.126316,6.567062966045019,3.004234693877551,588.8299999999999,61.024,119.806,0.3113469387755102,"[10, 10, 10]",-0.5,0.8,0.0
degreeTopM,196,500,28.402,22.968396,4.792535445878309,2.3025408163265304,451.298,28.658,73.65979999999999,0.1462142857142857,"[10, 10, 10]",-0.5,0.8,0.0
pageRank,196,500,31.496,26.893984,5.185940994650826,2.357683673469388,462.1060000000001,31.71,77.81360000000001,0.1617857142857142,"[10, 10, 10]",-0.5,0.8,0.0
alpha_sort,196,500,104.742,48.691436,6.977924906446042,2.2986428571428568,450.53399999999993,105.072,149.9604,0.5360816326530612,"[10, 10, 10]",-0.5,0.8,0.0
ris_path_aware,196,500,121.26400603413975,70.56716151385196,6.863656168544576,4.54142170911478,746.428,123.11957377696241,173.19780000000003,0.503969387755102,"[10, 10, 10]",-0.5,0.8,0.0
1hop_sort,196,500,111.576,43.112224000000005,6.565989948210399,2.462642857142857,482.678,115.198,161.6548,0.5877448979591836,"[10, 10, 10]",-0.5,0.8,0.0
