method,seed_num,num_sims,E_activated_users,variance,std_deviation,avg_steps,total_steps,E_redemptions,comprehensive_score,usage_rate,random_dirichlet,degree_exponent_succ,degree_exponent_dis,degree_exponent_tran
random,364,600,109.155,66.43764166666666,8.150928883671275,2.9901694139194137,1088.4216666666666,110.80666666666669,218.823,0.3044139194139194,"[10, 10, 10]",-0.5,0.8,0.0
degreeTopM,364,600,57.748333333333335,46.17166388888888,6.794973428122356,2.375728021978022,864.7650000000001,58.475,144.58816666666667,0.1606456043956044,"[10, 10, 10]",-0.5,0.8,0.0
pageRank,364,600,61.71333333333333,48.761155555555554,6.982918842114346,2.4264468864468864,883.2266666666667,62.4,150.37933333333334,0.1714285714285714,"[10, 10, 10]",-0.5,0.8,0.0
alpha_sort,364,600,187.55,83.97083333333333,9.16356007964881,2.4224358974358973,881.7666666666667,188.60666666666663,276.255,0.5181501831501831,"[10, 10, 10]",-0.5,0.8,0.0
ris_path_aware,364,600,216.2030750799813,118.1057600350365,8.919229538225572,4.5003207962210965,1375.755,217.50038541325605,313.523,0.4856913919413919,"[10, 10, 10]",-0.5,0.8,0.0
1hop_sort,364,600,191.5,79.68333333333334,8.926552152613759,2.483736263736264,904.08,199.635,285.9755,0.5484478021978022,"[10, 10, 10]",-0.5,0.8,0.0
