method,seed_num,num_sims,E_activated_users,variance,std_deviation,avg_steps,total_steps,E_redemptions,comprehensive_score,usage_rate,random_dirichlet,degree_exponent_succ,degree_exponent_dis,degree_exponent_tran
random,232,500,65.53,43.8371,6.6209591450181895,2.913672413793104,675.972,65.732,133.22820000000002,0.2833275862068966,"[10, 10, 10]",-0.5,0.8,0.0
degreeTopM,232,500,33.498,27.269996,5.222068172668756,2.327137931034483,539.8960000000001,33.738,87.6076,0.1454224137931034,"[10, 10, 10]",-0.5,0.8,0.0
pageRank,232,500,35.768,32.36617600000001,5.689127876924547,2.380206896551724,552.208,36.01,91.1098,0.1552155172413793,"[10, 10, 10]",-0.5,0.8,0.0
alpha_sort,232,500,122.732,56.968176,7.5477265451260225,2.385594827586207,553.458,122.912,178.1678,0.5297931034482759,"[10, 10, 10]",-0.5,0.8,0.0
ris_path_aware,232,500,139.41547674473136,86.6100851648765,7.689591926753981,4.5835080188048964,904.26,143.24253522390978,205.539,0.4976293103448276,"[10, 10, 10]",-0.5,0.8,0.0
1hop_sort,232,500,131.454,52.61988399999999,7.253956437696603,2.5538706896551724,592.498,134.02,191.9868,0.5776724137931035,"[10, 10, 10]",-0.5,0.8,0.0
