method,seed_num,num_sims,E_activated_users,variance,std_deviation,avg_steps,total_steps,E_redemptions,comprehensive_score,usage_rate,random_dirichlet,degree_exponent_succ,degree_exponent_dis,degree_exponent_tran
random,388,600,113.295,75.957975,8.715387254735157,3.022195017182131,1172.611666666667,113.72833333333334,230.77283333333327,0.2931142611683849,"[10, 10, 10]",-0.5,0.8,0.0
degreeTopM,388,600,57.99333333333333,48.973288888888895,6.998091803405332,2.367938144329897,918.76,58.68333333333333,150.21433333333334,0.1512457044673539,"[10, 10, 10]",-0.5,0.8,0.0
pageRank,388,600,63.248333333333335,50.36666388888888,7.096947505011495,2.423329037800688,940.2516666666668,63.88333333333333,157.591,0.164647766323024,"[10, 10, 10]",-0.5,0.8,0.0
alpha_sort,388,600,196.72833333333327,102.44786388888888,10.12165321915787,2.4555927835051548,952.77,197.44,292.3611666666667,0.5088659793814433,"[10, 10, 10]",-0.5,0.8,0.0
ris_path_aware,388,600,219.61666605470745,138.14299960296677,9.67586329768851,4.595445644897475,1477.6866666666667,230.994042991692,332.5928333333334,0.4786082474226804,"[10, 10, 10]",-0.5,0.8,0.0
1hop_sort,388,600,207.415,88.24610833333332,9.393939979227742,2.5862757731958763,1003.475,214.115,311.1125,0.5518427835051547,"[10, 10, 10]",-0.5,0.8,0.0
