method,seed_num,num_sims,E_activated_users,variance,std_deviation,avg_steps,total_steps,E_redemptions,comprehensive_score,usage_rate,random_dirichlet,degree_exponent_succ,degree_exponent_dis,degree_exponent_tran
random,124,500,35.966,25.140844,5.014064618650222,2.952467741935484,366.1060000000001,36.1,72.6436,0.2911290322580645,"[10, 10, 10]",-0.5,0.8,0.0
degreeTopM,124,500,17.764,15.012304,3.8745714601746606,2.315548387096775,287.1280000000001,17.836,46.51280000000001,0.1438387096774193,"[10, 10, 10]",-0.5,0.8,0.0
pageRank,124,500,19.942,16.342636,4.04260262702136,2.4110967741935485,298.976,20.0,49.8686,0.1612903225806451,"[10, 10, 10]",-0.5,0.8,0.0
alpha_sort,124,500,66.79,30.5539,5.527558231262698,2.31208064516129,286.698,66.922,95.5258,0.5396935483870967,"[10, 10, 10]",-0.5,0.8,0.0
ris_path_aware,124,500,76.86945610161465,41.79193108321614,5.395350220328612,4.701204839557365,492.936,77.9618730848859,112.8376,0.5129193548387097,"[10, 10, 10]",-0.5,0.8,0.0
1hop_sort,124,500,69.246,25.089484,5.008940406912424,2.5318387096774195,313.94800000000004,74.6,103.3178,0.6016129032258064,"[10, 10, 10]",-0.5,0.8,0.0
