method,seed_num,num_sims,E_activated_users,variance,std_deviation,avg_steps,total_steps,E_redemptions,comprehensive_score,usage_rate,random_dirichlet,degree_exponent_succ,degree_exponent_dis,degree_exponent_tran
random,316,600,94.27,69.44709999999999,8.333492665143469,3.002167721518988,948.685,94.76333333333334,189.38516666666663,0.2998839662447257,"[10, 10, 10]",-0.5,0.8,0.0
degreeTopM,316,600,45.53666666666667,41.11865555555555,6.412382985720328,2.360981012658228,746.0699999999999,45.97,120.36033333333332,0.1454746835443038,"[10, 10, 10]",-0.5,0.8,0.0
pageRank,316,600,49.335,41.252775,6.422832319156401,2.4141930379746834,762.885,49.74333333333333,125.82766666666666,0.157415611814346,"[10, 10, 10]",-0.5,0.8,0.0
alpha_sort,316,600,163.05833333333334,76.16826388888887,8.727443147273368,2.3969514767932494,757.4366666666668,163.76166666666666,239.15366666666668,0.5182331223628691,"[10, 10, 10]",-0.5,0.8,0.0
ris_path_aware,316,600,185.1912803615408,114.4953051014725,8.863313745747442,4.571165779100509,1210.4283333333333,194.35953357155907,273.75783333333334,0.4847415611814346,"[10, 10, 10]",-0.5,0.8,0.0
1hop_sort,316,600,169.955,73.09630833333333,8.54963790656267,2.5508069620253164,806.055,178.86333333333334,255.0146666666667,0.5660232067510549,"[10, 10, 10]",-0.5,0.8,0.0
