method,seed_num,num_sims,E_activated_users,variance,std_deviation,avg_steps,total_steps,E_redemptions,comprehensive_score,usage_rate,random_dirichlet,degree_exponent_succ,degree_exponent_dis,degree_exponent_tran
random,148,500,41.792,25.980736000000004,5.097130172950266,2.9189189189189193,432.00000000000006,41.836,85.01400000000001,0.28267567567567564,"[10, 10, 10]",-0.5,0.8,0.0
degreeTopM,148,500,20.7,18.122,4.256994244769424,2.3251081081081084,344.11600000000004,20.786,55.15460000000001,0.14044594594594595,"[10, 10, 10]",-0.5,0.8,0.0
pageRank,148,500,23.0,17.224,4.1501807189567055,2.3779729729729726,351.93999999999994,23.078,58.233,0.15593243243243243,"[10, 10, 10]",-0.5,0.8,0.0
alpha_sort,148,500,79.438,37.386156,6.114421967774223,2.32622972972973,344.28200000000004,79.622,113.9582,0.5379864864864865,"[10, 10, 10]",-0.5,0.8,0.0
ris_path_aware,148,500,75.366,33.432044000000005,5.782044966964543,3.858824324324324,571.106,75.74,132.6636,0.5117567567567567,"[10, 10, 10]",-0.5,0.8,0.0
1hop_sort,148,500,84.478,34.781516,5.897585607687268,2.5058513513513514,370.866,87.314,122.98259999999999,0.5899594594594594,"[10, 10, 10]",-0.5,0.8,0.0
