method,seed_num,num_sims,E_activated_users,variance,std_deviation,avg_steps,total_steps,E_redemptions,comprehensive_score,usage_rate,random_dirichlet,degree_exponent_succ,degree_exponent_dis,degree_exponent_tran
random,172,500,52.314,33.939404,5.825753513495057,2.9542325581395343,508.12799999999993,52.566,103.2528,0.3056162790697674,"[10, 10, 10]",-0.5,0.8,0.0
degreeTopM,172,500,23.778,20.036716,4.476239046342364,2.3040348837209303,396.294,23.914,63.47540000000001,0.1390348837209302,"[10, 10, 10]",-0.5,0.8,0.0
pageRank,172,500,26.106,21.346764000000004,4.620255837072229,2.4212093023255816,416.448,26.194,67.79480000000001,0.1522906976744186,"[10, 10, 10]",-0.5,0.8,0.0
alpha_sort,172,500,92.09,41.5099,6.442817706562867,2.334325581395349,401.504,92.356,132.3734,0.536953488372093,"[10, 10, 10]",-0.5,0.8,0.0
ris_path_aware,172,500,102.90536547537168,55.850981334146056,6.20252335747315,4.653018842857506,663.0400000000001,105.90135255141975,153.031,0.5052441860465117,"[10, 10, 10]",-0.5,0.8,0.0
1hop_sort,172,500,97.662,36.99975599999999,6.082742473588701,2.5399883720930228,436.87799999999993,101.626,143.3318,0.5908488372093024,"[10, 10, 10]",-0.5,0.8,0.0
