method,seed_num,num_sims,E_activated_users,variance,std_deviation,avg_steps,total_steps,E_redemptions,comprehensive_score,usage_rate,random_dirichlet,degree_exponent_succ,degree_exponent_dis,degree_exponent_tran
random,220,500,63.744,43.642464,6.606244318824426,2.9547,650.034,64.692,129.2214,0.2940545454545454,"[10, 10, 10]",-0.5,0.8,0.0
degreeTopM,220,500,33.156,28.031664,5.2944937435037165,2.322409090909091,510.93,33.382,84.362,0.1517363636363636,"[10, 10, 10]",-0.5,0.8,0.0
pageRank,220,500,36.864,30.989504000000004,5.566821714407603,2.3953818181818187,526.9840000000002,37.074,89.66740000000001,0.1685181818181818,"[10, 10, 10]",-0.5,0.8,0.0
alpha_sort,220,500,117.494,52.981964,7.278871066312413,2.366072727272728,520.5360000000001,117.912,169.75660000000002,0.5359636363636364,"[10, 10, 10]",-0.5,0.8,0.0
ris_path_aware,220,500,132.81124774883423,74.60859558716484,7.029160689584496,4.683465965728717,852.0000000000001,133.7149019923631,192.79200000000003,0.4900636363636363,"[10, 10, 10]",-0.5,0.8,0.0
1hop_sort,220,500,122.004,49.179984,7.012844216150819,2.4432909090909094,537.5240000000001,125.91,177.70940000000002,0.5723181818181818,"[10, 10, 10]",-0.5,0.8,0.0
