method,seed_num,num_sims,E_activated_users,variance,std_deviation,avg_steps,total_steps,E_redemptions,comprehensive_score,usage_rate,random_dirichlet,degree_exponent_succ,degree_exponent_dis,degree_exponent_tran
random,208,500,61.014,42.285804000000006,6.5027535706037645,3.032201923076923,630.698,61.114,124.1338,0.2938173076923077,"[10, 10, 10]",-0.5,0.8,0.0
degreeTopM,208,500,29.744,25.718464000000004,5.071337496164104,2.3604615384615384,490.976,29.952,78.9456,0.144,"[10, 10, 10]",-0.5,0.8,0.0
pageRank,208,500,32.956,25.066064,5.006602041305061,2.392269230769231,497.592,33.126,82.8002,0.1592596153846153,"[10, 10, 10]",-0.5,0.8,0.0
alpha_sort,208,500,109.638,47.242956,6.873351147729905,2.3454230769230766,487.848,109.876,158.5418,0.52825,"[10, 10, 10]",-0.5,0.8,0.0
ris_path_aware,208,500,121.59294752886869,74.46300998020885,7.149215061809233,4.536102990261268,794.62,127.09348472351436,181.622,0.4923173076923077,"[10, 10, 10]",-0.5,0.8,0.0
1hop_sort,208,500,116.5,47.494,6.891589076548311,2.546942307692308,529.764,120.886,171.6694,0.5811826923076923,"[10, 10, 10]",-0.5,0.8,0.0
