method,seed_num,num_sims,E_activated_users,variance,std_deviation,avg_steps,total_steps,E_redemptions,comprehensive_score,usage_rate,random_dirichlet,degree_exponent_succ,degree_exponent_dis,degree_exponent_tran
random,268,500,80.352,51.260096,7.159615632141156,3.0697089552238808,822.682,80.738,162.8132,0.3012611940298507,"[10, 10, 10]",-0.5,0.8,0.0
degreeTopM,268,500,39.852,31.158096,5.581943747477217,2.3674402985074625,634.4739999999999,40.232,103.4894,0.1501194029850746,"[10, 10, 10]",-0.5,0.8,0.0
pageRank,268,500,42.868,36.610576,6.050667401204598,2.43239552238806,651.8820000000001,43.142,108.19320000000002,0.1609776119402985,"[10, 10, 10]",-0.5,0.8,0.0
alpha_sort,268,500,140.572,63.628816,7.976767265001531,2.406171641791045,644.854,140.944,205.2434,0.525910447761194,"[10, 10, 10]",-0.5,0.8,0.0
ris_path_aware,268,500,160.81680967256983,101.6224014424807,8.365776951365607,4.469878696413761,1024.98,164.7434582912835,233.955,0.4919328358208955,"[10, 10, 10]",-0.5,0.8,0.0
1hop_sort,268,500,149.038,65.876556,8.116437395803654,2.5461417910447763,682.3660000000001,153.71,219.61060000000003,0.573544776119403,"[10, 10, 10]",-0.5,0.8,0.0
