method,seed_num,num_sims,E_activated_users,variance,std_deviation,avg_steps,total_steps,E_redemptions,comprehensive_score,usage_rate,random_dirichlet,degree_exponent_succ,degree_exponent_dis,degree_exponent_tran
random,184,500,54.71,39.1699,6.258586102307773,3.011423913043478,554.102,54.976,110.2532,0.29878260869565215,"[10, 10, 10]",-0.5,0.8,0.0
degreeTopM,184,500,27.248,22.046496,4.695369634011789,2.329826086956522,428.6880000000001,27.398,70.19180000000001,0.14890217391304347,"[10, 10, 10]",-0.5,0.8,0.0
pageRank,184,500,29.398,25.719596,5.071449102574135,2.404717391304348,442.468,29.538,73.71480000000001,0.16053260869565217,"[10, 10, 10]",-0.5,0.8,0.0
alpha_sort,184,500,97.402,41.592395999999994,6.449216696622932,2.3506521739130437,432.52000000000004,97.698,140.80200000000002,0.5309673913043478,"[10, 10, 10]",-0.5,0.8,0.0
ris_path_aware,184,500,95.13,46.769099999999995,6.838793753287198,3.88395652173913,714.6479999999999,95.6,166.82979999999998,0.5195652173913043,"[10, 10, 10]",-0.5,0.8,0.0
1hop_sort,184,500,99.942,38.334635999999996,6.191497072598839,2.559054347826087,470.86600000000004,108.804,151.4596,0.5913260869565218,"[10, 10, 10]",-0.5,0.8,0.0
