method,seed_num,num_sims,E_activated_users,variance,std_deviation,avg_steps,total_steps,E_redemptions,comprehensive_score,usage_rate,random_dirichlet,degree_exponent_succ,degree_exponent_dis,degree_exponent_tran
random,280,500,81.174,65.70372400000001,8.105783367448208,3.001221428571429,840.3420000000002,81.544,165.39320000000004,0.2912285714285714,"[10, 10, 10]",-0.5,0.8,0.0
degreeTopM,280,500,41.916,34.032944,5.833776135574625,2.388407142857143,668.754,42.388,109.0274,0.1513857142857143,"[10, 10, 10]",-0.5,0.8,0.0
pageRank,280,500,45.734,37.575244,6.129864925102346,2.4211142857142858,677.912,46.178,113.7472,0.1649214285714285,"[10, 10, 10]",-0.5,0.8,0.0
alpha_sort,280,500,146.218,61.718476,7.85611074260031,2.402942857142857,672.824,146.542,213.6624,0.5233642857142857,"[10, 10, 10]",-0.5,0.8,0.0
ris_path_aware,280,500,164.98663040484675,101.29556925925878,8.275179998042338,4.565440670052477,1080.122,171.4656415902492,244.4562,0.4885785714285714,"[10, 10, 10]",-0.5,0.8,0.0
1hop_sort,280,500,140.372,65.97361599999999,8.122414419370633,2.500021428571429,700.0060000000001,158.022,219.1976,0.5643642857142857,"[10, 10, 10]",-0.5,0.8,0.0
