method,seed_num,num_sims,E_activated_users,variance,std_deviation,avg_steps,total_steps,E_redemptions,comprehensive_score,usage_rate,random_dirichlet,degree_exponent_succ,degree_exponent_dis,degree_exponent_tran
random,244,500,71.764,52.120304,7.2194393134093175,3.0656065573770492,748.008,72.22,146.7928,0.29598360655737704,"[10, 10, 10]",-0.5,0.8,0.0
degreeTopM,244,500,35.23,30.193099999999998,5.494824837972544,2.3386065573770494,570.62,35.468,92.411,0.14536065573770493,"[10, 10, 10]",-0.5,0.8,0.0
pageRank,244,500,38.714,30.648204,5.5360820080631035,2.3974098360655733,584.9679999999998,38.94,97.32379999999998,0.1595901639344262,"[10, 10, 10]",-0.5,0.8,0.0
alpha_sort,244,500,127.274,55.418924000000004,7.44438875932739,2.3991311475409836,585.388,127.536,185.9438,0.5226885245901639,"[10, 10, 10]",-0.5,0.8,0.0
ris_path_aware,244,500,118.632,64.39257599999999,8.024498489002287,3.770786885245901,920.0719999999999,119.524,211.0852,0.48985245901639346,"[10, 10, 10]",-0.5,0.8,0.0
1hop_sort,244,500,136.49,51.801899999999996,7.197353680346687,2.562,625.1279999999999,139.816,200.66580000000002,0.573016393442623,"[10, 10, 10]",-0.5,0.8,0.0
