method,seed_num,num_sims,E_activated_users,variance,std_deviation,avg_steps,total_steps,E_redemptions,comprehensive_score,usage_rate,random_dirichlet,degree_exponent_succ,degree_exponent_dis,degree_exponent_tran
random,50,500,37.168,6.671775999999999,2.5829781261172147,3.76556,188.278,37.932,56.37779999999999,0.7586400000000001,"[10, 10, 10]",0.1,0.1,0.1
degreeTopM,50,500,39.294,7.683563999999999,2.771924241389003,4.08288,204.144,41.27,60.6964,0.8254,"[10, 10, 10]",0.1,0.1,0.1
pageRank,50,500,38.822,8.626316,2.937059073290832,4.0224400000000005,201.122,40.598,59.8222,0.81196,"[10, 10, 10]",0.1,0.1,0.1
alpha_sort,50,500,22.37,13.0971,3.6189915722477166,1.73728,86.86399999999999,22.454,31.0984,0.44908,"[10, 10, 10]",0.1,0.1,0.1
ris_optimized,50,500,41.72,7.213600000000001,2.685814587792687,4.23504,211.752,42.782,63.4262,0.85564,"[10, 10, 10]",0.1,0.1,0.1
monterCarlo_CELF,50,500,41.19799,7.150975,2.674131,4.22703,211.35148,44.4586,63.96344,0.889172,"[10, 10, 10]",0.1,0.1,0.1
