method,seed_num,num_sims,E_activated_users,variance,std_deviation,avg_steps,total_steps,E_redemptions,comprehensive_score,usage_rate,random_dirichlet,degree_exponent_succ,degree_exponent_dis,degree_exponent_tran
random,100,500,68.492,16.833935999999998,4.102917986019218,3.4741,347.41,70.456,104.215,0.7045600000000001,"[10, 10, 10]",0.1,0.1,0.1
degreeTopM,100,500,76.66,16.9004,4.111009608356565,4.08638,408.638,82.574,120.4808,0.82574,"[10, 10, 10]",0.1,0.1,0.1
pageRank,100,500,76.226,16.146924,4.018323531026341,4.057300000000001,405.7300000000001,81.984,119.678,0.8198399999999999,"[10, 10, 10]",0.1,0.1,0.1
alpha_sort,100,500,45.034,23.828844,4.881479693699442,1.74252,174.252,45.36,62.62220000000001,0.4536,"[10, 10, 10]",0.1,0.1,0.1
ris_optimized,100,500,81.712,14.433056,3.7990862059184702,4.22996,422.996,85.466,125.8886,0.85466,"[10, 10, 10]",0.1,0.1,0.1
monterCarlo_CELF,100,500,85.28118,13.7412,3.706912,4.305445,430.54451,88.31182,129.85096,0.883118,"[10, 10, 10]",0.1,0.1,0.1
