method,seed_num,num_sims,E_activated_users,variance,std_deviation,avg_steps,total_steps,E_redemptions,comprehensive_score,usage_rate,random_dirichlet,degree_exponent_succ,degree_exponent_dis,degree_exponent_tran
random,125,500,87.4,19.332,4.396817030534702,3.623152,452.894,91.58,134.7794,0.73264,"[10, 10, 10]",0.1,0.1,0.1
degreeTopM,125,500,94.734,19.959244,4.467576971916656,4.1030560000000005,512.8820000000001,103.36,150.3352,0.82688,"[10, 10, 10]",0.1,0.1,0.1
pageRank,125,500,94.156,21.691664000000003,4.657431051556212,4.074464000000001,509.3080000000001,102.67,149.34380000000002,0.82136,"[10, 10, 10]",0.1,0.1,0.1
alpha_sort,125,500,56.152,29.916896,5.469633991411126,1.73856,217.32,56.7,78.158,0.4536,"[10, 10, 10]",0.1,0.1,0.1
ris_optimized,125,500,100.672,17.308415999999998,4.160338447770806,4.199168,524.8960000000001,105.882,155.7666,0.847056,"[10, 10, 10]",0.1,0.1,0.1
monterCarlo_CELF,125,500,98.7514,16.573941,4.071111,4.187488,523.436,105.27422,154.35641,0.842194,"[10, 10, 10]",0.1,0.1,0.1
