method,seed_num,num_sims,E_activated_users,variance,std_deviation,avg_steps,total_steps,E_redemptions,comprehensive_score,usage_rate,random_dirichlet,degree_exponent_succ,degree_exponent_dis,degree_exponent_tran
random,225,500,152.322,35.998316,5.999859665025508,3.605617777777778,811.2639999999999,163.79,239.1824,0.7279555555555555,"[10, 10, 10]",0.1,0.1,0.1
degreeTopM,225,500,163.546,35.575883999999995,5.964552288311336,4.14832,933.372,187.792,269.0062,0.8346311111111111,"[10, 10, 10]",0.1,0.1,0.1
pageRank,225,500,163.77,42.23310000000001,6.498699869973994,4.108631111111111,924.442,185.95,267.30420000000004,0.8264444444444444,"[10, 10, 10]",0.1,0.1,0.1
alpha_sort,225,500,100.308,56.493136,7.516191588830077,1.7396444444444443,391.42,101.87,140.231,0.4527555555555556,"[10, 10, 10]",0.1,0.1,0.1
ris_optimized,225,500,175.422,37.027916,6.0850567786997685,4.196248888888889,944.156,190.2,277.2266,0.8453333333333333,"[10, 10, 10]",0.1,0.1,0.1
monterCarlo_CELF,225,500,182.83946,35.505973,5.958689,4.213287,947.98956,196.89761,284.66749,0.8751,"[10, 10, 10]",0.1,0.1,0.1
