method,seed_num,num_sims,E_activated_users,variance,std_deviation,avg_steps,total_steps,E_redemptions,comprehensive_score,usage_rate,random_dirichlet,degree_exponent_succ,degree_exponent_dis,degree_exponent_tran
random,150,500,102.996,23.959984,4.894893665852201,3.5867600000000004,538.014,108.646,159.6224,0.7243066666666667,"[10, 10, 10]",0.1,0.1,0.1
degreeTopM,150,500,111.958,26.544236,5.152109859077153,4.1128800000000005,616.9320000000001,124.144,179.74420000000003,0.8276266666666667,"[10, 10, 10]",0.1,0.1,0.1
pageRank,150,500,112.444,23.642864,4.8623928265824015,4.093959999999999,614.0939999999998,123.8,179.5314,0.8253333333333334,"[10, 10, 10]",0.1,0.1,0.1
alpha_sort,150,500,67.29,35.0779,5.922659875427594,1.73632,260.448,68.006,93.6928,0.4533733333333333,"[10, 10, 10]",0.1,0.1,0.1
ris_optimized,150,500,119.668,21.661776000000007,4.654221309735927,4.216093333333334,632.4140000000001,127.608,186.87940000000003,0.85072,"[10, 10, 10]",0.1,0.1,0.1
monterCarlo_CELF,150,500,123.97124,21.54775,4.641955,4.200759,630.11378,131.00765,190.50082,0.873384,"[10, 10, 10]",0.1,0.1,0.1
