method,seed_num,num_sims,E_activated_users,variance,std_deviation,avg_steps,total_steps,E_redemptions,comprehensive_score,usage_rate,random_dirichlet,degree_exponent_succ,degree_exponent_dis,degree_exponent_tran
random,250,500,170.512,41.457856,6.438777523722962,3.702976,925.744,186.406,271.03340000000003,0.7456240000000001,"[10, 10, 10]",0.1,0.1,0.1
degreeTopM,250,500,180.204,43.37838399999999,6.5862268409158204,4.144664,1036.166,208.544,297.99060000000003,0.834176,"[10, 10, 10]",0.1,0.1,0.1
pageRank,250,500,180.796,45.60638399999999,6.7532498843149575,4.116888,1029.222,207.504,297.07219999999995,0.830016,"[10, 10, 10]",0.1,0.1,0.1
alpha_sort,250,500,111.178,61.50231600000001,7.842341232055642,1.7377360000000002,434.434,113.036,155.5504,0.452144,"[10, 10, 10]",0.1,0.1,0.1
ris_optimized,250,500,193.404,39.136784,6.255939897409501,4.214984,1053.746,212.312,308.23260000000005,0.849248,"[10, 10, 10]",0.1,0.1,0.1
monterCarlo_CELF,250,500,202.97199,40.479159,6.362323,4.235062,1058.76541,209.35867,312.04187,0.837435,"[10, 10, 10]",0.1,0.1,0.1
