method,seed_num,num_sims,E_activated_users,variance,std_deviation,avg_steps,total_steps,E_redemptions,comprehensive_score,usage_rate,random_dirichlet,degree_exponent_succ,degree_exponent_dis,degree_exponent_tran
random,200,500,130.786,35.356204,5.946108307119876,3.46322,692.644,139.3,204.30740000000003,0.6965,"[10, 10, 10]",0.1,0.1,0.1
degreeTopM,200,500,146.568,32.489376,5.699945262895074,4.128229999999999,825.6459999999998,166.342,239.0196,0.8317100000000001,"[10, 10, 10]",0.1,0.1,0.1
pageRank,200,500,146.678,34.27031600000001,5.854085411061237,4.10721,821.442,165.518,238.24220000000005,0.82759,"[10, 10, 10]",0.1,0.1,0.1
alpha_sort,200,500,89.306,48.140364,6.938325734642328,1.7363499999999998,347.27,90.568,124.664,0.4528399999999999,"[10, 10, 10]",0.1,0.1,0.1
ris_optimized,200,500,157.584,34.806944,5.899741011264816,4.23062,846.124,170.528,248.6684,0.85264,"[10, 10, 10]",0.1,0.1,0.1
monterCarlo_CELF,200,500,165.12655,35.631428,5.969207,4.277959,855.59171,170.67175,253.45832,0.853359,"[10, 10, 10]",0.1,0.1,0.1
