method,seed_num,num_sims,E_activated_users,variance,std_deviation,avg_steps,total_steps,E_redemptions,comprehensive_score,usage_rate,random_dirichlet,degree_exponent_succ,degree_exponent_dis,degree_exponent_tran
random,75,500,51.216,10.489344,3.2387256753235523,3.4610133333333333,259.576,52.608,77.8696,0.70144,"[10, 10, 10]",0.1,0.1,0.1
degreeTopM,75,500,58.394,11.626764,3.409804099944746,4.067279999999999,305.04599999999994,61.996,90.6996,0.8266133333333333,"[10, 10, 10]",0.1,0.1,0.1
pageRank,75,500,57.814,11.631403999999998,3.410484423069544,4.032053333333333,302.40399999999994,61.364,89.82939999999999,0.8181866666666666,"[10, 10, 10]",0.1,0.1,0.1
alpha_sort,75,500,33.534,19.684844,4.436760529936228,1.72784,129.588,33.69,46.57079999999999,0.4492,"[10, 10, 10]",0.1,0.1,0.1
ris_optimized,75,500,62.212,10.419056000000005,3.227856254544183,4.236026666666667,317.702,64.436,95.0942,0.8591466666666667,"[10, 10, 10]",0.1,0.1,0.1
monterCarlo_CELF,75,500,64.99279,10.085556,3.175776,4.31074,323.30553,65.09682,97.37536,0.867958,"[10, 10, 10]",0.1,0.1,0.1
