method,seed_num,num_sims,E_activated_users,variance,std_deviation,avg_steps,total_steps,E_redemptions,comprehensive_score,usage_rate,random_dirichlet,degree_exponent_succ,degree_exponent_dis,degree_exponent_tran
random,175,500,115.05,28.6795,5.355324453289455,3.47824,608.692,121.634,179.21120000000002,0.6950514285714285,"[10, 10, 10]",0.1,0.1,0.1
degreeTopM,175,500,129.756,28.624464,5.350183548253274,4.132388571428572,723.168,145.634,210.0118,0.8321942857142857,"[10, 10, 10]",0.1,0.1,0.1
pageRank,175,500,129.844,28.291664000000004,5.318990881736874,4.106171428571429,718.58,144.716,209.138,0.8269485714285715,"[10, 10, 10]",0.1,0.1,0.1
alpha_sort,175,500,78.38,43.53960000000001,6.598454364470516,1.7380799999999998,304.164,79.472,109.34239999999998,0.4541257142857142,"[10, 10, 10]",0.1,0.1,0.1
ris_optimized,175,500,138.872,27.895616,5.281630051414052,4.237371428571429,741.54,149.296,218.238,0.85312,"[10, 10, 10]",0.1,0.1,0.1
monterCarlo_CELF,175,500,142.85216,28.733399,5.360354,4.253978,744.44609,149.6643,220.70284,0.855225,"[10, 10, 10]",0.1,0.1,0.1
