method,seed_num,num_sims,E_activated_users,variance,std_deviation,avg_steps,total_steps,E_redemptions,comprehensive_score,usage_rate,random_dirichlet,degree_exponent_succ,degree_exponent_dis,degree_exponent_tran
random,90,500,67.675,8.97447,2.995742,4.03518,363.16606,70.721,105.51447,0.78579,"[10, 10, 10]",0.1,0.1,0.1
degreeTopM,90,500,71.194,10.089444,3.176388,4.33469,390.12236,76.68,112.94952,0.852,"[10, 10, 10]",0.1,0.1,0.1
pageRank,90,500,70.597,10.402214,3.225246,4.24494,382.0442,74.868,110.93696,0.83187,"[10, 10, 10]",0.1,0.1,0.1
alpha_sort,90,500,68.474,10.772868,3.282205,4.43516,399.1647,78.646,113.47642,0.87384,"[10, 10, 10]",0.1,0.1,0.1
ris_optimized,90,500,77.746,9.533484,3.087634,4.61816,415.634,82.114,121.4934,0.91238,"[10, 10, 10]",0.1,0.1,0.1
1hop_sort,90,500,69.752,13.722496,3.704389,4.59851,413.866,81.724,117.1246,0.90804,"[10, 10, 10]",0.1,0.1,0.1
monterCarlo_CELF,90,500,77.728,9.759457,3.124013,4.6577,419.19291,82.128,121.84737,0.91254,"[10, 10, 10]",0.1,0.1,0.1
