method,seed_num,num_sims,E_activated_users,variance,std_deviation,avg_steps,total_steps,E_redemptions,comprehensive_score,usage_rate,random_dirichlet,degree_exponent_succ,degree_exponent_dis,degree_exponent_tran
random,30,500,24.857,2.862334,1.691844,4.24291,127.28728,25.026,37.67034,0.8342,"[10, 10, 10]",0.1,0.1,0.1
degreeTopM,30,500,24.774,2.841894,1.685792,4.31682,129.5047,25.519,38.09675,0.85063,"[10, 10, 10]",0.1,0.1,0.1
pageRank,30,500,24.51,3.206753,1.790741,4.26173,127.85182,25.113,37.59681,0.83711,"[10, 10, 10]",0.1,0.1,0.1
alpha_sort,30,500,24.479,3.267091,1.80751,4.49272,134.7815,26.72,39.07742,0.89065,"[10, 10, 10]",0.1,0.1,0.1
ris_optimized,30,500,27.178,2.374316,1.540882,4.63553,139.066,27.596,41.2936,0.91987,"[10, 10, 10]",0.1,0.1,0.1
1hop_sort,30,500,24.532,3.364976,1.834387,4.5612,136.836,27.092,39.4956,0.90307,"[10, 10, 10]",0.1,0.1,0.1
monterCarlo_CELF,30,500,27.486,2.420752,1.555877,4.7173,141.51885,27.542,41.66551,0.91806,"[10, 10, 10]",0.1,0.1,0.1
