method,seed_num,num_sims,E_activated_users,variance,std_deviation,avg_steps,total_steps,E_redemptions,comprehensive_score,usage_rate,random_dirichlet,degree_exponent_succ,degree_exponent_dis,degree_exponent_tran
random,100,500,73.829,11.041891,3.322934,4.0107,401.06978,77.782,115.91248,0.77782,"[10, 10, 10]",0.1,0.1,0.1
degreeTopM,100,500,78.207,11.311616,3.363275,4.30664,430.66448,84.493,124.41647,0.84493,"[10, 10, 10]",0.1,0.1,0.1
pageRank,100,500,78.085,10.551253,3.248269,4.25941,425.94058,83.387,123.33007,0.83387,"[10, 10, 10]",0.1,0.1,0.1
alpha_sort,100,500,75.123,12.001259,3.464283,4.43909,443.90886,87.494,125.6992,0.87494,"[10, 10, 10]",0.1,0.1,0.1
ris_optimized,100,500,86.488,11.029856,3.321123,4.62556,462.556,91.25,135.1246,0.9125,"[10, 10, 10]",0.1,0.1,0.1
1hop_sort,100,500,76.682,14.280876,3.779005,4.6145,461.45,91.124,130.048,0.91124,"[10, 10, 10]",0.1,0.1,0.1
monterCarlo_CELF,100,500,87.984,10.501134,3.240545,4.7081,470.8105,90.511,136.32831,0.90511,"[10, 10, 10]",0.1,0.1,0.1
