method,seed_num,num_sims,E_activated_users,variance,std_deviation,avg_steps,total_steps,E_redemptions,comprehensive_score,usage_rate,random_dirichlet,degree_exponent_succ,degree_exponent_dis,degree_exponent_tran
random,50,500,38.47,4.652186,2.156893,4.05173,202.58644,39.343,59.16534,0.78686,"[10, 10, 10]",0.1,0.1,0.1
degreeTopM,50,500,40.135,5.693032,2.386008,4.29217,214.60862,42.092,62.57431,0.84184,"[10, 10, 10]",0.1,0.1,0.1
pageRank,50,500,40.507,5.971328,2.44363,4.30013,215.00632,42.158,62.8333,0.84316,"[10, 10, 10]",0.1,0.1,0.1
alpha_sort,50,500,39.413,6.090047,2.467802,4.45668,222.83422,44.024,64.00215,0.88049,"[10, 10, 10]",0.1,0.1,0.1
ris_optimized,50,500,44.208,5.324736,2.307539,4.59048,229.524,45.376,67.7444,0.90752,"[10, 10, 10]",0.1,0.1,0.1
1hop_sort,50,500,40.37,6.7891,2.60559,4.58848,229.424,45.29,65.7724,0.9058,"[10, 10, 10]",0.1,0.1,0.1
monterCarlo_CELF,50,500,43.908,5.278509,2.297501,4.5818,229.08985,46.073,67.89952,0.92147,"[10, 10, 10]",0.1,0.1,0.1
