method,seed_num,num_sims,E_activated_users,variance,std_deviation,avg_steps,total_steps,E_redemptions,comprehensive_score,usage_rate,random_dirichlet,degree_exponent_succ,degree_exponent_dis,degree_exponent_tran
random,20,500,15.349,1.694583,1.301762,3.95071,79.01426,15.481,23.31667,0.77406,"[10, 10, 10]",0.1,0.1,0.1
degreeTopM,20,500,16.694,2.252421,1.500807,4.31223,86.24464,17.037,25.48985,0.85185,"[10, 10, 10]",0.1,0.1,0.1
pageRank,20,500,16.331,2.289308,1.513046,4.20514,84.10288,16.544,24.84791,0.82722,"[10, 10, 10]",0.1,0.1,0.1
alpha_sort,20,500,16.374,2.105358,1.450985,4.48518,89.70366,17.803,26.05886,0.89017,"[10, 10, 10]",0.1,0.1,0.1
ris_optimized,20,500,18.09,1.5819,1.257736,4.6814,93.628,18.628,27.7218,0.9314,"[10, 10, 10]",0.1,0.1,0.1
1hop_sort,20,500,16.772,2.464016,1.569718,4.5458,90.916,18.016,26.4856,0.9008,"[10, 10, 10]",0.1,0.1,0.1
monterCarlo_CELF,20,500,18.395,1.52702,1.235727,4.69576,93.91514,18.775,27.97633,0.93874,"[10, 10, 10]",0.1,0.1,0.1
