method,seed_num,num_sims,E_activated_users,variance,std_deviation,avg_steps,total_steps,E_redemptions,comprehensive_score,usage_rate,random_dirichlet,degree_exponent_succ,degree_exponent_dis,degree_exponent_tran
random,60,500,46.238,7.55898,2.74936,4.08176,244.9056,47.74,71.4793,0.79566,"[10, 10, 10]",0.1,0.1,0.1
degreeTopM,60,500,48.098,6.946292,2.635582,4.30286,258.17132,50.78,75.25609,0.84632,"[10, 10, 10]",0.1,0.1,0.1
pageRank,60,500,47.676,6.096562,2.469122,4.24475,254.68514,49.98,74.29637,0.833,"[10, 10, 10]",0.1,0.1,0.1
alpha_sort,60,500,46.411,7.055135,2.65615,4.42915,265.74896,52.518,76.03908,0.8753,"[10, 10, 10]",0.1,0.1,0.1
ris_optimized,60,500,52.972,6.043216,2.458295,4.60613,276.368,54.76,81.5028,0.91267,"[10, 10, 10]",0.1,0.1,0.1
1hop_sort,60,500,48.136,8.145504,2.854033,4.58247,274.948,54.426,78.7758,0.9071,"[10, 10, 10]",0.1,0.1,0.1
monterCarlo_CELF,60,500,53.747,6.032012,2.456015,4.67776,280.66542,55.448,82.66386,0.92413,"[10, 10, 10]",0.1,0.1,0.1
