method,seed_num,num_sims,E_activated_users,variance,std_deviation,avg_steps,total_steps,E_redemptions,comprehensive_score,usage_rate,random_dirichlet,degree_exponent_succ,degree_exponent_dis,degree_exponent_tran
random,10,500,8.786,0.804127,0.896731,4.39817,43.98174,8.823,13.20286,0.88231,"[10, 10, 10]",0.1,0.1,0.1
degreeTopM,10,500,8.165,1.166035,1.079831,4.15878,41.58778,8.247,12.36498,0.82469,"[10, 10, 10]",0.1,0.1,0.1
pageRank,10,500,8.361,1.060959,1.030029,4.21368,42.1368,8.422,12.60515,0.84215,"[10, 10, 10]",0.1,0.1,0.1
alpha_sort,10,500,8.063,1.078889,1.038696,4.40846,44.08456,8.85,12.86492,0.88503,"[10, 10, 10]",0.1,0.1,0.1
ris_optimized,10,500,9.018,0.897676,0.947458,4.553,45.53,9.142,13.633,0.9142,"[10, 10, 10]",0.1,0.1,0.1
1hop_sort,10,500,8.496,1.077984,1.03826,4.531,45.31,9.076,13.317,0.9076,"[10, 10, 10]",0.1,0.1,0.1
monterCarlo_CELF,10,500,9.157,0.874327,0.935055,4.51213,45.12126,9.564,13.87261,0.95644,"[10, 10, 10]",0.1,0.1,0.1
