method,seed_num,num_sims,E_activated_users,variance,std_deviation,avg_steps,total_steps,E_redemptions,comprehensive_score,usage_rate,random_dirichlet,degree_exponent_succ,degree_exponent_dis,degree_exponent_tran
random,80,500,59.494,8.779015,2.96294,4.01827,321.46188,62.509,93.14755,0.78136,"[10, 10, 10]",0.1,0.1,0.1
degreeTopM,80,500,63.746,9.287131,3.047479,4.32176,345.74098,68.133,100.51373,0.85166,"[10, 10, 10]",0.1,0.1,0.1
pageRank,80,500,62.612,8.851701,2.975181,4.21438,337.15066,66.071,98.05614,0.82588,"[10, 10, 10]",0.1,0.1,0.1
alpha_sort,80,500,61.407,10.143244,3.184846,4.40826,352.66096,69.741,100.84004,0.87176,"[10, 10, 10]",0.1,0.1,0.1
ris_optimized,80,500,70.104,7.817184,2.795923,4.63365,370.692,73.46,108.8512,0.91825,"[10, 10, 10]",0.1,0.1,0.1
1hop_sort,80,500,63.412,10.878256,3.29822,4.60812,368.65,73.01,105.076,0.91262,"[10, 10, 10]",0.1,0.1,0.1
monterCarlo_CELF,80,500,70.52,7.975083,2.824019,4.59064,367.25144,74.482,109.22629,0.93102,"[10, 10, 10]",0.1,0.1,0.1
