method,seed_num,num_sims,E_activated_users,variance,std_deviation,avg_steps,total_steps,E_redemptions,comprehensive_score,usage_rate,random_dirichlet,degree_exponent_succ,degree_exponent_dis,degree_exponent_tran
random,40,500,29.259,3.689367,1.920772,3.84319,153.72754,29.692,44.84814,0.74229,"[10, 10, 10]",0.1,0.1,0.1
degreeTopM,40,500,32.485,4.213256,2.052622,4.31184,172.47376,33.954,50.46697,0.84885,"[10, 10, 10]",0.1,0.1,0.1
pageRank,40,500,32.606,4.340375,2.083357,4.27173,170.86938,33.669,50.22408,0.84172,"[10, 10, 10]",0.1,0.1,0.1
alpha_sort,40,500,32.555,4.431786,2.105181,4.51467,180.58684,35.669,52.17067,0.89172,"[10, 10, 10]",0.1,0.1,0.1
ris_optimized,40,500,35.308,4.129136,2.032028,4.58575,183.43,36.248,54.121,0.9062,"[10, 10, 10]",0.1,0.1,0.1
1hop_sort,40,500,32.718,5.078476,2.253547,4.55195,182.078,35.916,52.5248,0.8979,"[10, 10, 10]",0.1,0.1,0.1
monterCarlo_CELF,40,500,35.12,4.197613,2.048808,4.65241,186.09632,36.316,54.32793,0.90791,"[10, 10, 10]",0.1,0.1,0.1
