method,seed_num,num_sims,E_activated_users,variance,std_deviation,avg_steps,total_steps,E_redemptions,comprehensive_score,usage_rate,random_dirichlet,degree_exponent_succ,degree_exponent_dis,degree_exponent_tran
random,70,500,54.072,6.588618,2.56683,4.09107,286.37504,56.016,83.68112,0.80022,"[10, 10, 10]",0.1,0.1,0.1
degreeTopM,70,500,55.752,8.830745,2.971657,4.30372,301.26066,59.341,87.67229,0.84772,"[10, 10, 10]",0.1,0.1,0.1
pageRank,70,500,55.238,8.245186,2.871443,4.2404,296.82776,58.359,86.48113,0.8337,"[10, 10, 10]",0.1,0.1,0.1
alpha_sort,70,500,53.563,9.468841,3.077148,4.40142,308.09916,60.93,88.05641,0.87042,"[10, 10, 10]",0.1,0.1,0.1
ris_optimized,70,500,61.55,7.3435,2.709889,4.59794,321.856,63.802,94.8616,0.91146,"[10, 10, 10]",0.1,0.1,0.1
1hop_sort,70,500,56.014,9.201804,3.033448,4.60066,322.046,63.878,92.1506,0.91254,"[10, 10, 10]",0.1,0.1,0.1
monterCarlo_CELF,70,500,61.91,7.290941,2.700174,4.59811,321.86735,64.49,95.38671,0.92129,"[10, 10, 10]",0.1,0.1,0.1
