method,seed_num,num_sims,E_activated_users,variance,std_deviation,avg_steps,total_steps,E_redemptions,comprehensive_score,usage_rate,random_dirichlet,degree_exponent_succ,degree_exponent_dis,degree_exponent_tran
random,100,500,63.671,17.811613,4.220381,1.08884,108.88444,63.89,74.66885,0.6389,"[10, 10, 10]",-0.5,0.8,0.0
degreeTopM,100,500,36.775,19.160728,4.377297,1.05447,105.44676,36.986,47.42505,0.36986,"[10, 10, 10]",-0.5,0.8,0.0
pageRank,100,500,37.537,19.859384,4.456387,1.05922,105.92206,37.7,48.21075,0.377,"[10, 10, 10]",-0.5,0.8,0.0
alpha_sort,100,500,83.641,11.061235,3.325844,1.03792,103.79194,83.662,94.03102,0.83662,"[10, 10, 10]",-0.5,0.8,0.0
ris_optimized,100,500,78.892,15.500336,3.937047,1.13612,113.612,78.928,90.2712,0.78928,"[10, 10, 10]",-0.5,0.8,0.0
1hop_sort,100,500,79.218,12.745221,3.570045,1.06809,106.80864,80.454,90.51671,0.80454,"[10, 10, 10]",-0.5,0.8,0.0
monterCarlo_CELF,100,500,80.292,14.757319,3.841526,1.15639,115.6394,83.145,93.28238,0.83145,"[10, 10, 10]",-0.5,0.8,0.0
