method,seed_num,num_sims,E_activated_users,variance,std_deviation,avg_steps,total_steps,E_redemptions,comprehensive_score,usage_rate,random_dirichlet,degree_exponent_succ,degree_exponent_dis,degree_exponent_tran
random,90,500,57.443,16.040087,4.005008,1.09673,98.70526,57.544,67.36437,0.63938,"[10, 10, 10]",-0.5,0.8,0.0
degreeTopM,90,500,33.296,18.554288,4.307469,1.07054,96.34816,33.51,43.03774,0.37233,"[10, 10, 10]",-0.5,0.8,0.0
pageRank,90,500,33.832,17.432163,4.175184,1.07174,96.4568,33.989,43.55591,0.37765,"[10, 10, 10]",-0.5,0.8,0.0
alpha_sort,90,500,75.196,9.734096,3.119951,1.03594,93.23446,75.216,84.52949,0.83573,"[10, 10, 10]",-0.5,0.8,0.0
ris_optimized,90,500,71.708,14.050736,3.748431,1.14049,102.644,71.748,81.9924,0.7972,"[10, 10, 10]",-0.5,0.8,0.0
1hop_sort,90,500,70.732,11.913299,3.451565,1.06691,96.02224,71.778,80.85745,0.79753,"[10, 10, 10]",-0.5,0.8,0.0
monterCarlo_CELF,90,500,71.933,14.383781,3.792596,1.15025,103.52286,71.998,82.31762,0.79997,"[10, 10, 10]",-0.5,0.8,0.0
