method,seed_num,num_sims,E_activated_users,variance,std_deviation,avg_steps,total_steps,E_redemptions,comprehensive_score,usage_rate,random_dirichlet,degree_exponent_succ,degree_exponent_dis,degree_exponent_tran
random,80,500,51.895,14.984773,3.871017,1.10017,88.01392,52.112,60.80503,0.6514,"[10, 10, 10]",-0.5,0.8,0.0
degreeTopM,80,500,28.982,14.624518,3.824202,1.06082,84.8653,29.154,37.55452,0.36443,"[10, 10, 10]",-0.5,0.8,0.0
pageRank,80,500,29.22,15.468983,3.933063,1.0623,84.98364,29.319,37.76811,0.36649,"[10, 10, 10]",-0.5,0.8,0.0
alpha_sort,80,500,66.664,9.042918,3.007145,1.03392,82.71384,66.678,74.94239,0.83347,"[10, 10, 10]",-0.5,0.8,0.0
ris_optimized,80,500,64.486,11.333804,3.366572,1.14655,91.724,64.528,73.6794,0.8066,"[10, 10, 10]",-0.5,0.8,0.0
1hop_sort,80,500,63.058,11.204177,3.347264,1.06453,85.16212,63.977,72.03375,0.79972,"[10, 10, 10]",-0.5,0.8,0.0
monterCarlo_CELF,80,500,65.02,11.562735,3.400402,1.13591,90.87264,65.491,74.34289,0.81864,"[10, 10, 10]",-0.5,0.8,0.0
