method,seed_num,num_sims,E_activated_users,variance,std_deviation,avg_steps,total_steps,E_redemptions,comprehensive_score,usage_rate,random_dirichlet,degree_exponent_succ,degree_exponent_dis,degree_exponent_tran
random,30,500,20.133,5.830253,2.414592,1.11602,33.48052,20.153,23.49107,0.67176,"[10, 10, 10]",-0.5,0.8,0.0
degreeTopM,30,500,8.887,5.731733,2.394104,1.04023,31.20684,8.893,12.01073,0.29643,"[10, 10, 10]",-0.5,0.8,0.0
pageRank,30,500,9.085,5.186282,2.277341,1.03978,31.19326,9.093,12.20823,0.30309,"[10, 10, 10]",-0.5,0.8,0.0
alpha_sort,30,500,26.283,2.512941,1.585226,1.02232,30.66946,26.285,29.35104,0.87617,"[10, 10, 10]",-0.5,0.8,0.0
ris_optimized,30,500,24.458,3.796236,1.948393,1.10287,33.086,24.458,27.7666,0.81527,"[10, 10, 10]",-0.5,0.8,0.0
1hop_sort,30,500,24.95,3.169625,1.780344,1.03693,31.1079,24.972,28.0718,0.83239,"[10, 10, 10]",-0.5,0.8,0.0
monterCarlo_CELF,30,500,24.77,3.870481,1.967354,1.12232,33.66957,25.567,28.5356,0.85224,"[10, 10, 10]",-0.5,0.8,0.0
