method,seed_num,num_sims,E_activated_users,variance,std_deviation,avg_steps,total_steps,E_redemptions,comprehensive_score,usage_rate,random_dirichlet,degree_exponent_succ,degree_exponent_dis,degree_exponent_tran
random,10,500,5.888,2.172632,1.473985,1.13994,11.39944,5.888,7.02784,0.58879,"[10, 10, 10]",-0.5,0.8,0.0
degreeTopM,10,500,1.779,1.481394,1.217125,1.05012,10.50122,1.779,2.8291,0.1779,"[10, 10, 10]",-0.5,0.8,0.0
pageRank,10,500,1.713,1.463329,1.209681,1.05497,10.54972,1.713,2.76799,0.1713,"[10, 10, 10]",-0.5,0.8,0.0
alpha_sort,10,500,8.722,0.797823,0.893209,1.00861,10.08606,8.722,9.73085,0.87222,"[10, 10, 10]",-0.5,0.8,0.0
ris_optimized,10,500,8.274,1.466924,1.211166,1.118,11.18,8.274,9.392,0.8274,"[10, 10, 10]",-0.5,0.8,0.0
1hop_sort,10,500,8.193,1.154563,1.074506,1.04547,10.45466,8.27,9.27689,0.82702,"[10, 10, 10]",-0.5,0.8,0.0
monterCarlo_CELF,10,500,8.408,1.428768,1.195311,1.10796,11.07963,8.782,9.70273,0.8782,"[10, 10, 10]",-0.5,0.8,0.0
