method,seed_num,num_sims,E_activated_users,variance,std_deviation,avg_steps,total_steps,E_redemptions,comprehensive_score,usage_rate,random_dirichlet,degree_exponent_succ,degree_exponent_dis,degree_exponent_tran
random,60,500,39.842,11.520873,3.394241,1.10509,66.30532,40.098,46.60035,0.6683,"[10, 10, 10]",-0.5,0.8,0.0
degreeTopM,60,500,20.316,12.048097,3.471037,1.05475,63.28474,20.403,26.6878,0.34005,"[10, 10, 10]",-0.5,0.8,0.0
pageRank,60,500,20.578,13.101284,3.61957,1.05196,63.1179,20.63,26.91556,0.34383,"[10, 10, 10]",-0.5,0.8,0.0
alpha_sort,60,500,50.869,6.02424,2.454433,1.0325,61.95002,50.873,57.06568,0.84788,"[10, 10, 10]",-0.5,0.8,0.0
ris_optimized,60,500,48.37,8.6731,2.945013,1.14173,68.504,48.408,55.2394,0.8068,"[10, 10, 10]",-0.5,0.8,0.0
1hop_sort,60,500,47.67,7.93674,2.817222,1.06674,64.00448,48.347,54.40866,0.80578,"[10, 10, 10]",-0.5,0.8,0.0
monterCarlo_CELF,60,500,49.121,8.65702,2.942281,1.15949,69.56922,51.09,57.06255,0.85151,"[10, 10, 10]",-0.5,0.8,0.0
