method,seed_num,num_sims,E_activated_users,variance,std_deviation,avg_steps,total_steps,log_alpha_slope,log_beta_slope,degree_power_h,E_redemptions,comprehensive_score
random,152,600,21.808333333333334,18.141597222222224,4.259295390345946,2.635032894736842,400.525,0.1,0.6,1.0,22.636666666666667,62.275000000000006
degreeTopM,152,600,16.065,12.354108333333333,3.5148411533571946,2.5265679824561404,384.03833333333336,0.1,0.6,1.0,16.661666666666665,54.76716666666667
pageRank,152,600,17.821666666666665,13.989863888888893,3.740302646697041,2.5547368421052634,388.3200000000001,0.1,0.6,1.0,18.571666666666665,57.02866666666667
alpha_sort,152,600,30.023333333333333,20.419455555555555,4.518789169186316,2.65718201754386,403.8916666666667,0.1,0.6,1.0,31.57,71.18583333333333
ris_path_aware,152,600,33.30317411075708,28.044840524660763,4.771326393735348,3.174684994577625,435.84833333333336,0.1,0.6,1.0,35.545627096705516,74.56233333333333
1hop_sort,152,600,30.246666666666663,19.822488888888888,4.452245376087092,2.63952850877193,401.2083333333333,0.1,0.6,1.0,32.54333333333334,71.51583333333335
