method,seed_num,num_sims,E_activated_users,variance,std_deviation,avg_steps,total_steps,log_alpha_slope,log_beta_slope,degree_power_h,E_redemptions,comprehensive_score
random,68,600,9.428333333333333,7.131530555555555,2.6704925679648603,2.688553921568628,182.8216666666667,0.1,0.6,1.0,9.571666666666667,27.78216666666667
degreeTopM,68,600,6.845,5.057641666666667,2.248920111223755,2.3662254901960784,160.90333333333334,0.1,0.6,1.0,6.988333333333333,23.007
pageRank,68,600,7.69,6.800566666666666,2.607789613190962,2.428308823529412,165.125,0.1,0.6,1.0,7.87,24.2925
alpha_sort,68,600,15.916666666666666,11.239722222222223,3.3525694955097087,2.632647058823529,179.01999999999998,0.1,0.6,1.0,16.32,34.020333333333326
ris_path_aware,68,600,17.61947581715644,12.343220823544563,3.20226959445259,3.3164658955125317,209.40666666666667,0.1,0.6,1.0,18.954344809716513,37.454
1hop_sort,68,600,16.43166666666667,10.365330555555555,3.219523342912046,2.703995098039216,183.87166666666664,0.1,0.6,1.0,17.49,35.348
