method,seed_num,num_sims,E_activated_users,variance,std_deviation,avg_steps,total_steps,log_alpha_slope,log_beta_slope,degree_power_h,E_redemptions,comprehensive_score
random,116,600,17.315,14.369108333333331,3.790660672407032,2.7186350574712645,315.3616666666667,0.1,0.6,1.0,17.843333333333334,49.11533333333334
degreeTopM,116,600,14.205,12.082975,3.476057393081996,2.4811637931034483,287.815,0.1,0.6,1.0,14.825,43.2965
pageRank,116,600,14.661666666666669,12.310530555555555,3.508636566467886,2.5507902298850573,295.89166666666665,0.1,0.6,1.0,15.133333333333333,44.486666666666665
alpha_sort,116,600,25.856666666666666,17.719455555555555,4.209448367132629,2.6754022988505746,310.34666666666664,0.1,0.6,1.0,26.883333333333333,57.40466666666666
ris_path_aware,116,600,27.839666813080537,21.803915431792856,4.23424006037552,3.3107417369382612,349.33,0.1,0.6,1.0,29.79796881635434,61.02216666666666
1hop_sort,116,600,26.131666666666668,16.247663888888887,4.030839104812904,2.67014367816092,309.7366666666666,0.1,0.6,1.0,27.856666666666666,57.96783333333333
