method,seed_num,num_sims,E_activated_users,variance,std_deviation,avg_steps,total_steps,log_alpha_slope,log_beta_slope,degree_power_h,E_redemptions,comprehensive_score
random,92,600,14.966666666666669,12.068888888888887,3.47403064017704,2.600289855072464,239.22666666666663,0.1,0.6,1.0,15.36,39.086
degreeTopM,92,600,9.91,8.315233333333332,2.8836146298237098,2.323677536231884,213.7783333333333,0.1,0.6,1.0,10.196666666666667,31.43116666666667
pageRank,92,600,11.208333333333334,9.02159722222222,3.003597380179677,2.3920833333333333,220.07166666666663,0.1,0.6,1.0,11.595,33.408833333333334
alpha_sort,92,600,21.67833333333333,14.031530555555555,3.745868464796322,2.551902173913044,234.775,0.1,0.6,1.0,22.375,45.50416666666667
ris_path_aware,92,600,23.436751322797893,17.47398445569166,3.8125800538043353,3.2525265288517295,272.3516666666667,0.1,0.6,1.0,25.330818111978644,49.496
1hop_sort,92,600,22.511666666666667,15.346530555555558,3.917464812293221,2.6355253623188406,242.46833333333333,0.1,0.6,1.0,24.065,47.53516666666667
