method,seed_num,num_sims,E_activated_users,variance,std_deviation,avg_steps,total_steps,log_alpha_slope,log_beta_slope,degree_power_h,E_redemptions,comprehensive_score
random,140,600,20.738333333333333,15.296530555555558,3.911077927573875,2.661047619047619,372.5466666666666,0.1,0.6,1.0,21.615,58.43133333333333
degreeTopM,140,600,16.145,13.543975,3.680213988343613,2.4210000000000003,338.94000000000005,0.1,0.6,1.0,16.798333333333332,50.36566666666667
pageRank,140,600,16.46,14.1084,3.75611501421349,2.4658809523809526,345.22333333333336,0.1,0.6,1.0,17.18,51.342333333333336
alpha_sort,140,600,28.31,20.197233333333333,4.494133212682211,2.617547619047619,366.45666666666665,0.1,0.6,1.0,29.77166666666667,65.6865
ris_path_aware,140,600,31.09191293889868,21.50287909944503,4.213562427843373,3.1791629918873783,409.4133333333333,0.1,0.6,1.0,33.714975484917666,70.20216666666667
1hop_sort,140,600,28.68,20.42093333333333,4.518952681023927,2.6648333333333336,373.0766666666667,0.1,0.6,1.0,30.991666666666667,67.1435
