method,seed_num,num_sims,E_activated_users,variance,std_deviation,avg_steps,total_steps,log_alpha_slope,log_beta_slope,degree_power_h,E_redemptions,comprehensive_score
random,128,600,17.561666666666667,14.52286388888889,3.810887546082788,2.6844921875,343.615,0.1,0.6,1.0,18.23,52.257333333333335
degreeTopM,128,600,13.83,10.824433333333332,3.2900506581712894,2.3720442708333334,303.62166666666667,0.1,0.6,1.0,14.421666666666669,44.488
pageRank,128,600,14.336666666666666,10.699988888888887,3.271083748375894,2.4123046875,308.775,0.1,0.6,1.0,14.92,45.50583333333333
alpha_sort,128,600,24.825,17.921041666666667,4.23332513122565,2.6437760416666665,338.4033333333333,0.1,0.6,1.0,25.97833333333333,59.242
ris_path_aware,128,600,27.18398335020079,19.286184546573608,4.030197127795225,3.187828169501856,375.985,0.1,0.6,1.0,29.71800552833292,63.6435
1hop_sort,128,600,25.51333333333333,17.439822222222222,4.176101318481416,2.6405078125,337.985,0.1,0.6,1.0,27.43166666666667,60.271
