method,seed_num,num_sims,E_activated_users,variance,std_deviation,avg_steps,total_steps,log_alpha_slope,log_beta_slope,degree_power_h,E_redemptions,comprehensive_score
random,8,600,1.6833333333333331,1.1163888888888889,1.0565930573730309,2.747916666666667,21.98333333333333,0.1,0.6,1.0,1.6983333333333333,3.889166666666667
degreeTopM,8,600,0.5833333333333334,0.5197222222222222,0.7209176251294056,2.1352083333333334,17.081666666666667,0.1,0.6,1.0,0.5833333333333334,2.2915
pageRank,8,600,0.525,0.4527083333333333,0.6728360374811484,1.934375,15.475,0.1,0.6,1.0,0.5266666666666666,2.0733333333333333
alpha_sort,8,600,2.7383333333333333,1.9031972222222224,1.3795641421196123,2.0795833333333333,16.636666666666667,0.1,0.6,1.0,2.74,4.402833333333334
ris_path_aware,8,600,2.887601964015498,1.9724370192257787,1.2804122599989254,3.3721988413576525,24.863333333333333,0.1,0.6,1.0,2.964783540991245,5.139666666666667
1hop_sort,8,600,2.768333333333333,1.7713305555555556,1.3309134290236746,2.099166666666666,16.793333333333333,0.1,0.6,1.0,2.7883333333333336,4.457666666666666
