method,seed_num,num_sims,E_activated_users,variance,std_deviation,avg_steps,total_steps,log_alpha_slope,log_beta_slope,degree_power_h,E_redemptions,comprehensive_score
random,56,600,9.116666666666667,7.5663888888888895,2.75070697983062,2.7368154761904764,153.26166666666668,0.1,0.6,1.0,9.265,24.517000000000003
degreeTopM,56,600,5.41,4.705233333333334,2.169154981400208,2.3632142857142857,132.34,0.1,0.6,1.0,5.465,18.6715
pageRank,56,600,6.076666666666667,5.720788888888889,2.391817068441667,2.427976190476191,135.9666666666667,0.1,0.6,1.0,6.158333333333333,19.71416666666667
alpha_sort,56,600,15.313333333333333,10.801822222222224,3.286612575619801,2.6280952380952383,147.17333333333335,0.1,0.6,1.0,15.56,30.154000000000003
ris_path_aware,56,600,15.659908948301872,12.400205128002717,3.229282255995733,3.3423668032539138,173.2483333333333,0.1,0.6,1.0,16.4223601418328,31.9665
1hop_sort,56,600,15.491666666666667,9.959930555555554,3.155935765435595,2.603869047619048,145.81666666666666,0.1,0.6,1.0,16.1,30.3775
