method,seed_num,num_sims,E_activated_users,variance,std_deviation,avg_steps,total_steps,log_alpha_slope,log_beta_slope,degree_power_h,E_redemptions,comprehensive_score
random,20,600,2.925,2.7027083333333333,1.643991585542132,2.6385,52.77,0.1,0.6,1.0,2.935,8.207
degreeTopM,20,600,1.9733333333333327,1.6259555555555556,1.275129623040558,2.157166666666667,43.14333333333334,0.1,0.6,1.0,2.0016666666666665,6.301833333333334
pageRank,20,600,2.091666666666667,1.673263888888889,1.293547018429902,2.2025,44.05,0.1,0.6,1.0,2.1266666666666665,6.514166666666667
alpha_sort,20,600,5.8966666666666665,4.125988888888889,2.031253034185768,2.4450833333333333,48.90166666666666,0.1,0.6,1.0,5.953333333333333,10.815166666666666
ris_path_aware,20,600,6.303981333142549,4.422506285332222,1.8995898680153744,3.3048303192829644,59.98666666666666,0.1,0.6,1.0,6.47012292144947,11.660333333333334
1hop_sort,20,600,5.886666666666667,4.043822222222222,2.0109257127557503,2.461,49.22,0.1,0.6,1.0,6.006666666666667,10.868666666666668
