method,seed_num,num_sims,E_activated_users,variance,std_deviation,avg_steps,total_steps,E_redemptions,comprehensive_score,usage_rate,random_dirichlet,degree_exponent_succ,degree_exponent_dis,degree_exponent_tran
random,100,500,80.33,10.913100000000002,3.3034981459053374,4.135280000000001,413.5280000000001,82.74,122.8878,0.8273999999999999,"[10, 10, 10]",0.1,0.1,0.1
degreeTopM,100,500,86.198,10.590796,3.2543503191881475,4.544560000000001,454.4560000000001,90.86,133.9746,0.9086,"[10, 10, 10]",0.1,0.1,0.1
pageRank,100,500,85.636,10.275504000000002,3.2055426997623977,4.492679999999999,449.2679999999999,89.83,132.6598,0.8983,"[10, 10, 10]",0.1,0.1,0.1
alpha_sort,100,500,41.29,23.9459,4.893454812297749,1.53868,153.868,42.208,57.135799999999996,0.42208,"[10, 10, 10]",0.1,0.1,0.1
ris_optimized,100,500,90.66,8.1604,2.8566413845633476,4.65546,465.546,93.258,138.5136,0.93258,"[10, 10, 10]",0.1,0.1,0.1
monterCarlo_CELF,100,500,91.844,6.5196640000000015,2.553363272235269,4.69496,469.496,93.934,139.83859999999999,0.93934,"[10, 10, 10]",0.1,0.1,0.1
