method,seed_num,num_sims,E_activated_users,variance,std_deviation,avg_steps,total_steps,E_redemptions,comprehensive_score,usage_rate,random_dirichlet,degree_exponent_succ,degree_exponent_dis,degree_exponent_tran
random,150,500,123.318,14.256876,3.775827856245568,4.290426666666667,643.5640000000001,129.146,190.5884,0.8609733333333333,"[10, 10, 10]",0.1,0.1,0.1
degreeTopM,150,500,127.56,15.450400000000002,3.9306996832625107,4.56916,685.374,137.222,200.9284,0.9148133333333334,"[10, 10, 10]",0.1,0.1,0.1
pageRank,150,500,128.202,15.805196000000002,3.9755749269759715,4.549893333333333,682.484,136.564,200.63139999999999,0.9104266666666666,"[10, 10, 10]",0.1,0.1,0.1
alpha_sort,150,500,66.892,32.89233599999999,5.735184042382597,1.7971333333333332,269.57,69.54,95.173,0.46360000000000007,"[10, 10, 10]",0.1,0.1,0.1
ris_optimized,150,500,133.402,14.544395999999999,3.813711577977548,4.6558,698.37,140.164,206.62,0.9344266666666666,"[10, 10, 10]",0.1,0.1,0.1
monterCarlo_CELF,150,500,135.87,12.737099999999998,3.5689073958285884,4.701186666666667,705.178,141.328,209.1168,0.9421866666666667,"[10, 10, 10]",0.1,0.1,0.1
