method,seed_num,num_sims,E_activated_users,variance,std_deviation,avg_steps,total_steps,E_redemptions,comprehensive_score,usage_rate,random_dirichlet,degree_exponent_succ,degree_exponent_dis,degree_exponent_tran
random,50,500,38.3,4.069999999999999,2.0174241001832014,3.8813599999999995,194.06799999999998,38.65,57.8818,0.773,"[10, 10, 10]",0.1,0.1,0.1
degreeTopM,50,500,44.548,4.635696,2.153066650152754,4.6122000000000005,230.61,46.08,68.375,0.9216,"[10, 10, 10]",0.1,0.1,0.1
pageRank,50,500,43.426,4.312524000000002,2.0766617442424273,4.51228,225.61399999999998,44.888,66.7184,0.89776,"[10, 10, 10]",0.1,0.1,0.1
alpha_sort,50,500,20.018,10.933676000000004,3.306610953831733,1.49352,74.676,20.52,27.7366,0.4104,"[10, 10, 10]",0.1,0.1,0.1
ris_optimized,50,500,46.008,3.639936,1.9078616302027775,4.66296,233.148,46.676,69.6568,0.93352,"[10, 10, 10]",0.1,0.1,0.1
monterCarlo_CELF,50,500,46.306,3.4203640000000006,1.849422612601025,4.702520000000001,235.12600000000003,47.034,70.18260000000001,0.94068,"[10, 10, 10]",0.1,0.1,0.1
