method,seed_num,num_sims,E_activated_users,variance,std_deviation,avg_steps,total_steps,E_redemptions,comprehensive_score,usage_rate,random_dirichlet,degree_exponent_succ,degree_exponent_dis,degree_exponent_tran
random,90,500,73.884,8.658544,2.9425403990429766,4.2232666666666665,380.094,75.628,112.7654,0.8403111111111111,"[10, 10, 10]",0.1,0.1,0.1
degreeTopM,90,500,78.034,9.116844,3.0194112008800658,4.551288888888888,409.61599999999993,81.832,120.8946,0.9092444444444444,"[10, 10, 10]",0.1,0.1,0.1
pageRank,90,500,77.012,9.247856000000002,3.04102877329367,4.492333333333334,404.31000000000006,80.628,119.251,0.8958666666666667,"[10, 10, 10]",0.1,0.1,0.1
alpha_sort,90,500,36.948,20.729296,4.552943663170016,1.5192444444444446,136.73200000000003,37.806,51.0502,0.42006666666666664,"[10, 10, 10]",0.1,0.1,0.1
ris_optimized,90,500,80.938,7.302156000000001,2.7022501734665503,4.6616,419.544,83.946,124.3964,0.9327333333333333,"[10, 10, 10]",0.1,0.1,0.1
monterCarlo_CELF,90,500,82.102,6.931596,2.6327924338997937,4.683133333333333,421.48199999999997,84.254,125.3262,0.9361555555555556,"[10, 10, 10]",0.1,0.1,0.1
