method,seed_num,num_sims,E_activated_users,variance,std_deviation,avg_steps,total_steps,E_redemptions,comprehensive_score,usage_rate,random_dirichlet,degree_exponent_succ,degree_exponent_dis,degree_exponent_tran
random,10,500,8.466,0.6728439999999999,0.8202706870295926,4.329,43.29,8.488,12.806000000000001,0.8488,"[10, 10, 10]",0.1,0.1,0.1
degreeTopM,10,500,9.168,0.7237760000000001,0.8507502571260265,4.700799999999999,47.007999999999996,9.266,13.9178,0.9266,"[10, 10, 10]",0.1,0.1,0.1
pageRank,10,500,9.092,0.771536,0.8783712199292506,4.6696,46.696,9.198,13.814599999999999,0.9198000000000001,"[10, 10, 10]",0.1,0.1,0.1
alpha_sort,10,500,4.022,2.3615159999999995,1.536722486332519,1.5038000000000002,15.038000000000002,4.102,5.5658,0.4102,"[10, 10, 10]",0.1,0.1,0.1
ris_optimized,10,500,9.388,0.5534560000000001,0.743946234616454,4.7772,47.772,9.434,14.188199999999998,0.9433999999999999,"[10, 10, 10]",0.1,0.1,0.1
monterCarlo_CELF,10,500,9.398,0.543596,0.7372896310134844,4.789,47.89,9.46,14.218,0.9460000000000001,"[10, 10, 10]",0.1,0.1,0.1
