method,seed_num,num_sims,E_activated_users,variance,std_deviation,avg_steps,total_steps,E_redemptions,comprehensive_score,usage_rate,random_dirichlet,degree_exponent_succ,degree_exponent_dis,degree_exponent_tran
random,250,500,200.002,29.093995999999997,5.393885056246564,4.281544,1070.386,215.066,314.57259999999997,0.860264,"[10, 10, 10]",0.1,0.1,0.1
degreeTopM,250,500,207.774,26.538923999999998,5.151594316325772,4.58256,1145.64,229.292,333.09700000000004,0.917168,"[10, 10, 10]",0.1,0.1,0.1
pageRank,250,500,206.638,31.650956,5.6259182361637645,4.505584,1126.396,225.552,328.7346,0.902208,"[10, 10, 10]",0.1,0.1,0.1
alpha_sort,250,500,138.134,45.536044,6.748040011736741,2.9085840000000003,727.1460000000001,161.41,222.4866,0.64564,"[10, 10, 10]",0.1,0.1,0.1
ris_optimized,250,500,215.812,24.676656,4.96756036702122,4.630407999999999,1157.6019999999999,232.134,339.7332,0.9285359999999999,"[10, 10, 10]",0.1,0.1,0.1
monterCarlo_CELF,250,500,219.426,23.140524,4.810459853278062,4.691928,1172.982,234.844,344.4332,0.939376,"[10, 10, 10]",0.1,0.1,0.1
