method,seed_num,num_sims,E_activated_users,variance,std_deviation,avg_steps,total_steps,E_redemptions,comprehensive_score,usage_rate,random_dirichlet,degree_exponent_succ,degree_exponent_dis,degree_exponent_tran
random,200,500,161.442,21.326635999999997,4.618077089005769,4.254969999999999,850.9939999999998,170.034,250.8374,0.85017,"[10, 10, 10]",0.1,0.1,0.1
degreeTopM,200,500,168.28,22.277599999999996,4.719915253476485,4.6013,920.26,184.082,268.207,0.92041,"[10, 10, 10]",0.1,0.1,0.1
pageRank,200,500,168.594,22.421163999999997,4.735099154188854,4.53281,906.5619999999999,181.3,265.6032,0.9065000000000001,"[10, 10, 10]",0.1,0.1,0.1
alpha_sort,200,500,103.306,41.584363999999994,6.448593955274281,2.4800500000000003,496.01000000000005,115.166,158.837,0.57583,"[10, 10, 10]",0.1,0.1,0.1
ris_optimized,200,500,175.888,18.667455999999998,4.320585145556096,4.65503,931.006,186.51,274.2996,0.93255,"[10, 10, 10]",0.1,0.1,0.1
monterCarlo_CELF,200,500,176.682,18.592876,4.311945732497105,4.65559,931.118,186.308,274.6068,0.9315399999999999,"[10, 10, 10]",0.1,0.1,0.1
