method,seed_num,num_sims,E_activated_users,variance,std_deviation,avg_steps,total_steps,E_redemptions,comprehensive_score,usage_rate,random_dirichlet,degree_exponent_succ,degree_exponent_dis,degree_exponent_tran
random,70,500,57.576,6.968224,2.6397393810753362,4.167342857142858,291.71400000000006,58.626,87.2724,0.8375142857142857,"[10, 10, 10]",0.1,0.1,0.1
degreeTopM,70,500,60.984,6.175743999999999,2.485104424365302,4.510057142857143,315.704,63.518,93.82140000000001,0.9074,"[10, 10, 10]",0.1,0.1,0.1
pageRank,70,500,60.886,6.465004,2.5426372136032307,4.484171428571428,313.89199999999994,63.226,93.4452,0.9032285714285714,"[10, 10, 10]",0.1,0.1,0.1
alpha_sort,70,500,28.878,15.059116,3.880607684371096,1.5261142857142855,106.82799999999999,29.508,39.8758,0.4215428571428571,"[10, 10, 10]",0.1,0.1,0.1
ris_optimized,70,500,63.442,6.046636,2.4589908499219755,4.617485714285714,323.224,65.314,96.7004,0.9330571428571428,"[10, 10, 10]",0.1,0.1,0.1
monterCarlo_CELF,70,500,64.428,5.5488159999999995,2.355592494469279,4.640371428571429,324.826,65.57,97.4816,0.9367142857142856,"[10, 10, 10]",0.1,0.1,0.1
