method,seed_num,num_sims,E_activated_users,variance,std_deviation,avg_steps,total_steps,E_redemptions,comprehensive_score,usage_rate,random_dirichlet,degree_exponent_succ,degree_exponent_dis,degree_exponent_tran
random,30,500,26.346,2.4342839999999994,1.5602192153668661,4.3754,131.262,26.516,39.557199999999995,0.8838666666666666,"[10, 10, 10]",0.1,0.1,0.1
degreeTopM,30,500,27.448,2.3152960000000005,1.5216096739965872,4.649133333333333,139.474,28.052,41.6974,0.9350666666666666,"[10, 10, 10]",0.1,0.1,0.1
pageRank,30,500,27.464,2.476704,1.573754745822868,4.645133333333333,139.35399999999998,28.046,41.6904,0.9348666666666666,"[10, 10, 10]",0.1,0.1,0.1
alpha_sort,30,500,12.376,6.694624,2.5873971477142814,1.532,45.96,12.6,17.084,0.42,"[10, 10, 10]",0.1,0.1,0.1
ris_optimized,30,500,27.558,2.1546360000000004,1.4678678414625754,4.592333333333333,137.77,27.824,41.468,0.9274666666666668,"[10, 10, 10]",0.1,0.1,0.1
monterCarlo_CELF,30,500,28.15,1.8555000000000001,1.3621673905948564,4.716200000000001,141.48600000000002,28.44,42.4436,0.9480000000000001,"[10, 10, 10]",0.1,0.1,0.1
