method,seed_num,num_sims,E_activated_users,variance,std_deviation,avg_steps,total_steps,log_alpha_slope,log_beta_slope,degree_power_h,E_redemptions,comprehensive_score
random,20,600,11.458333333333334,4.398263888888889,2.097203826262218,6.04175,120.83500000000001,0.1,0.6,5.0,11.881666666666666,23.753500000000003
degreeTopM,20,600,9.078333333333333,4.178863888888889,2.044226966089844,4.503666666666667,90.07333333333334,0.1,0.6,5.0,9.346666666666666,18.219833333333334
pageRank,20,600,9.063333333333333,4.1926555555555565,2.0475975081923585,4.3847499999999995,87.695,0.1,0.6,5.0,9.323333333333334,17.962833333333332
alpha_sort,20,600,14.131666666666666,3.627663888888889,1.904642719485439,4.619166666666667,92.38333333333333,0.1,0.6,5.0,14.505,23.556666666666665
ris_path_aware,20,600,14.618333333333334,3.8593305555555557,1.9645178939260277,7.536499999999999,150.73,0.1,0.6,5.0,14.938333333333333,29.851333333333333
1hop_sort,20,600,13.826666666666666,3.713288888888889,1.926989592314626,4.464416666666667,89.28833333333333,0.1,0.6,5.0,14.973333333333333,23.328833333333332
