method,seed_num,num_sims,E_activated_users,variance,std_deviation,avg_steps,total_steps,log_alpha_slope,log_beta_slope,degree_power_h,E_redemptions,comprehensive_score
random,80,600,43.458333333333336,16.331597222222225,4.041237090572913,5.767520833333333,461.40166666666664,0.1,0.6,5.0,47.806666666666665,91.77266666666667
degreeTopM,80,600,37.038333333333334,15.010197222222223,3.874299578275049,5.439895833333333,435.1916666666666,0.1,0.6,5.0,40.641666666666666,82.35916666666667
pageRank,80,600,40.425,16.694374999999997,4.085875059274328,5.725979166666666,458.07833333333326,0.1,0.6,5.0,44.541666666666664,88.29116666666667
alpha_sort,80,600,47.97666666666667,15.839455555555555,3.979881349431859,5.122083333333333,409.76666666666665,0.1,0.6,5.0,52.678333333333335,91.30416666666667
ris_path_aware,80,600,48.39,15.857899999999997,3.9821978855903177,6.657833333333333,532.6266666666666,0.1,0.6,5.0,52.75666666666667,103.836
1hop_sort,80,600,47.181666666666665,14.978663888888889,3.8702278859117443,5.004499999999999,400.35999999999996,0.1,0.6,5.0,55.306666666666665,91.28016666666667
