method,seed_num,num_sims,E_activated_users,variance,std_deviation,avg_steps,total_steps,log_alpha_slope,log_beta_slope,degree_power_h,E_redemptions,comprehensive_score
random,188,600,88.39666666666666,31.969322222222225,5.654142041213877,6.018289007092198,1131.4383333333333,0.1,0.6,5.0,108.37333333333333,211.52883333333332
degreeTopM,188,600,82.49,29.60656666666667,5.441191658696344,5.820718085106383,1094.2949999999998,0.1,0.6,5.0,103.875,202.612
pageRank,188,600,86.74833333333333,30.798330555555555,5.549624361662288,6.025718085106384,1132.835,0.1,0.6,5.0,110.715,212.0151666666667
alpha_sort,188,600,94.39666666666666,31.945988888888884,5.6520782804990315,5.641817375886525,1060.6616666666666,0.1,0.6,5.0,116.56333333333333,211.54616666666666
ris_path_aware,188,600,93.27,32.850433333333335,5.731529755077028,6.209831560283687,1167.4483333333333,0.1,0.6,5.0,112.08,219.41983333333332
1hop_sort,188,600,94.06833333333333,31.16366388888889,5.5824424662408205,5.6624911347517735,1064.5483333333334,0.1,0.6,5.0,123.13833333333334,215.05816666666666
