method,seed_num,num_sims,E_activated_users,variance,std_deviation,avg_steps,total_steps,log_alpha_slope,log_beta_slope,degree_power_h,E_redemptions,comprehensive_score
random,92,600,49.723333333333336,17.05678888888889,4.129986548269726,5.911376811594203,543.8466666666667,0.1,0.6,5.0,56.04666666666667,107.26966666666668
degreeTopM,92,600,44.123333333333335,17.248122222222225,4.153085867427042,5.480036231884058,504.1633333333333,0.1,0.6,5.0,50.641666666666666,97.79883333333333
pageRank,92,600,46.22666666666667,16.46528888888889,4.057744310437622,5.595851449275362,514.8183333333334,0.1,0.6,5.0,51.75,100.47016666666667
alpha_sort,92,600,54.52333333333333,16.406122222222223,4.050447163242871,5.267173913043479,484.58000000000004,0.1,0.6,5.0,61.23166666666667,106.3355
ris_path_aware,92,600,55.255,19.339975000000003,4.397723843080645,6.451358695652173,593.525,0.1,0.6,5.0,60.86333333333334,117.41166666666666
1hop_sort,92,600,54.983333333333334,17.743055555555557,4.2122506520333705,5.310253623188406,488.54333333333335,0.1,0.6,5.0,64.82166666666667,108.75683333333333
