method,seed_num,num_sims,E_activated_users,variance,std_deviation,avg_steps,total_steps,log_alpha_slope,log_beta_slope,degree_power_h,E_redemptions,comprehensive_score
random,164,600,81.15833333333333,29.266597222222227,5.4098611093282445,5.88229674796748,964.6966666666667,0.1,0.6,5.0,95.69333333333333,184.89550000000003
degreeTopM,164,600,76.735,25.68810833333333,5.068343746563894,5.763231707317074,945.1700000000001,0.1,0.6,5.0,94.55666666666667,180.16283333333337
pageRank,164,600,78.72333333333333,27.410122222222224,5.2354677176181905,6.021646341463414,987.5499999999998,0.1,0.6,5.0,96.45,186.34166666666667
alpha_sort,164,600,86.80333333333333,30.451322222222224,5.518271669845752,5.569634146341464,913.4200000000001,0.1,0.6,5.0,104.13,186.80866666666668
ris_path_aware,164,600,86.61833333333334,29.395997222222224,5.421807560419516,6.25869918699187,1026.4266666666667,0.1,0.6,5.0,101.1,196.50183333333337
1hop_sort,164,600,85.565,26.822441666666666,5.179038681711758,5.524817073170731,906.0699999999999,0.1,0.6,5.0,107.235,187.007
