method,seed_num,num_sims,E_activated_users,variance,std_deviation,avg_steps,total_steps,log_alpha_slope,log_beta_slope,degree_power_h,E_redemptions,comprehensive_score
random,152,600,75.74,27.04573333333333,5.200551252832081,5.995076754385965,911.2516666666668,0.1,0.6,5.0,91.025,174.5076666666667
degreeTopM,152,600,70.58833333333334,24.165530555555556,4.9158448465706845,6.059703947368421,921.0749999999999,0.1,0.6,5.0,86.39,170.5966666666667
pageRank,152,600,73.375,23.627708333333334,4.860834119092456,6.216052631578947,944.8399999999999,0.1,0.6,5.0,89.56666666666666,175.95483333333334
alpha_sort,152,600,81.72666666666667,26.081955555555552,5.107049593998041,5.62953947368421,855.6899999999999,0.1,0.6,5.0,99.645,176.25483333333335
ris_path_aware,152,600,82.99166666666666,28.331597222222225,5.3227433924830745,6.471052631578948,983.6,0.1,0.6,5.0,98.60166666666667,189.1566666666667
1hop_sort,152,600,81.58,27.290266666666668,5.224008677889678,5.67186403508772,862.1233333333333,0.1,0.6,5.0,104.24166666666666,179.12316666666666
