method,seed_num,num_sims,E_activated_users,variance,std_deviation,avg_steps,total_steps,log_alpha_slope,log_beta_slope,degree_power_h,E_redemptions,comprehensive_score
random,176,600,87.445,29.38364166666667,5.420668009264787,6.0823200757575755,1070.4883333333332,0.1,0.6,5.0,107.575,204.55883333333333
degreeTopM,176,600,80.94666666666667,27.993822222222224,5.290918844796452,5.961477272727272,1049.2199999999998,0.1,0.6,5.0,100.94833333333334,195.8695
pageRank,176,600,83.44833333333334,28.060663888888886,5.297231719387862,6.130672348484849,1078.9983333333334,0.1,0.6,5.0,104.615,201.93150000000003
alpha_sort,176,600,91.56666666666666,28.792222222222225,5.365838445408343,5.6886647727272734,1001.2050000000002,0.1,0.6,5.0,113.62,202.71383333333335
ris_path_aware,176,600,91.95333333333333,30.907822222222226,5.559480391387511,6.397660984848485,1125.9883333333332,0.1,0.6,5.0,109.70666666666666,213.42883333333333
1hop_sort,176,600,90.655,33.755975,5.8099892426750674,5.639261363636363,992.5099999999999,0.1,0.6,5.0,118.38166666666666,203.76933333333332
