method,seed_num,num_sims,E_activated_users,variance,std_deviation,avg_steps,total_steps,log_alpha_slope,log_beta_slope,degree_power_h,E_redemptions,comprehensive_score
random,56,600,29.883333333333333,12.883055555555556,3.589297362375477,5.850744047619047,327.64166666666665,0.1,0.6,5.0,31.705,63.55833333333334
degreeTopM,56,600,25.968333333333334,11.997330555555555,3.463716292590309,5.247857142857142,293.87999999999994,0.1,0.6,5.0,27.6,56.17216666666666
pageRank,56,600,27.455,13.104641666666666,3.6200333792199575,5.608005952380952,314.04833333333335,0.1,0.6,5.0,28.85333333333333,59.559
alpha_sort,56,600,34.596666666666664,11.350655555555555,3.369073397175484,5.081041666666667,284.53833333333336,0.1,0.6,5.0,37.14833333333333,64.32633333333334
ris_path_aware,56,600,35.778333333333336,10.439197222222223,3.230974655150087,6.7993154761904755,380.76166666666666,0.1,0.6,5.0,37.67166666666667,74.80116666666666
1hop_sort,56,600,34.67,9.794433333333336,3.1296059389855038,5.108690476190476,286.08666666666664,0.1,0.6,5.0,39.50833333333333,65.69783333333334
