method,seed_num,num_sims,E_activated_users,variance,std_deviation,avg_steps,total_steps,E_redemptions,comprehensive_score,usage_rate,random_dirichlet,degree_exponent_succ,degree_exponent_dis,degree_exponent_tran
random,50,500,40.69,4.1339,2.0331994491441314,4.085839999999999,204.29199999999997,41.068,61.3082,0.82136,"[10, 10, 10]",0.1,0.1,0.1
degreeTopM,50,500,45.226,3.762924,1.9398257653717252,4.681439999999999,234.07199999999997,47.14,69.5902,0.9428,"[10, 10, 10]",0.1,0.1,0.1
pageRank,50,500,42.47,3.993100000000001,1.9982742554514386,4.33892,216.946,43.542,64.70060000000001,0.8708400000000001,"[10, 10, 10]",0.1,0.1,0.1
alpha_sort,50,500,18.57,10.813099999999999,3.2883278425363853,1.3513600000000001,67.56800000000001,18.77,25.426800000000004,0.3754,"[10, 10, 10]",0.1,0.1,0.1
ris_optimized,50,500,47.044,2.7500640000000005,1.6583316917914825,4.72828,236.414,47.576,70.9514,0.95152,"[10, 10, 10]",0.1,0.1,0.1
monterCarlo_CELF,50,500,47.146,2.5406839999999993,1.5939523204914252,4.7264800000000005,236.324,47.56,70.9854,0.9512,"[10, 10, 10]",0.1,0.1,0.1
