method,seed_num,num_sims,E_activated_users,variance,std_deviation,avg_steps,total_steps,E_redemptions,comprehensive_score,usage_rate,random_dirichlet,degree_exponent_succ,degree_exponent_dis,degree_exponent_tran
random,100,500,82.348,8.662896,2.943279803212736,4.18764,418.764,83.68,124.89040000000001,0.8368000000000001,"[10, 10, 10]",0.1,0.1,0.1
degreeTopM,100,500,85.69,8.733900000000002,2.9553172418540794,4.733899999999999,473.38999999999993,94.604,137.486,0.94604,"[10, 10, 10]",0.1,0.1,0.1
pageRank,100,500,86.102,9.599595999999998,3.0983214810603497,4.491740000000001,449.1740000000001,89.662,132.79940000000002,0.8966200000000001,"[10, 10, 10]",0.1,0.1,0.1
alpha_sort,100,500,36.874,23.322124,4.829298499782344,1.367,136.7,37.586,50.900000000000006,0.37585999999999997,"[10, 10, 10]",0.1,0.1,0.1
ris_optimized,100,500,92.918,6.679276000000001,2.5844295308636296,4.75758,475.758,95.046,141.5578,0.9504600000000001,"[10, 10, 10]",0.1,0.1,0.1
monterCarlo_CELF,100,500,93.058,6.2306360000000005,2.496124195628094,4.756380000000001,475.6380000000001,95.018,141.60180000000003,0.95018,"[10, 10, 10]",0.1,0.1,0.1
